date (day),average_score,date (week),average_score,date (month),average_score,date (year),average_score
2017-01-01,0.05236575342465753,2017-01-03,0.017067313915857606,2017-01-31,0.03806535387015013,2017-12-31,0.024350678650643894
2017-01-02,-0.04773977272727273,2017-01-10,0.05416314387211368,2017-02-28,0.04429148936170212,2018-12-31,0.009680961443694881
2017-01-03,0.038190540540540545,2017-01-17,0.04820980052038162,2017-03-31,0.035283519653804545,2019-12-31,0.003723985128994705
2017-01-04,0.054095,2017-01-24,0.034153942232630755,2017-04-30,0.017746453464534646,2020-12-31,0.0004881768871749594
2017-01-05,0.06644812834224598,2017-01-31,0.023522698412698412,2017-05-31,0.027485531203566123,2021-12-31,0.0007404097381717963
2017-01-06,0.034963963963963965,2017-02-07,0.03578094449047225,2017-06-30,0.027175716981132074,,
2017-01-07,0.013456976744186047,2017-02-14,0.052014643696162884,2017-07-31,0.030908995154834633,,
2017-01-08,0.06533376623376624,2017-02-21,0.05529510040160642,2017-08-31,-0.003245962093119077,,
2017-01-09,0.046715675675675666,2017-02-28,0.033271807628524046,2017-09-30,0.022583131333200872,,
2017-01-10,0.08588571428571427,2017-03-07,0.05820753646677472,2017-10-31,0.011697180667433832,,
2017-01-11,0.055791509433962265,2017-03-14,0.04958303425774878,2017-11-30,0.01631086057095573,,
2017-01-12,0.03917586206896552,2017-03-21,0.030803913738019172,2017-12-31,0.021617850877192982,,
2017-01-13,0.08670869565217391,2017-03-28,-0.0033662711864406772,2018-01-31,0.008867206222409081,,
2017-01-14,0.028709615384615382,2017-04-04,0.04128425063505504,2018-02-28,0.01545101683796195,,
2017-01-15,0.09623552631578948,2017-04-11,-0.0015056872037914693,2018-03-31,-0.007095033770361542,,
2017-01-16,-0.009096124031007749,2017-04-18,0.01174447539461467,2018-04-30,-0.005830590762620837,,
2017-01-17,0.02694204545454545,2017-04-25,0.02850905923344948,2018-05-31,0.008120791886093232,,
2017-01-18,0.05956801801801802,2017-05-02,0.029596913078797724,2018-06-30,0.03118488372093023,,
2017-01-19,0.012604597701149427,2017-05-09,0.051731932773109245,2018-07-31,0.008746827182718271,,
2017-01-20,0.06549045801526718,2017-05-16,0.024260091743119265,2018-08-31,-0.005820937157185394,,
2017-01-21,0.054016513761467884,2017-05-23,0.010257504078303423,2018-09-30,0.012746463362981788,,
2017-01-22,-0.015275949367088608,2017-05-30,0.02164123524069028,2018-10-31,0.00302009327633113,,
2017-01-23,0.011637714285714286,2017-06-06,0.04678085456039441,2018-11-30,0.02633327811141023,,
2017-01-24,0.019428901734104043,2017-06-13,0.0339157770800628,2018-12-31,0.028124803243501074,,
2017-01-25,0.0036130841121495305,2017-06-20,0.0045118686868686865,2019-01-31,0.01128681392235609,,
2017-01-26,0.04560628019323672,2017-06-27,0.01707857733664185,2019-02-28,0.010112979136341581,,
2017-01-27,0.02059106382978723,2017-07-04,0.020837296260786193,2019-03-31,-0.014832153518123666,,
2017-01-28,-0.016707207207207215,2017-07-11,0.03850838709677419,2019-04-30,0.007102387795710811,,
2017-01-29,-0.1309513157894737,2017-07-18,0.03945234720992028,2019-05-31,0.022237302089930334,,
2017-01-30,0.09114788732394366,2017-07-25,0.01835280701754386,2019-06-30,0.00047415480427046404,,
2017-01-31,0.03420735294117647,2017-08-01,0.03649042076991942,2019-07-31,-0.013576743643573594,,
2017-02-01,0.048137391304347826,2017-08-08,0.04209935956084172,2019-08-31,-0.027626064735945487,,
2017-02-02,0.027488841201716737,2017-08-15,-0.02544754716981132,2019-09-30,0.021326754187415118,,
2017-02-03,0.04850286885245902,2017-08-22,-0.019925341841385596,2019-10-31,-0.009254099017839247,,
2017-02-04,0.027412621359223302,2017-08-29,-0.01267893258426966,2019-11-30,0.019276674208144797,,
2017-02-05,0.03817346938775509,2017-09-05,0.011478947368421052,2019-12-31,0.018692797992471772,,
2017-02-06,0.08047869822485208,2017-09-12,0.04302505873140172,2020-01-31,-0.0288659375,,
2017-02-07,-0.02468435754189944,2017-09-19,0.018392558528428093,2020-02-29,0.0012754716981132085,,
2017-02-08,0.06816600985221676,2017-09-26,0.013192041522491349,2020-03-31,0.001882695064509523,,
2017-02-09,-0.02232863636363636,2017-10-03,0.009539452495974236,2020-04-30,0.009196632795377566,,
2017-02-10,0.08138033472803347,2017-10-10,0.005169295302013422,2020-05-31,-0.006991626409017713,,
2017-02-11,0.06650094339622642,2017-10-17,0.0391205,2020-06-30,-0.050418032056990206,,
2017-02-12,0.1062590909090909,2017-10-24,0.03492352941176471,2020-07-31,-0.013864498766539581,,
2017-02-13,0.06271083743842365,2017-10-31,-0.027652863070539418,2020-08-31,0.00332872268528948,,
2017-02-14,0.0409045871559633,2017-11-07,0.01122092050209205,2020-09-30,-0.0036972662182686044,,
2017-02-15,0.08220925925925926,2017-11-14,0.011884918594687233,2020-10-31,0.008450275822712575,,
2017-02-16,0.0723139344262295,2017-11-21,0.008837724550898204,2020-11-30,0.037821040281579975,,
2017-02-17,0.11608780487804879,2017-11-28,0.030616161616161618,2020-12-31,0.04303502648050073,,
2017-02-18,0.020675,2017-12-05,0.028108985024958403,2021-01-31,-0.08464380802742466,,
2017-02-19,0.0105020202020202,2017-12-12,-0.005891746307558644,2021-02-28,-0.008633638497652581,,
2017-02-20,0.005358015267175572,2017-12-19,0.04332092609082814,2021-03-31,0.00032442540743836217,,
2017-02-21,0.003494179894179896,2017-12-26,0.02040522222222222,2021-04-30,0.0015847125435540076,,
2017-02-22,0.03937582417582418,2018-01-02,0.027218327183271836,2021-05-31,0.017676740914419696,,
2017-02-23,0.059948803827751196,2018-01-09,0.0024606261859582567,2021-06-30,0.030617441314553996,,
2017-02-24,-0.01543032786885246,2018-01-16,0.014688706563706563,2021-07-31,0.021045063801208866,,
2017-02-25,-0.01477232142857143,2018-01-23,-0.00554090106007067,2021-08-31,-0.004515486620885626,,
2017-02-26,0.03168625,2018-01-30,0.017634649910233394,2021-09-30,0.023082329317269074,,
2017-02-27,0.09348631578947368,2018-02-06,0.01189517857142857,2021-10-31,0.017183074753173485,,
2017-02-28,0.029377248677248682,2018-02-13,0.020756902356902356,2021-11-30,0.0290072141787319,,
2017-03-01,0.03333663793103448,2018-02-20,0.00018686067019400333,2021-12-31,0.022805432227735702,,
2017-03-02,0.0720467248908297,2018-02-27,0.033473467600700524,,,,
2017-03-03,0.12987510917030567,2018-03-06,0.007057167530224525,,,,
2017-03-04,0.05929809523809524,2018-03-13,-0.0017878005342831706,,,,
2017-03-05,-2.6865671641796373e-05,2018-03-20,-0.030174978867286557,,,,
2017-03-06,0.03283060109289618,2018-03-27,-0.005984363636363636,,,,
2017-03-07,0.02974285714285714,2018-04-03,-0.003931728045325778,,,,
2017-03-08,0.05274619289340102,2018-04-10,-0.015609769585253454,,,,
2017-03-09,0.022813807531380754,2018-04-17,-0.008754585537918871,,,,
2017-03-10,0.02528073394495413,2018-04-24,0.004235376044568246,,,,
2017-03-11,-0.02143333333333333,2018-05-01,0.009407964601769913,,,,
2017-03-12,0.1818567901234568,2018-05-08,-0.0014430182133564598,,,,
2017-03-13,0.07437326203208557,2018-05-15,0.021685230234578627,,,,
2017-03-14,0.06426782178217823,2018-05-22,0.0063298469387755105,,,,
2017-03-15,0.0382953488372093,2018-05-29,0.009737275307473982,,,,
2017-03-16,0.025228395061728397,2018-06-05,0.025688180272108847,,,,
2017-03-17,0.05774244897959184,2018-06-12,0.039320628183361635,,,,
2017-03-18,-0.03278867924528302,2018-06-19,0.01034412265758092,,,,
2017-03-19,0.05294047619047619,2018-06-26,0.02623729957805907,,,,
2017-03-20,0.022640697674418602,2018-07-03,0.038934898139946855,,,,
2017-03-21,0.027754010695187167,2018-07-10,0.025767329842931938,,,,
2017-03-22,0.002214285714285715,2018-07-17,0.011098102466793169,,,,
2017-03-23,0.024160747663551405,2018-07-24,0.004621958456973293,,,,
2017-03-24,-0.03943881856540085,2018-07-31,-0.019094461228600205,,,,
2017-03-25,-0.008026041666666662,2018-08-07,-0.021807951070336392,,,,
2017-03-26,0.03623974358974359,2018-08-14,0.014776176176176176,,,,
2017-03-27,-0.028892638036809817,2018-08-21,-0.003327777777777778,,,,
2017-03-28,0.012741798941798943,2018-08-28,-0.014044748700173311,,,,
2017-03-29,0.06350784313725491,2018-09-04,0.014796335078534029,,,,
2017-03-30,0.05298303571428571,2018-09-11,0.026415982532751094,,,,
2017-03-31,0.016138938053097344,2018-09-18,0.015825212224108657,,,,
2017-04-01,0.039782568807339456,2018-09-25,-0.017468706293706296,,,,
2017-04-02,0.05898271604938271,2018-10-02,0.02852818336162988,,,,
2017-04-03,0.07209401197604791,2018-10-09,0.056979877515310584,,,,
2017-04-04,-0.005106470588235295,2018-10-16,-0.02758456318914334,,,,
2017-04-05,0.03180717488789238,2018-10-23,0.006394653812445223,,,,
2017-04-06,0.01826,2018-10-30,-0.021318804920913884,,,,
2017-04-07,-0.02202277580071174,2018-11-06,0.05166583801122695,,,,
2017-04-08,0.0013820754716981128,2018-11-13,0.033533806566104704,,,,
2017-04-09,0.03376233766233767,2018-11-20,8.867427568042237e-06,,,,
2017-04-10,0.02154754098360656,2018-11-27,0.014224971231300345,,,,
2017-04-11,-0.0825301204819277,2018-12-04,0.011177797051170859,,,,
2017-04-12,-0.0031056410256410276,2018-12-11,0.04241356088560886,,,,
2017-04-13,0.024613,2018-12-18,0.02508258754863813,,,,
2017-04-14,0.047354455445544556,2018-12-25,0.015723946784922397,,,,
2017-04-15,-0.010736734693877549,2019-01-01,0.03708540829986613,,,,
2017-04-16,-0.047984285714285715,2019-01-08,0.0077169346195069665,,,,
2017-04-17,-0.015169333333333335,2019-01-15,0.01994662162162162,,,,
2017-04-18,0.03365864197530864,2019-01-22,-0.006925024342745862,,,,
2017-04-19,0.09796212121212121,2019-01-29,0.020095898437500002,,,,
2017-04-20,0.014514999999999998,2019-02-05,0.005206207674943565,,,,
2017-04-21,-0.019871844660194173,2019-02-12,-0.0015817843866171007,,,,
2017-04-22,-0.018664130434782603,2019-02-19,-0.0020663801337153774,,,,
2017-04-23,0.07566835443037975,2019-02-26,0.0240536312849162,,,,
2017-04-24,0.00508411764705882,2019-03-05,0.02191900826446281,,,,
2017-04-25,0.049766120218579235,2019-03-12,0.008192399267399269,,,,
2017-04-26,0.048036842105263156,2019-03-19,-0.05678596171376481,,,,
2017-04-27,0.019999539170506914,2019-03-26,-0.012318462980318651,,,,
2017-04-28,0.052131707317073166,2019-04-02,-0.012171481140754371,,,,
2017-04-29,-0.05631134020618557,2019-04-09,0.013778810408921933,,,,
2017-04-30,0.011746153846153852,2019-04-16,0.05322637263726372,,,,
2017-05-01,0.03603315217391304,2019-04-23,-0.0011925521350546178,,,,
2017-05-02,0.037395721925133685,2019-04-30,-0.029066137040714996,,,,
2017-05-03,0.15255962441314552,2019-05-07,0.006627573182247403,,,,
2017-05-04,0.030640291262135924,2019-05-14,0.021291873804971318,,,,
2017-05-05,0.046501626016260164,2019-05-21,0.030016164383561642,,,,
2017-05-06,0.010676086956521742,2019-05-28,0.031187987679671455,,,,
2017-05-07,0.0018531645569620293,2019-06-04,0.002247282608695653,,,,
2017-05-08,0.027219277108433738,2019-06-11,-0.0032819641170915947,,,,
2017-05-09,0.030146276595744682,2019-06-18,-0.02408174757281553,,,,
2017-05-10,-0.046946153846153846,2019-06-25,0.003695541401273887,,,,
2017-05-11,0.11210833333333334,2019-07-02,0.03339650092081031,,,,
2017-05-12,0.05437878787878788,2019-07-09,0.02659978021978022,,,,
2017-05-13,0.017429347826086957,2019-07-16,-0.029931818181818177,,,,
2017-05-14,0.05356020408163265,2019-07-23,-0.012120515463917526,,,,
2017-05-15,-0.007727222222222222,2019-07-30,-0.04824469214437367,,,,
2017-05-16,-0.04888192090395481,2019-08-06,-0.05692129353233831,,,,
2017-05-17,-0.006929166666666669,2019-08-13,-0.0442775956284153,,,,
2017-05-18,-0.003828017241379312,2019-08-20,-0.014183650615901456,,,,
2017-05-19,0.014678008298755187,2019-08-27,0.0052547461368653405,,,,
2017-05-20,0.019516470588235295,2019-09-03,0.00023534136546184793,,,,
2017-05-21,0.05470322580645161,2019-09-10,0.03440990606319386,,,,
2017-05-22,0.010766285714285713,2019-09-17,0.012807458563535911,,,,
2017-05-23,0.015177717391304347,2019-09-24,0.025782535211267606,,,,
2017-05-24,0.023473611111111112,2019-10-01,0.004844141689373297,,,,
2017-05-25,0.04381635514018691,2019-10-08,-0.013653488372093023,,,,
2017-05-26,0.010160909090909089,2019-10-15,0.0005875464684014871,,,,
2017-05-27,-0.06221927710843374,2019-10-22,0.008511605584642232,,,,
2017-05-28,0.03154141414141414,2019-10-29,-0.027850752878653677,,,,
2017-05-29,-0.020706930693069305,2019-11-05,0.007594018691588784,,,,
2017-05-30,0.06712857142857144,2019-11-12,0.0037628930817610057,,,,
2017-05-31,0.02480372340425532,2019-11-19,0.008208133086876155,,,,
2017-06-01,0.08900727272727271,2019-11-26,0.02204697247706422,,,,
2017-06-02,0.13446015325670496,2019-12-03,0.03776905055487053,,,,
2017-06-03,0.010877551020408164,2019-12-10,0.010774091778202677,,,,
2017-06-04,-0.05092380952380953,2019-12-17,0.021569175991861648,,,,
2017-06-05,0.027166875,2019-12-24,0.03905072314049587,,,,
2017-06-06,-0.013363243243243244,2019-12-31,0.010406119162640903,,,,
2017-06-07,0.06884675925925926,2020-01-07,-0.05891044957472661,,,,
2017-06-08,0.04428577405857741,2020-01-14,-0.028660306122448978,,,,
2017-06-09,0.07669051724137932,2020-01-21,-0.032927744510978046,,,,
2017-06-10,-0.08328761061946903,2020-01-28,-0.019954219030520647,,,,
2017-06-11,-0.04104952380952381,2020-02-04,0.01968605313092979,,,,
2017-06-12,0.07576514285714286,2020-02-11,-0.0064177055103884365,,,,
2017-06-13,0.002186082474226806,2020-02-18,-0.003425714285714284,,,,
2017-06-14,-0.04152433862433863,2020-02-25,0.010821823472356936,,,,
2017-06-15,0.03345603864734299,2020-03-03,0.013559300184162064,,,,
2017-06-16,0.04479063829787234,2020-03-10,-0.0001502814258911818,,,,
2017-06-17,-0.041491509433962265,2020-03-17,-0.01129448946515397,,,,
2017-06-18,0.029370754716981137,2020-03-24,-0.0008767695099818511,,,,
2017-06-19,-0.01429685534591195,2020-03-31,-0.003920207743153917,,,,
2017-06-20,-0.0036827956989247315,2020-04-07,-0.023053421052631577,,,,
2017-06-21,-0.01912464454976303,2020-04-14,-0.015527620783956244,,,,
2017-06-22,0.024542173913043475,2020-04-21,0.035367342505430846,,,,
2017-06-23,-0.0055393939393939395,2020-04-28,0.025195265700483093,,,,
2017-06-24,-0.08625222222222222,2020-05-05,0.022079576107899807,,,,
2017-06-25,0.024338834951456313,2020-05-12,-0.015536698113207546,,,,
2017-06-26,0.09260981595092026,2020-05-19,0.010038128078817732,,,,
2017-06-27,0.05789281767955801,2020-05-26,0.008228170594837261,,,,
2017-06-28,0.025645355191256828,2020-06-02,-0.08079097087378641,,,,
2017-06-29,0.004395169082125607,2020-06-09,-0.08819394572025052,,,,
2017-06-30,0.08067809523809523,2020-06-16,-0.046597049847405904,,,,
2017-07-01,-0.021779999999999997,2020-06-23,-0.029558207547169812,,,,
2017-07-02,-0.006649999999999996,2020-06-30,-0.01832974358974359,,,,
2017-07-03,0.028865100671140936,2020-07-07,0.007416967126193002,,,,
2017-07-04,-0.02272897196261682,2020-07-14,-0.01326,,,,
2017-07-05,0.0714764331210191,2020-07-21,-0.04742635897435897,,,,
2017-07-06,0.0692183962264151,2020-07-28,-0.009551789264413519,,,,
2017-07-07,0.04027305699481865,2020-08-04,-6.639427987743317e-06,,,,
2017-07-08,0.023015957446808507,2020-08-11,0.01137832512315271,,,,
2017-07-09,0.028109,2020-08-18,-0.02533952333664349,,,,
2017-07-10,0.028180281690140845,2020-08-25,0.01961775956284153,,,,
2017-07-11,-0.0046160427807486635,2020-09-01,-0.0030844778927563497,,,,
2017-07-12,0.066146875,2020-09-08,-0.03212320085929109,,,,
2017-07-13,0.08143452914798206,2020-09-15,-0.023192801556420232,,,,
2017-07-14,0.08053720930232558,2020-09-22,0.026884886877828054,,,,
2017-07-15,-0.08784578313253012,2020-09-29,0.019734068843777583,,,,
2017-07-16,0.07737628865979382,2020-10-06,0.007710475423045932,,,,
2017-07-17,-0.015059146341463417,2020-10-13,0.024418477331052183,,,,
2017-07-18,-0.00889354838709677,2020-10-20,-0.016085150375939848,,,,
2017-07-19,0.03932970297029703,2020-10-27,0.016688183421516758,,,,
2017-07-20,0.011387128712871288,2020-11-03,-0.00042752646775745935,,,,
2017-07-21,0.02548612440191388,2020-11-10,0.09643231972198088,,,,
2017-07-22,-0.012081052631578944,2020-11-17,0.017589645776566756,,,,
2017-07-23,-0.03796741573033707,2020-11-24,0.024272026641294006,,,,
2017-07-24,0.03823836477987421,2020-12-01,0.07158279430789133,,,,
2017-07-25,0.02063967391304348,2020-12-08,0.07104912451361868,,,,
2017-07-26,-0.015434946236559142,2020-12-15,0.018794221351616062,,,,
2017-07-27,0.05093333333333334,2020-12-22,0.027082782782782783,,,,
2017-07-28,0.07254809523809523,2020-12-29,0.03078298171589311,,,,
2017-07-29,0.03356395348837209,2021-01-05,0.018288070175438598,,,,
2017-07-30,0.08568333333333333,2021-01-12,-0.056563218390804595,,,,
2017-07-31,0.03699869281045751,2021-01-19,-0.059929781160799236,,,,
2017-08-01,0.002804191616766465,2021-01-26,0.03976459854014599,,,,
2017-08-02,0.07327885714285715,2021-02-02,-0.17724442119944211,,,,
2017-08-03,0.025242211055276388,2021-02-09,0.014696883593033913,,,,
2017-08-04,0.09197259615384615,2021-02-16,-0.01987584869059166,,,,
2017-08-05,0.01981724137931034,2021-02-23,-0.020604315196998124,,,,
2017-08-06,-0.0015441176470588221,2021-03-02,-0.010750654205607476,,,,
2017-08-07,0.03190920245398773,2021-03-09,0.008196091515729266,,,,
2017-08-08,0.014273584905660377,2021-03-16,0.027091102873030584,,,,
2017-08-09,-0.025457058823529412,2021-03-23,-0.036239530516431924,,,,
2017-08-10,0.022833333333333337,2021-03-30,-0.0031309056956115773,,,,
2017-08-11,0.014438578680203045,2021-04-06,0.018167017208413003,,,,
2017-08-12,-0.0971625,2021-04-13,-0.02092279069767442,,,,
2017-08-13,-0.003332653061224492,2021-04-20,-0.03792214221422142,,,,
2017-08-14,-0.07569151515151515,2021-04-27,0.014835426889106967,,,,
2017-08-15,-0.04949454545454545,2021-05-04,0.05684472876151484,,,,
2017-08-16,-0.03310793650793651,2021-05-11,0.0270015479876161,,,,
2017-08-17,-0.08800338983050847,2021-05-18,-0.011328886756238003,,,,
2017-08-18,0.022075348837209303,2021-05-25,0.021417716535433073,,,,
2017-08-19,-0.07922278481012658,2021-06-01,0.026000747863247863,,,,
2017-08-20,0.09039696969696971,2021-06-08,0.0370326248671626,,,,
2017-08-21,-0.013428930817610063,2021-06-15,0.05293244529019981,,,,
2017-08-22,-0.029753072625698325,2021-06-22,0.035003653444676416,,,,
2017-08-23,0.03616011904761905,2021-06-29,0.004929596853490659,,,,
2017-08-24,-0.03921625615763547,2021-07-06,-0.0043477220956719825,,,,
2017-08-25,0.03694619047619048,2021-07-13,-0.005150545094152626,,,,
2017-08-26,-0.053252325581395345,2021-07-20,0.003499365750528541,,,,
2017-08-27,-0.11062553191489362,2021-07-27,0.047667729831144465,,,,
2017-08-28,-0.006030519480519477,2021-08-03,0.0465083119108826,,,,
2017-08-29,-0.022918954248366014,2021-08-10,0.02239470699432892,,,,
2017-08-30,-0.036889349112426036,2021-08-17,-0.008462971428571426,,,,
2017-08-31,0.0318455,2021-08-24,-0.012106270627062706,,,,
2017-09-01,0.08639035532994924,2021-08-31,-0.03309353448275862,,,,
2017-09-02,-0.07543820224719101,2021-09-07,-0.008272737556561086,,,,
2017-09-03,0.011089814814814815,2021-09-14,-0.006544395410414829,,,,
2017-09-04,-0.028197959183673463,2021-09-21,0.03605714285714286,,,,
2017-09-05,0.017596363636363632,2021-09-28,0.0640231884057971,,,,
2017-09-06,0.05634246575342466,2021-10-05,0.02204812108559499,,,,
2017-09-07,0.09967488986784141,2021-10-12,0.0492677517802645,,,,
2017-09-08,0.0024121951219512184,2021-10-19,0.0024417106652587107,,,,
2017-09-09,0.05468785046728972,2021-10-26,0.013763313008130083,,,,
2017-09-10,0.010720967741935483,2021-11-02,0.009183999999999998,,,,
2017-09-11,0.01913225806451613,2021-11-09,0.05248137860082304,,,,
2017-09-12,0.046421608040201005,2021-11-16,0.020573593073593074,,,,
2017-09-13,0.0018903553299492411,2021-11-23,0.009543343343343343,,,,
2017-09-14,0.08002744186046512,2021-11-30,0.03223828647925034,,,,
2017-09-15,0.038899111111111113,2021-12-07,0.026435793731041456,,,,
2017-09-16,-0.00155862068965517,2021-12-14,0.024242093784078517,,,,
2017-09-17,0.01896875,2021-12-21,-0.002519658119658119,,,,
2017-09-18,0.0179103825136612,2021-12-28,0.05142270861833106,,,,
2017-09-19,-0.05423502824858757,2022-01-04,0.014513281250000003,,,,
2017-09-20,0.06414942528735632,,,,,,
2017-09-21,0.040953588516746416,,,,,,
2017-09-22,-0.0045358078602620085,,,,,,
2017-09-23,0.011921111111111106,,,,,,
2017-09-24,-0.014467647058823528,,,,,,
2017-09-25,-0.016462345679012346,,,,,,
2017-09-26,-0.0019100000000000028,,,,,,
2017-09-27,0.041104054054054054,,,,,,
2017-09-28,0.028764220183486233,,,,,,
2017-09-29,-0.017276106194690263,,,,,,
2017-09-30,-0.020537037037037034,,,,,,
2017-10-01,-0.0033008849557522113,,,,,,
2017-10-02,-0.016805319148936168,,,,,,
2017-10-03,0.028621649484536084,,,,,,
2017-10-04,0.0370828125,,,,,,
2017-10-05,0.04974059829059829,,,,,,
2017-10-06,-0.011474439461883408,,,,,,
2017-10-07,-0.17188977272727274,,,,,,
2017-10-08,0.0012028846153846152,,,,,,
2017-10-09,0.012269871794871795,,,,,,
2017-10-10,0.015633333333333332,,,,,,
2017-10-11,0.047897474747474744,,,,,,
2017-10-12,0.145868,,,,,,
2017-10-13,0.01699354838709678,,,,,,
2017-10-14,0.002066666666666663,,,,,,
2017-10-15,-0.02001515151515151,,,,,,
2017-10-16,0.035417415730337076,,,,,,
2017-10-17,-0.042083625730994154,,,,,,
2017-10-18,0.062360126582278484,,,,,,
2017-10-19,0.017179069767441858,,,,,,
2017-10-20,0.037982211538461534,,,,,,
2017-10-21,-0.04095365853658536,,,,,,
2017-10-22,0.09813333333333335,,,,,,
2017-10-23,-0.02600184049079754,,,,,,
2017-10-24,0.07928324873096447,,,,,,
2017-10-25,-0.0021894999999999987,,,,,,
2017-10-26,0.0162457399103139,,,,,,
2017-10-27,0.015786818181818183,,,,,,
2017-10-28,-0.12421234567901233,,,,,,
2017-10-29,0.02115529411764706,,,,,,
2017-10-30,-0.12023056994818652,,,,,,
2017-10-31,-0.0419320197044335,,,,,,
2017-11-01,-0.021332142857142862,,,,,,
2017-11-02,0.014488362068965517,,,,,,
2017-11-03,0.031878969957081546,,,,,,
2017-11-04,-0.11156179775280899,,,,,,
2017-11-05,0.09306363636363636,,,,,,
2017-11-06,-0.0045261146496815285,,,,,,
2017-11-07,0.043530687830687836,,,,,,
2017-11-08,0.032733027522935776,,,,,,
2017-11-09,-0.020504784688995213,,,,,,
2017-11-10,0.03348279069767442,,,,,,
2017-11-11,-0.06131086956521739,,,,,,
2017-11-12,0.006655263157894737,,,,,,
2017-11-13,0.02425595238095238,,,,,,
2017-11-14,0.025822222222222222,,,,,,
2017-11-15,0.0088933014354067,,,,,,
2017-11-16,0.05731447963800906,,,,,,
2017-11-17,0.05232374429223744,,,,,,
2017-11-18,-0.12495,,,,,,
2017-11-19,0.02634814814814815,,,,,,
2017-11-20,0.012108387096774193,,,,,,
2017-11-21,-0.0407904255319149,,,,,,
2017-11-22,0.0681925925925926,,,,,,
2017-11-23,0.14385154639175257,,,,,,
2017-11-24,0.056483200000000004,,,,,,
2017-11-25,-0.11632352941176471,,,,,,
2017-11-26,-0.006578082191780815,,,,,,
2017-11-27,0.07434264705882353,,,,,,
2017-11-28,-0.05786931818181818,,,,,,
2017-11-29,0.06275625,,,,,,
2017-11-30,0.008674999999999999,,,,,,
2017-12-01,0.07640162601626016,,,,,,
2017-12-02,-0.01829255319148936,,,,,,
2017-12-03,0.018416666666666668,,,,,,
2017-12-04,-0.04780481927710843,,,,,,
2017-12-05,0.04655721649484536,,,,,,
2017-12-06,0.09654837209302325,,,,,,
2017-12-07,0.0039028436018957342,,,,,,
2017-12-08,-0.02139144144144144,,,,,,
2017-12-09,-0.03414105263157895,,,,,,
2017-12-10,-0.06779759036144578,,,,,,
2017-12-11,-0.0034980132450331105,,,,,,
2017-12-12,-0.08169597701149425,,,,,,
2017-12-13,0.03355432692307692,,,,,,
2017-12-14,0.07041435406698564,,,,,,
2017-12-15,0.02296969696969697,,,,,,
2017-12-16,0.11491799999999999,,,,,,
2017-12-17,0.010417105263157889,,,,,,
2017-12-18,0.014056338028169016,,,,,,
2017-12-19,0.042768421052631574,,,,,,
2017-12-20,-0.022884408602150536,,,,,,
2017-12-21,0.02223756345177665,,,,,,
2017-12-22,0.0712520202020202,,,,,,
2017-12-23,0.008849275362318842,,,,,,
2017-12-24,-0.008754098360655745,,,,,,
2017-12-25,-0.05302794117647059,,,,,,
2017-12-26,0.0633206611570248,,,,,,
2017-12-27,0.03154285714285714,,,,,,
2017-12-28,0.07020537634408602,,,,,,
2017-12-29,0.01682828947368421,,,,,,
2017-12-30,0.0423948051948052,,,,,,
2017-12-31,-0.06643064516129032,,,,,,
2018-01-01,0.04362268041237114,,,,,,
2018-01-02,-0.005152499999999998,,,,,,
2018-01-03,-0.024384795321637422,,,,,,
2018-01-04,0.0028579487179487164,,,,,,
2018-01-05,0.010760386473429955,,,,,,
2018-01-06,0.05403661971830986,,,,,,
2018-01-07,0.007213924050632916,,,,,,
2018-01-08,-0.03815705128205128,,,,,,
2018-01-09,0.03156914285714286,,,,,,
2018-01-10,-0.02284777777777778,,,,,,
2018-01-11,0.08192985781990521,,,,,,
2018-01-12,0.018581249999999997,,,,,,
2018-01-13,-0.08303452380952381,,,,,,
2018-01-14,0.04221973684210527,,,,,,
2018-01-15,0.026611864406779664,,,,,,
2018-01-16,-0.007522012578616353,,,,,,
2018-01-17,0.027995857988165687,,,,,,
2018-01-18,-0.011995909090909094,,,,,,
2018-01-19,0.021133809523809527,,,,,,
2018-01-20,-0.15415576923076924,,,,,,
2018-01-21,0.06788815789473684,,,,,,
2018-01-22,-0.012588414634146342,,,,,,
2018-01-23,0.0007121693121693133,,,,,,
2018-01-24,-0.0012936170212766007,,,,,,
2018-01-25,-0.021404545454545454,,,,,,
2018-01-26,0.016561860465116277,,,,,,
2018-01-27,-0.03391071428571428,,,,,,
2018-01-28,0.09780987654320988,,,,,,
2018-01-29,0.01619671052631579,,,,,,
2018-01-30,0.06647704081632654,,,,,,
2018-01-31,0.036198529411764706,,,,,,
2018-02-01,0.03686093023255814,,,,,,
2018-02-02,0.05752524752475247,,,,,,
2018-02-03,-0.05449340659340659,,,,,,
2018-02-04,0.030757377049180325,,,,,,
2018-02-05,-0.018145454545454544,,,,,,
2018-02-06,-0.04137582417582418,,,,,,
2018-02-07,0.015872105263157892,,,,,,
2018-02-08,0.02100372093023256,,,,,,
2018-02-09,0.02364841628959276,,,,,,
2018-02-10,-0.0619957264957265,,,,,,
2018-02-11,-0.01786547619047619,,,,,,
2018-02-12,0.04014142011834319,,,,,,
2018-02-13,0.0722484375,,,,,,
2018-02-14,0.06919589743589744,,,,,,
2018-02-15,-0.0032177272727272723,,,,,,
2018-02-16,0.03581751152073733,,,,,,
2018-02-17,-0.13959532710280373,,,,,,
2018-02-18,-0.1450775,,,,,,
2018-02-19,0.06008203125,,,,,,
2018-02-20,-0.007986096256684491,,,,,,
2018-02-21,0.047857000000000004,,,,,,
2018-02-22,0.012119095477386934,,,,,,
2018-02-23,0.01136344537815126,,,,,,
2018-02-24,-0.032986666666666664,,,,,,
2018-02-25,0.015284722222222226,,,,,,
2018-02-26,0.08046139240506328,,,,,,
2018-02-27,0.07758411764705882,,,,,,
2018-02-28,0.008402072538860102,,,,,,
2018-03-01,0.01324037558685446,,,,,,
2018-03-02,-0.007384931506849317,,,,,,
2018-03-03,-0.07725699999999999,,,,,,
2018-03-04,0.0521625,,,,,,
2018-03-05,0.04629080459770115,,,,,,
2018-03-06,0.0025058479532163703,,,,,,
2018-03-07,0.05027894736842105,,,,,,
2018-03-08,0.006518396226415096,,,,,,
2018-03-09,-0.001696,,,,,,
2018-03-10,-0.03418375,,,,,,
2018-03-11,-0.03331978021978022,,,,,,
2018-03-12,-0.07157730061349693,,,,,,
2018-03-13,0.02583155080213903,,,,,,
2018-03-14,-0.08197524752475248,,,,,,
2018-03-15,0.025035682819383263,,,,,,
2018-03-16,-0.019157727272727274,,,,,,
2018-03-17,0.011301075268817205,,,,,,
2018-03-18,0.04357530864197531,,,,,,
2018-03-19,-0.0948329192546584,,,,,,
2018-03-20,-0.04984371859296482,,,,,,
2018-03-21,0.058990109890109894,,,,,,
2018-03-22,0.0013204444444444461,,,,,,
2018-03-23,0.001730303030303031,,,,,,
2018-03-24,-0.035040243902439025,,,,,,
2018-03-25,-0.03604698795180723,,,,,,
2018-03-26,-0.00876644736842105,,,,,,
2018-03-27,-0.060455056179775285,,,,,,
2018-03-28,-0.011962755102040817,,,,,,
2018-03-29,0.08142901554404144,,,,,,
2018-03-30,-0.03996358974358974,,,,,,
2018-03-31,-0.045034177215189874,,,,,,
2018-04-01,-0.04605125,,,,,,
2018-04-02,-0.039807741935483865,,,,,,
2018-04-03,0.022795652173913043,,,,,,
2018-04-04,-0.03691129032258064,,,,,,
2018-04-05,-0.007943720930232557,,,,,,
2018-04-06,0.008971038251366121,,,,,,
2018-04-07,-0.08223571428571429,,,,,,
2018-04-08,-0.03310348837209302,,,,,,
2018-04-09,-0.004381325301204821,,,,,,
2018-04-10,0.0028915151515151506,,,,,,
2018-04-11,0.02576417910447761,,,,,,
2018-04-12,-0.003112735849056605,,,,,,
2018-04-13,-0.01027251184834123,,,,,,
2018-04-14,-0.0953448275862069,,,,,,
2018-04-15,0.05521066666666667,,,,,,
2018-04-16,-0.039703225806451616,,,,,,
2018-04-17,-0.010210880829015546,,,,,,
2018-04-18,0.02504030612244898,,,,,,
2018-04-19,0.010036945812807884,,,,,,
2018-04-20,0.04088844221105528,,,,,,
2018-04-21,-0.014214285714285714,,,,,,
2018-04-22,-0.11448636363636364,,,,,,
2018-04-23,-0.04463986013986014,,,,,,
2018-04-24,0.0411233918128655,,,,,,
2018-04-25,-0.01776785714285714,,,,,,
2018-04-26,0.007587200000000001,,,,,,
2018-04-27,0.041312371134020615,,,,,,
2018-04-28,-0.059373076923076924,,,,,,
2018-04-29,-0.005365853658536584,,,,,,
2018-04-30,-7.484662576686837e-05,,,,,,
2018-05-01,0.055601197604790424,,,,,,
2018-05-02,-0.014648469387755101,,,,,,
2018-05-03,-0.0024866071428571433,,,,,,
2018-05-04,0.002814814814814812,,,,,,
2018-05-05,-0.02816315789473685,,,,,,
2018-05-06,-0.028537864077669898,,,,,,
2018-05-07,-0.018793877551020403,,,,,,
2018-05-08,0.04711413612565445,,,,,,
2018-05-09,0.04342608695652173,,,,,,
2018-05-10,0.020953521126760563,,,,,,
2018-05-11,0.03537623762376237,,,,,,
2018-05-12,-0.02237738095238095,,,,,,
2018-05-13,0.03102021276595745,,,,,,
2018-05-14,0.012179113924050631,,,,,,
2018-05-15,0.00725854922279793,,,,,,
2018-05-16,0.02608118811881188,,,,,,
2018-05-17,0.019999122807017544,,,,,,
2018-05-18,-0.009348372093023255,,,,,,
2018-05-19,0.05268333333333333,,,,,,
2018-05-20,0.039773684210526315,,,,,,
2018-05-21,-0.006595512820512821,,,,,,
2018-05-22,-0.044465217391304344,,,,,,
2018-05-23,0.020218446601941744,,,,,,
2018-05-24,-0.0007172995780590714,,,,,,
2018-05-25,0.044478125,,,,,,
2018-05-26,-0.12532469135802468,,,,,,
2018-05-27,0.030806741573033713,,,,,,
2018-05-28,0.02203695652173913,,,,,,
2018-05-29,0.019622499999999998,,,,,,
2018-05-30,-0.07106294416243655,,,,,,
2018-05-31,0.023527433628318585,,,,,,
2018-06-01,0.09537786885245902,,,,,,
2018-06-02,0.04564939759036144,,,,,,
2018-06-03,-0.07177142857142857,,,,,,
2018-06-04,0.0128089552238806,,,,,,
2018-06-05,0.08838969072164948,,,,,,
2018-06-06,0.03887513227513228,,,,,,
2018-06-07,0.03960705394190872,,,,,,
2018-06-08,-0.007890338164251207,,,,,,
2018-06-09,0.11189500000000001,,,,,,
2018-06-10,0.054417204301075266,,,,,,
2018-06-11,0.03207076023391813,,,,,,
2018-06-12,0.058699492385786804,,,,,,
2018-06-13,-0.003648372093023254,,,,,,
2018-06-14,0.05591355140186916,,,,,,
2018-06-15,-0.0007357512953367894,,,,,,
2018-06-16,-0.09984666666666667,,,,,,
2018-06-17,0.05578363636363636,,,,,,
2018-06-18,0.00804658385093168,,,,,,
2018-06-19,0.013923560209424082,,,,,,
2018-06-20,0.020584771573604062,,,,,,
2018-06-21,0.038700000000000005,,,,,,
2018-06-22,0.036593689320388346,,,,,,
2018-06-23,0.026811458333333333,,,,,,
2018-06-24,0.018369565217391304,,,,,,
2018-06-25,0.018634285714285714,,,,,,
2018-06-26,0.015541104294478527,,,,,,
2018-06-27,0.003607589285714286,,,,,,
2018-06-28,0.08654045454545456,,,,,,
2018-06-29,0.06247777777777777,,,,,,
2018-06-30,-0.05390810810810811,,,,,,
2018-07-01,-0.032773333333333335,,,,,,
2018-07-02,0.023256962025316456,,,,,,
2018-07-03,0.09893035714285714,,,,,,
2018-07-04,0.008378260869565219,,,,,,
2018-07-05,-0.006093684210526313,,,,,,
2018-07-06,0.04107444444444445,,,,,,
2018-07-07,-0.03333428571428572,,,,,,
2018-07-08,0.024107499999999997,,,,,,
2018-07-09,0.03816066666666667,,,,,,
2018-07-10,0.07111411764705881,,,,,,
2018-07-11,0.05842486772486773,,,,,,
2018-07-12,-0.029481283422459894,,,,,,
2018-07-13,0.041625,,,,,,
2018-07-14,-0.006202352941176472,,,,,,
2018-07-15,0.00663409090909091,,,,,,
2018-07-16,-0.04821769230769231,,,,,,
2018-07-17,0.023170285714285716,,,,,,
2018-07-18,-0.0027339285714285738,,,,,,
2018-07-19,0.030614,,,,,,
2018-07-20,0.011633516483516484,,,,,,
2018-07-21,-0.05865316455696202,,,,,,
2018-07-22,0.005204705882352938,,,,,,
2018-07-23,-0.025415942028985505,,,,,,
2018-07-24,0.02887169811320755,,,,,,
2018-07-25,-0.04783444444444445,,,,,,
2018-07-26,-0.025018226600985224,,,,,,
2018-07-27,-0.017675977653631283,,,,,,
2018-07-28,-0.05696376811594203,,,,,,
2018-07-29,-0.011032098765432095,,,,,,
2018-07-30,-0.0019962406015037633,,,,,,
2018-07-31,0.02014662162162162,,,,,,
2018-08-01,-0.05240828402366864,,,,,,
2018-08-02,0.001946268656716417,,,,,,
2018-08-03,0.014745555555555552,,,,,,
2018-08-04,-0.0022382352941176455,,,,,,
2018-08-05,-0.004603296703296703,,,,,,
2018-08-06,-0.09392400000000001,,,,,,
2018-08-07,-0.022247619047619044,,,,,,
2018-08-08,0.07624734042553191,,,,,,
2018-08-09,0.000641489361702129,,,,,,
2018-08-10,-0.018943103448275867,,,,,,
2018-08-11,-0.047452631578947364,,,,,,
2018-08-12,-0.010377380952380957,,,,,,
2018-08-13,0.005319847328244272,,,,,,
2018-08-14,0.046731645569620256,,,,,,
2018-08-15,-0.08448430232558139,,,,,,
2018-08-16,0.10632459893048128,,,,,,
2018-08-17,-0.00037034883720930286,,,,,,
2018-08-18,-0.08527083333333334,,,,,,
2018-08-19,0.03180795454545454,,,,,,
2018-08-20,-0.01158046875,,,,,,
2018-08-21,-0.021985380116959063,,,,,,
2018-08-22,0.009139181286549707,,,,,,
2018-08-23,-0.012603703703703706,,,,,,
2018-08-24,0.04404419889502762,,,,,,
2018-08-25,-0.01655853658536585,,,,,,
2018-08-26,0.05162244897959184,,,,,,
2018-08-27,-0.012997402597402596,,,,,,
2018-08-28,-0.024562885572139304,,,,,,
2018-08-29,-0.021286708860759496,,,,,,
2018-08-30,0.0548625,,,,,,
2018-08-31,0.03484147727272727,,,,,,
2018-09-01,0.03609512195121951,,,,,,
2018-09-02,-0.01909166666666667,,,,,,
2018-09-03,-0.0012132530120481915,,,,,,
2018-09-04,-0.001179761904761907,,,,,,
2018-09-05,-0.02921567567567568,,,,,,
2018-09-06,-0.019075,,,,,,
2018-09-07,0.07161267605633803,,,,,,
2018-09-08,0.07737619047619047,,,,,,
2018-09-09,0.07856603773584905,,,,,,
2018-09-10,0.002891390728476821,,,,,,
2018-09-11,0.048703684210526316,,,,,,
2018-09-12,-0.01844175257731959,,,,,,
2018-09-13,-0.034810300429184544,,,,,,
2018-09-14,0.08485902439024391,,,,,,
2018-09-15,0.004330769230769227,,,,,,
2018-09-16,0.012119266055045872,,,,,,
2018-09-17,-0.024902824858757062,,,,,,
2018-09-18,0.08617307692307692,,,,,,
2018-09-19,0.02049347826086956,,,,,,
2018-09-20,-0.030295927601809956,,,,,,
2018-09-21,-0.070142,,,,,,
2018-09-22,-0.05579404761904762,,,,,,
2018-09-23,0.009571929824561405,,,,,,
2018-09-24,0.050986875,,,,,,
2018-09-25,-0.041953591160220995,,,,,,
2018-09-26,0.04121682242990654,,,,,,
2018-09-27,0.050170351758793974,,,,,,
2018-09-28,0.02904292682926829,,,,,,
2018-09-29,-0.007483333333333328,,,,,,
2018-09-30,0.057292857142857145,,,,,,
2018-10-01,-0.042341520467836256,,,,,,
2018-10-02,0.05740386740331492,,,,,,
2018-10-03,0.03203948717948718,,,,,,
2018-10-04,0.0948611111111111,,,,,,
2018-10-05,0.060884653465346536,,,,,,
2018-10-06,0.03177176470588236,,,,,,
2018-10-07,0.020826446280991735,,,,,,
2018-10-08,-0.01419928057553957,,,,,,
2018-10-09,0.12094679802955664,,,,,,
2018-10-10,-0.009402234636871504,,,,,,
2018-10-11,-0.004624434389140272,,,,,,
2018-10-12,-0.07633928571428572,,,,,,
2018-10-13,-0.11071851851851854,,,,,,
2018-10-14,0.0035339805825242766,,,,,,
2018-10-15,0.004807100591715975,,,,,,
2018-10-16,-0.024383168316831683,,,,,,
2018-10-17,0.025805208333333333,,,,,,
2018-10-18,0.042804,,,,,,
2018-10-19,0.022069014084507045,,,,,,
2018-10-20,-0.0351054347826087,,,,,,
2018-10-21,0.08109999999999999,,,,,,
2018-10-22,-0.11309805194805196,,,,,,
2018-10-23,0.005733879781420765,,,,,,
2018-10-24,-0.03604945652173913,,,,,,
2018-10-25,0.07159644444444445,,,,,,
2018-10-26,-0.02852409090909091,,,,,,
2018-10-27,-0.1601354430379747,,,,,,
2018-10-28,-0.0537909090909091,,,,,,
2018-10-29,-0.007813953488372095,,,,,,
2018-10-30,-0.051205031446540886,,,,,,
2018-10-31,-0.01683730569948187,,,,,,
2018-11-01,0.05282782258064516,,,,,,
2018-11-02,0.0654545045045045,,,,,,
2018-11-03,0.07079113924050633,,,,,,
2018-11-04,0.14790434782608697,,,,,,
2018-11-05,0.054057303370786514,,,,,,
2018-11-06,0.04775659574468086,,,,,,
2018-11-07,0.12795925925925924,,,,,,
2018-11-08,0.036534517766497465,,,,,,
2018-11-09,0.024890909090909092,,,,,,
2018-11-10,-0.029145977011494257,,,,,,
2018-11-11,0.003880232558139531,,,,,,
2018-11-12,0.012135606060606062,,,,,,
2018-11-13,-0.012323595505617978,,,,,,
2018-11-14,0.008029896907216491,,,,,,
2018-11-15,-0.012599999999999995,,,,,,
2018-11-16,0.009869417475728157,,,,,,
2018-11-17,0.05067272727272727,,,,,,
2018-11-18,-0.07192083333333334,,,,,,
2018-11-19,-0.023888387096774197,,,,,,
2018-11-20,0.030199484536082472,,,,,,
2018-11-21,0.03783979591836734,,,,,,
2018-11-22,-0.03170333333333333,,,,,,
2018-11-23,-0.0050519083969465675,,,,,,
2018-11-24,0.051675,,,,,,
2018-11-25,-0.02835,,,,,,
2018-11-26,0.058369503546099294,,,,,,
2018-11-27,0.0012136054421768739,,,,,,
2018-11-28,-0.012851041666666669,,,,,,
2018-11-29,0.03407511737089202,,,,,,
2018-11-30,0.01928382978723404,,,,,,
2018-12-01,0.0697956043956044,,,,,,
2018-12-02,0.040285,,,,,,
2018-12-03,-0.046136842105263164,,,,,,
2018-12-04,0.005285789473684211,,,,,,
2018-12-05,0.024725287356321846,,,,,,
2018-12-06,0.12003076923076923,,,,,,
2018-12-07,0.04698980582524272,,,,,,
2018-12-08,-0.028492592592592594,,,,,,
2018-12-09,-0.0214875,,,,,,
2018-12-10,0.028556410256410255,,,,,,
2018-12-11,0.025800549450549454,,,,,,
2018-12-12,0.040521637426900584,,,,,,
2018-12-13,0.015022123893805308,,,,,,
2018-12-14,-0.013871348314606742,,,,,,
2018-12-15,0.08811066666666667,,,,,,
2018-12-16,0.08870277777777777,,,,,,
2018-12-17,0.00988444444444444,,,,,,
2018-12-18,0.021055555555555553,,,,,,
2018-12-19,0.033752879581151835,,,,,,
2018-12-20,0.05279802955665024,,,,,,
2018-12-21,0.01604466019417476,,,,,,
2018-12-22,-0.08197391304347826,,,,,,
2018-12-23,0.03875571428571429,,,,,,
2018-12-24,-0.053056862745098035,,,,,,
2018-12-25,0.033903278688524593,,,,,,
2018-12-26,0.10843963963963965,,,,,,
2018-12-27,0.10565853658536585,,,,,,
2018-12-28,0.029056818181818187,,,,,,
2018-12-29,-0.05487164179104478,,,,,,
2018-12-30,-0.004711594202898552,,,,,,
2018-12-31,0.018934166666666665,,,,,,
2019-01-01,-0.00882222222222222,,,,,,
2019-01-02,-0.030170992366412214,,,,,,
2019-01-03,-0.0057766871165644135,,,,,,
2019-01-04,0.04646610169491526,,,,,,
2019-01-05,-0.0408904255319149,,,,,,
2019-01-06,0.03636212121212121,,,,,,
2019-01-07,0.02553521126760563,,,,,,
2019-01-08,0.010545000000000002,,,,,,
2019-01-09,0.027733333333333336,,,,,,
2019-01-10,0.026640860215053762,,,,,,
2019-01-11,-0.001520197044334974,,,,,,
2019-01-12,-0.06751022727272728,,,,,,
2019-01-13,0.01667049180327869,,,,,,
2019-01-14,0.02301761006289308,,,,,,
2019-01-15,0.07381929824561403,,,,,,
2019-01-16,-0.015941566265060245,,,,,,
2019-01-17,-0.0027080357142857136,,,,,,
2019-01-18,0.032827461139896374,,,,,,
2019-01-19,-0.1213409638554217,,,,,,
2019-01-20,0.020136585365853665,,,,,,
2019-01-21,-0.016090476190476193,,,,,,
2019-01-22,-0.000489655172413794,,,,,,
2019-01-23,0.03127868852459016,,,,,,
2019-01-24,0.03659170984455958,,,,,,
2019-01-25,0.02370913705583756,,,,,,
2019-01-26,-0.08244074074074073,,,,,,
2019-01-27,0.04801369863013699,,,,,,
2019-01-28,0.05685185185185185,,,,,,
2019-01-29,-0.008524691358024687,,,,,,
2019-01-30,-0.04796666666666667,,,,,,
2019-01-31,0.08464647887323942,,,,,,
2019-02-01,0.030586,,,,,,
2019-02-02,-0.03821951219512196,,,,,,
2019-02-03,-0.018183333333333333,,,,,,
2019-02-04,-0.020229530201342282,,,,,,
2019-02-05,0.002913924050632909,,,,,,
2019-02-06,-0.0037709844559585515,,,,,,
2019-02-07,-0.018742583732057415,,,,,,
2019-02-08,-0.027499999999999997,,,,,,
2019-02-09,-0.03616144578313253,,,,,,
2019-02-10,0.043199999999999995,,,,,,
2019-02-11,-0.0011414285714285734,,,,,,
2019-02-12,0.04132081218274112,,,,,,
2019-02-13,0.018745918367346938,,,,,,
2019-02-14,0.037496313364055296,,,,,,
2019-02-15,-0.050159999999999996,,,,,,
2019-02-16,-0.020471875000000004,,,,,,
2019-02-17,-0.02727926829268292,,,,,,
2019-02-18,0.03906288659793815,,,,,,
2019-02-19,-0.021288961038961038,,,,,,
2019-02-20,0.031256818181818184,,,,,,
2019-02-21,0.004490909090909093,,,,,,
2019-02-22,-0.026041025641025648,,,,,,
2019-02-23,-0.0014922222222222207,,,,,,
2019-02-24,0.10766486486486486,,,,,,
2019-02-25,0.10722331288343558,,,,,,
2019-02-26,-0.005020958083832336,,,,,,
2019-02-27,0.0284578125,,,,,,
2019-02-28,0.08601885964912281,,,,,,
2019-03-01,0.031535051546391746,,,,,,
2019-03-02,-0.020521649484536084,,,,,,
2019-03-03,0.031381927710843374,,,,,,
2019-03-04,-0.017978102189781024,,,,,,
2019-03-05,-0.03465379746835443,,,,,,
2019-03-06,-0.004725280898876403,,,,,,
2019-03-07,0.06306171171171171,,,,,,
2019-03-08,0.05419748743718593,,,,,,
2019-03-09,-0.02348586956521739,,,,,,
2019-03-10,-0.005836486486486483,,,,,,
2019-03-11,0.023387323943661976,,,,,,
2019-03-12,-0.08500648648648648,,,,,,
2019-03-13,-0.08463055555555556,,,,,,
2019-03-14,-0.04981459227467811,,,,,,
2019-03-15,-0.09172836538461539,,,,,,
2019-03-16,3.947368421052635e-05,,,,,,
2019-03-17,-0.08976285714285714,,,,,,
2019-03-18,-0.05228775510204082,,,,,,
2019-03-19,-0.013156830601092896,,,,,,
2019-03-20,-0.0046364161849711,,,,,,
2019-03-21,-0.021750802139037434,,,,,,
2019-03-22,-0.00405934579439252,,,,,,
2019-03-23,-0.025450602409638548,,,,,,
2019-03-24,-0.0094561797752809,,,,,,
2019-03-25,-0.027069333333333338,,,,,,
2019-03-26,-0.0022877192982456163,,,,,,
2019-03-27,0.09732716763005779,,,,,,
2019-03-28,-0.03709680365296804,,,,,,
2019-03-29,-0.0488037037037037,,,,,,
2019-03-30,-0.022843181818181815,,,,,,
2019-03-31,0.006835416666666663,,,,,,
2019-04-01,-0.04661333333333333,,,,,,
2019-04-02,-0.025429651162790702,,,,,,
2019-04-03,0.03481299435028248,,,,,,
2019-04-04,-0.03848823529411765,,,,,,
2019-04-05,-0.012131840796019895,,,,,,
2019-04-06,-0.03296111111111111,,,,,,
2019-04-07,0.040426744186046505,,,,,,
2019-04-08,0.048738356164383566,,,,,,
2019-04-09,0.06586162790697675,,,,,,
2019-04-10,0.06670094339622641,,,,,,
2019-04-11,0.08764330357142858,,,,,,
2019-04-12,0.0646273631840796,,,,,,
2019-04-13,-0.05547432432432433,,,,,,
2019-04-14,0.031597872340425534,,,,,,
2019-04-15,0.07246081081081081,,,,,,
2019-04-16,0.01761012658227848,,,,,,
2019-04-17,-0.02216285714285714,,,,,,
2019-04-18,0.10807602040816326,,,,,,
2019-04-19,-0.026188823529411764,,,,,,
2019-04-20,-0.04811204819277109,,,,,,
2019-04-21,-0.0157051948051948,,,,,,
2019-04-22,-0.01544,,,,,,
2019-04-23,-0.03956842105263158,,,,,,
2019-04-24,-0.03303506493506493,,,,,,
2019-04-25,-0.018271134020618557,,,,,,
2019-04-26,-0.050548913043478264,,,,,,
2019-04-27,-0.04252162162162162,,,,,,
2019-04-28,0.012685185185185183,,,,,,
2019-04-29,-0.12894014598540146,,,,,,
2019-04-30,0.04616010928961749,,,,,,
2019-05-01,0.04778191489361702,,,,,,
2019-05-02,0.006442129629629633,,,,,,
2019-05-03,-0.03306402439024391,,,,,,
2019-05-04,-0.023167532467532465,,,,,,
2019-05-05,0.10016947368421053,,,,,,
2019-05-06,-0.08286402877697842,,,,,,
2019-05-07,0.03251388888888889,,,,,,
2019-05-08,0.01623854748603352,,,,,,
2019-05-09,0.03939322916666667,,,,,,
2019-05-10,0.06177197802197802,,,,,,
2019-05-11,-0.01792151898734177,,,,,,
2019-05-12,-0.018525555555555556,,,,,,
2019-05-13,0.03019655172413793,,,,,,
2019-05-14,-0.004116201117318434,,,,,,
2019-05-15,0.04683705583756345,,,,,,
2019-05-16,0.019925728155339804,,,,,,
2019-05-17,0.040877202072538865,,,,,,
2019-05-18,-0.06905119047619047,,,,,,
2019-05-19,0.014284693877551017,,,,,,
2019-05-20,0.05142894736842105,,,,,,
2019-05-21,0.049878787878787884,,,,,,
2019-05-22,0.03509837837837838,,,,,,
2019-05-23,0.039335323383084576,,,,,,
2019-05-24,0.02706891191709844,,,,,,
2019-05-25,0.030522535211267608,,,,,,
2019-05-26,0.01046315789473684,,,,,,
2019-05-27,0.036703999999999994,,,,,,
2019-05-28,0.03142402597402597,,,,,,
2019-05-29,0.024991666666666672,,,,,,
2019-05-30,0.043232524271844666,,,,,,
2019-05-31,-5.970149253730962e-06,,,,,,
2019-06-01,-0.06773191489361702,,,,,,
2019-06-02,0.01860098039215686,,,,,,
2019-06-03,-0.014263190184049077,,,,,,
2019-06-04,-0.019384615384615386,,,,,,
2019-06-05,0.008303296703296709,,,,,,
2019-06-06,0.03684619565217391,,,,,,
2019-06-07,0.018271134020618557,,,,,,
2019-06-08,-0.05124705882352941,,,,,,
2019-06-09,0.021236458333333333,,,,,,
2019-06-10,-0.021061038961038964,,,,,,
2019-06-11,-0.05945365853658537,,,,,,
2019-06-12,-0.04239880952380952,,,,,,
2019-06-13,-0.013300531914893615,,,,,,
2019-06-14,-0.024541176470588233,,,,,,
2019-06-15,-0.09406296296296296,,,,,,
2019-06-16,-0.07032959183673469,,,,,,
2019-06-17,0.030389937106918237,,,,,,
2019-06-18,-0.008007831325301203,,,,,,
2019-06-19,-0.024504090909090906,,,,,,
2019-06-20,-0.0144051282051282,,,,,,
2019-06-21,0.0028928571428571436,,,,,,
2019-06-22,-0.03255348837209302,,,,,,
2019-06-23,0.11410754716981132,,,,,,
2019-06-24,0.013356164383561644,,,,,,
2019-06-25,0.002989999999999999,,,,,,
2019-06-26,-0.003134285714285718,,,,,,
2019-06-27,0.09064770642201835,,,,,,
2019-06-28,0.028648058252427187,,,,,,
2019-06-29,0.13445949367088608,,,,,,
2019-06-30,0.010517977528089887,,,,,,
2019-07-01,-0.06917631578947368,,,,,,
2019-07-02,0.060543712574850306,,,,,,
2019-07-03,-0.012669230769230768,,,,,,
2019-07-04,0.0467451923076923,,,,,,
2019-07-05,0.017683333333333336,,,,,,
2019-07-06,0.07435324675324675,,,,,,
2019-07-07,0.05916222222222223,,,,,,
2019-07-08,0.009404545454545452,,,,,,
2019-07-09,0.03744709302325581,,,,,,
2019-07-10,-0.03800679012345679,,,,,,
2019-07-11,0.024430232558139534,,,,,,
2019-07-12,-0.002831137724550897,,,,,,
2019-07-13,0.009056521739130439,,,,,,
2019-07-14,-0.08656823529411764,,,,,,
2019-07-15,-0.06827073170731707,,,,,,
2019-07-16,-0.060081052631578945,,,,,,
2019-07-17,-0.010544242424242423,,,,,,
2019-07-18,-0.04708465608465609,,,,,,
2019-07-19,-0.03809578313253012,,,,,,
2019-07-20,0.014124050632911394,,,,,,
2019-07-21,0.06869638554216868,,,,,,
2019-07-22,-0.045849218750000004,,,,,,
2019-07-23,0.026605625,,,,,,
2019-07-24,-0.022078014184397168,,,,,,
2019-07-25,-0.04993262032085562,,,,,,
2019-07-26,-0.009488095238095236,,,,,,
2019-07-27,-0.06724558823529413,,,,,,
2019-07-28,-0.09163,,,,,,
2019-07-29,-0.02596390977443609,,,,,,
2019-07-30,-0.09724727272727272,,,,,,
2019-07-31,0.023438764044943817,,,,,,
2019-08-01,0.03605358851674641,,,,,,
2019-08-02,-0.08234506172839506,,,,,,
2019-08-03,-0.12246363636363636,,,,,,
2019-08-04,-0.133185,,,,,,
2019-08-05,-0.16471944444444445,,,,,,
2019-08-06,-0.07901385542168674,,,,,,
2019-08-07,-0.010863690476190482,,,,,,
2019-08-08,-0.05385706521739131,,,,,,
2019-08-09,-0.021747741935483865,,,,,,
2019-08-10,-0.10415428571428571,,,,,,
2019-08-11,-0.10251911764705883,,,,,,
2019-08-12,-0.06827685950413223,,,,,,
2019-08-13,-0.01936040268456376,,,,,,
2019-08-14,-0.11053630573248407,,,,,,
2019-08-15,0.060526315789473685,,,,,,
2019-08-16,0.026921656050955416,,,,,,
2019-08-17,-0.11006911764705883,,,,,,
2019-08-18,-0.002522499999999996,,,,,,
2019-08-19,-0.04721545454545455,,,,,,
2019-08-20,0.019944666666666666,,,,,,
2019-08-21,-0.01941655629139073,,,,,,
2019-08-22,0.04441506024096385,,,,,,
2019-08-23,0.04777012195121951,,,,,,
2019-08-24,-0.06806363636363637,,,,,,
2019-08-25,-0.08751125000000001,,,,,,
2019-08-26,0.015376612903225804,,,,,,
2019-08-27,0.013367096774193545,,,,,,
2019-08-28,-0.035747402597402604,,,,,,
2019-08-29,0.01274425287356322,,,,,,
2019-08-30,0.01997777777777778,,,,,,
2019-08-31,-0.047014102564102565,,,,,,
2019-09-01,0.02177872340425532,,,,,,
2019-09-02,0.021728235294117645,,,,,,
2019-09-03,,,,,,,
2019-09-04,0.05015760869565217,,,,,,
2019-09-05,0.0022097938144329927,,,,,,
2019-09-06,0.05239845360824742,,,,,,
2019-09-07,0.0058130952380952405,,,,,,
2019-09-08,0.06333513513513514,,,,,,
2019-09-09,0.0011435897435897442,,,,,,
2019-09-10,0.05150846774193549,,,,,,
2019-09-11,-0.08748603351955307,,,,,,
2019-09-12,0.029790170940170942,,,,,,
2019-09-13,0.000386363636363638,,,,,,
2019-09-14,0.09087083333333333,,,,,,
2019-09-15,0.0751551724137931,,,,,,
2019-09-16,0.003883108108108108,,,,,,
2019-09-17,0.046705789473684214,,,,,,
2019-09-18,0.05076257309941521,,,,,,
2019-09-19,-0.004143069306930692,,,,,,
2019-09-20,0.04765260416666667,,,,,,
2019-09-21,-0.033031506849315065,,,,,,
2019-09-22,0.04960531914893618,,,,,,
2019-09-23,0.052289999999999996,,,,,,
2019-09-24,0.002024590163934427,,,,,,
2019-09-25,0.00583915343915344,,,,,,
2019-09-26,0.016067256637168136,,,,,,
2019-09-27,0.031442424242424244,,,,,,
2019-09-28,0.02645526315789474,,,,,,
2019-09-29,0.018523762376237627,,,,,,
2019-09-30,-0.04862755905511811,,,,,,
2019-10-01,-0.01811304347826087,,,,,,
2019-10-02,-0.043378010471204195,,,,,,
2019-10-03,-0.0025465346534653474,,,,,,
2019-10-04,-0.0023994736842105255,,,,,,
2019-10-05,-0.04903472222222222,,,,,,
2019-10-06,0.05094226804123711,,,,,,
2019-10-07,-0.050565100671140936,,,,,,
2019-10-08,0.00403045977011494,,,,,,
2019-10-09,0.061434899328859066,,,,,,
2019-10-10,-0.007647499999999998,,,,,,
2019-10-11,-0.006546046511627908,,,,,,
2019-10-12,-0.07354875000000001,,,,,,
2019-10-13,0.011458715596330273,,,,,,
2019-10-14,-0.002800675675675674,,,,,,
2019-10-15,-0.003058857142857145,,,,,,
2019-10-16,0.019663013698630136,,,,,,
2019-10-17,0.025562755102040816,,,,,,
2019-10-18,-0.03747422680412371,,,,,,
2019-10-19,-0.06030344827586207,,,,,,
2019-10-20,0.08898828125,,,,,,
2019-10-21,-0.016148765432098762,,,,,,
2019-10-22,0.026123749999999994,,,,,,
2019-10-23,0.004405154639175261,,,,,,
2019-10-24,-0.04149411764705882,,,,,,
2019-10-25,-0.0036678756476683926,,,,,,
2019-10-26,0.0016518072289156652,,,,,,
2019-10-27,-0.13539,,,,,,
2019-10-28,-0.03942987804878049,,,,,,
2019-10-29,-0.021225543478260868,,,,,,
2019-10-30,-0.019946195652173915,,,,,,
2019-10-31,-0.017596410256410254,,,,,,
2019-11-01,-0.015684422110552765,,,,,,
2019-11-02,0.10282808988764044,,,,,,
2019-11-03,0.04277368421052632,,,,,,
2019-11-04,0.009637341772151899,,,,,,
2019-11-05,0.02617159763313609,,,,,,
2019-11-06,0.00968695652173913,,,,,,
2019-11-07,0.03905345622119815,,,,,,
2019-11-08,0.04334336734693878,,,,,,
2019-11-09,-0.0031806818181818134,,,,,,
2019-11-10,-0.02212,,,,,,
2019-11-11,-0.03221041666666666,,,,,,
2019-11-12,-0.04474696132596685,,,,,,
2019-11-13,0.06554469273743017,,,,,,
2019-11-14,-0.005716591928251123,,,,,,
2019-11-15,-0.013604040404040405,,,,,,
2019-11-16,-0.08682022471910113,,,,,,
2019-11-17,0.02475820895522388,,,,,,
2019-11-18,-0.031126666666666664,,,,,,
2019-11-19,0.06735397727272728,,,,,,
2019-11-20,0.011615384615384616,,,,,,
2019-11-21,0.06666457399103139,,,,,,
2019-11-22,0.019291005291005293,,,,,,
2019-11-23,0.040584146341463415,,,,,,
2019-11-24,-0.005296,,,,,,
2019-11-25,-0.006286666666666672,,,,,,
2019-11-26,0.0071948863636363625,,,,,,
2019-11-27,0.11151135135135135,,,,,,
2019-11-28,0.02925612244897959,,,,,,
2019-11-29,0.08634519230769232,,,,,,
2019-11-30,0.0069964912280701804,,,,,,
2019-12-01,-0.049537878787878784,,,,,,
2019-12-02,-0.05358571428571429,,,,,,
2019-12-03,0.05296149068322981,,,,,,
2019-12-04,-0.003284615384615384,,,,,,
2019-12-05,0.029257560975609758,,,,,,
2019-12-06,0.025270555555555553,,,,,,
2019-12-07,0.04963863636363637,,,,,,
2019-12-08,0.046056097560975603,,,,,,
2019-12-09,-0.05989319727891158,,,,,,
2019-12-10,0.012225308641975305,,,,,,
2019-12-11,-0.024114364640883974,,,,,,
2019-12-12,-0.013907729468599035,,,,,,
2019-12-13,0.06287167630057804,,,,,,
2019-12-14,-0.04505479452054793,,,,,,
2019-12-15,0.14640645161290322,,,,,,
2019-12-16,0.05671167883211679,,,,,,
2019-12-17,0.026743999999999997,,,,,,
2019-12-18,0.06958245614035087,,,,,,
2019-12-19,0.047757777777777774,,,,,,
2019-12-20,0.06420414507772021,,,,,,
2019-12-21,-0.13853026315789474,,,,,,
2019-12-22,-0.03251232876712329,,,,,,
2019-12-23,0.00699266666666667,,,,,,
2019-12-24,0.13413999999999998,,,,,,
2019-12-25,0.025607575757575753,,,,,,
2019-12-26,-0.014260952380952376,,,,,,
2019-12-27,0.0850051282051282,,,,,,
2019-12-28,-0.027305882352941173,,,,,,
2019-12-29,-0.03802333333333333,,,,,,
2019-12-30,-0.04517037037037036,,,,,,
2019-12-31,0.04277456140350878,,,,,,
2020-01-01,0.0001877777777777756,,,,,,
2020-01-02,0.041561290322580643,,,,,,
2020-01-03,-0.07698424242424243,,,,,,
2020-01-04,-0.18791060606060608,,,,,,
2020-01-05,-0.1278907894736842,,,,,,
2020-01-06,-0.06733499999999999,,,,,,
2020-01-07,-0.058041358024691354,,,,,,
2020-01-08,-0.04470680272108843,,,,,,
2020-01-09,-0.11210055865921788,,,,,,
2020-01-10,-0.0023704819277108433,,,,,,
2020-01-11,-0.17801075268817204,,,,,,
2020-01-12,0.0627159420289855,,,,,,
2020-01-13,0.010692258064516128,,,,,,
2020-01-14,0.055640935672514616,,,,,,
2020-01-15,-0.06195380434782609,,,,,,
2020-01-16,-0.007689898989898989,,,,,,
2020-01-17,-0.0255391959798995,,,,,,
2020-01-18,-0.06758529411764705,,,,,,
2020-01-19,0.01720263157894737,,,,,,
2020-01-20,-0.08762673267326733,,,,,,
2020-01-21,-0.016196022727272722,,,,,,
2020-01-22,0.006566298342541436,,,,,,
2020-01-23,-0.034664840182648406,,,,,,
2020-01-24,-0.012110112359550557,,,,,,
2020-01-25,-0.08304999999999998,,,,,,
2020-01-26,-6.336633663366298e-05,,,,,,
2020-01-27,-0.048663157894736846,,,,,,
2020-01-28,0.006255958549222798,,,,,,
2020-01-29,0.07026603773584905,,,,,,
2020-01-30,-0.00014293193717277626,,,,,,
2020-01-31,-0.04109668246445498,,,,,,
2020-02-01,-0.04574897959183673,,,,,,
2020-02-02,0.07041384615384616,,,,,,
2020-02-03,0.08188311688311688,,,,,,
2020-02-04,0.031659090909090915,,,,,,
2020-02-05,-0.020044886363636365,,,,,,
2020-02-06,0.008594634146341465,,,,,,
2020-02-07,-0.022243518518518513,,,,,,
2020-02-08,-0.07217402597402597,,,,,,
2020-02-09,0.0036210526315789498,,,,,,
2020-02-10,0.036788965517241375,,,,,,
2020-02-11,-0.002764150943396228,,,,,,
2020-02-12,0.04788720930232559,,,,,,
2020-02-13,0.013194146341463417,,,,,,
2020-02-14,0.012370491803278687,,,,,,
2020-02-15,-0.08484225352112676,,,,,,
2020-02-16,0.02113793103448276,,,,,,
2020-02-17,-0.0911765306122449,,,,,,
2020-02-18,-0.017148101265822783,,,,,,
2020-02-19,-0.03481437908496732,,,,,,
2020-02-20,0.05301555555555556,,,,,,
2020-02-21,-0.016104324324324328,,,,,,
2020-02-22,0.08171830985915493,,,,,,
2020-02-23,-0.04239125,,,,,,
2020-02-24,0.00039037037037037095,,,,,,
2020-02-25,0.02786428571428572,,,,,,
2020-02-26,-0.08014611111111111,,,,,,
2020-02-27,0.023333333333333334,,,,,,
2020-02-28,-0.0055333333333333345,,,,,,
2020-02-29,-0.03270425531914893,,,,,,
2020-03-01,-0.02633103448275862,,,,,,
2020-03-02,0.009885443037974683,,,,,,
2020-03-03,0.1646180790960452,,,,,,
2020-03-04,0.05886739130434782,,,,,,
2020-03-05,0.038645070422535205,,,,,,
2020-03-06,0.004244808743169398,,,,,,
2020-03-07,-0.1958675,,,,,,
2020-03-08,0.079079012345679,,,,,,
2020-03-09,-0.0921698717948718,,,,,,
2020-03-10,0.021553254437869825,,,,,,
2020-03-11,0.004738095238095239,,,,,,
2020-03-12,-0.02023723849372385,,,,,,
2020-03-13,0.0021323809523809503,,,,,,
2020-03-14,-0.0643841584158416,,,,,,
2020-03-15,0.06488217821782177,,,,,,
2020-03-16,-0.033663030303030306,,,,,,
2020-03-17,-0.021571615720524018,,,,,,
2020-03-18,0.08060561224489796,,,,,,
2020-03-19,0.031115499999999997,,,,,,
2020-03-20,-0.025453809523809524,,,,,,
2020-03-21,-0.003892,,,,,,
2020-03-22,-0.045424358974358967,,,,,,
2020-03-23,-0.06179936305732484,,,,,,
2020-03-24,-0.022070967741935482,,,,,,
2020-03-25,0.06491968911917098,,,,,,
2020-03-26,0.03812128712871287,,,,,,
2020-03-27,-0.009043478260869564,,,,,,
2020-03-28,-0.18177857142857143,,,,,,
2020-03-29,-0.116146875,,,,,,
2020-03-30,-0.020727142857142854,,,,,,
2020-03-31,0.018314201183431956,,,,,,
2020-04-01,0.028058951965065505,,,,,,
2020-04-02,-0.04501787439613526,,,,,,
2020-04-03,-0.011733846153846155,,,,,,
2020-04-04,-0.14091954022988507,,,,,,
2020-04-05,-0.09578815789473684,,,,,,
2020-04-06,-0.01876308724832215,,,,,,
2020-04-07,0.006274111675126905,,,,,,
2020-04-08,-0.0286531914893617,,,,,,
2020-04-09,0.022719289340101527,,,,,,
2020-04-10,-0.006236021505376341,,,,,,
2020-04-11,-0.08783414634146341,,,,,,
2020-04-12,-0.10614142857142857,,,,,,
2020-04-13,-0.017445810055865922,,,,,,
2020-04-14,0.014319487179487183,,,,,,
2020-04-15,0.055466502463054186,,,,,,
2020-04-16,0.02008228782287823,,,,,,
2020-04-17,0.07623238095238095,,,,,,
2020-04-18,0.0653583850931677,,,,,,
2020-04-19,-0.1497686046511628,,,,,,
2020-04-20,-0.0021551020408163263,,,,,,
2020-04-21,0.0545520202020202,,,,,,
2020-04-22,0.007692268041237114,,,,,,
2020-04-23,0.029870466321243527,,,,,,
2020-04-24,0.04286871508379888,,,,,,
2020-04-25,-0.026042105263157894,,,,,,
2020-04-26,-0.03777123287671233,,,,,,
2020-04-27,0.0689748201438849,,,,,,
2020-04-28,0.034780662983425414,,,,,,
2020-04-29,0.05728915662650602,,,,,,
2020-04-30,0.025216000000000002,,,,,,
2020-05-01,-0.002544949494949495,,,,,,
2020-05-02,-0.0442125,,,,,,
2020-05-03,0.016077464788732395,,,,,,
2020-05-04,0.058063448275862066,,,,,,
2020-05-05,0.015986516853932587,,,,,,
2020-05-06,0.059549411764705885,,,,,,
2020-05-07,0.00524672897196262,,,,,,
2020-05-08,-0.0356186170212766,,,,,,
2020-05-09,-0.12623414634146343,,,,,,
2020-05-10,-0.10929452054794521,,,,,,
2020-05-11,0.0032117241379310373,,,,,,
2020-05-12,-0.016780851063829788,,,,,,
2020-05-13,0.02885,,,,,,
2020-05-14,-0.03157513812154696,,,,,,
2020-05-15,0.04321155778894473,,,,,,
2020-05-16,-0.06804556962025317,,,,,,
2020-05-17,-0.08477164179104478,,,,,,
2020-05-18,0.10365792682926829,,,,,,
2020-05-19,-0.019150898203592812,,,,,,
2020-05-20,-0.03717173913043479,,,,,,
2020-05-21,0.00939942196531792,,,,,,
2020-05-22,0.05328418079096045,,,,,,
2020-05-23,-0.08039305555555555,,,,,,
2020-05-24,0.031154716981132074,,,,,,
2020-05-25,-0.006108139534883722,,,,,,
2020-05-26,0.053259589041095894,,,,,,
2020-05-27,0.01784576271186441,,,,,,
2020-05-28,-0.0018782608695652168,,,,,,
2020-05-29,-0.048392105263157896,,,,,,
2020-05-30,-0.23830281690140845,,,,,,
2020-05-31,-0.1897494252873563,,,,,,
2020-06-01,-0.18200714285714287,,,,,,
2020-06-02,-0.0920748502994012,,,,,,
2020-06-03,-0.045616167664670665,,,,,,
2020-06-04,-0.12222712765957447,,,,,,
2020-06-05,-0.08304502923976607,,,,,,
2020-06-06,-0.12121645569620254,,,,,,
2020-06-07,-0.19692424242424242,,,,,,
2020-06-08,-0.08189344262295081,,,,,,
2020-06-09,-0.043202424242424244,,,,,,
2020-06-10,-0.07012941176470588,,,,,,
2020-06-11,-0.0086125,,,,,,
2020-06-12,-0.04778695652173913,,,,,,
2020-06-13,-0.06863544303797468,,,,,,
2020-06-14,-0.04554098360655739,,,,,,
2020-06-15,-0.04806506849315068,,,,,,
2020-06-16,-0.05212389937106919,,,,,,
2020-06-17,0.007915463917525775,,,,,,
2020-06-18,0.054098543689320384,,,,,,
2020-06-19,-0.0065499999999999985,,,,,,
2020-06-20,-0.06623827160493828,,,,,,
2020-06-21,-0.16633,,,,,,
2020-06-22,0.03533515625,,,,,,
2020-06-23,-0.15542461538461538,,,,,,
2020-06-24,-0.055752453987730065,,,,,,
2020-06-25,-0.03278524590163935,,,,,,
2020-06-26,-0.013318390804597702,,,,,,
2020-06-27,0.10819729729729731,,,,,,
2020-06-28,-0.09981999999999999,,,,,,
2020-06-29,-0.010323391812865495,,,,,,
2020-06-30,0.026343406593406594,,,,,,
2020-07-01,0.02435786516853933,,,,,,
2020-07-02,0.06509842931937172,,,,,,
2020-07-03,-0.0061084033613445395,,,,,,
2020-07-04,-0.06925964912280701,,,,,,
2020-07-05,-0.0884860465116279,,,,,,
2020-07-06,0.009134545454545456,,,,,,
2020-07-07,-0.014752105263157893,,,,,,
2020-07-08,-0.02876772486772487,,,,,,
2020-07-09,0.03279222222222222,,,,,,
2020-07-10,0.07830320855614974,,,,,,
2020-07-11,-0.011942105263157898,,,,,,
2020-07-12,-0.06110508474576271,,,,,,
2020-07-13,-0.12595227272727272,,,,,,
2020-07-14,-0.04164767441860465,,,,,,
2020-07-15,-0.045262962962962956,,,,,,
2020-07-16,-0.05595519125683061,,,,,,
2020-07-17,0.0009568181818181837,,,,,,
2020-07-18,-0.0895472972972973,,,,,,
2020-07-19,-0.10133278688524591,,,,,,
2020-07-20,-0.030675177304964545,,,,,,
2020-07-21,-0.06575112359550561,,,,,,
2020-07-22,-0.1324103448275862,,,,,,
2020-07-23,0.056848404255319146,,,,,,
2020-07-24,0.05236111111111111,,,,,,
2020-07-25,-0.0017827160493827199,,,,,,
2020-07-26,-0.14965,,,,,,
2020-07-27,0.0053835937499999995,,,,,,
2020-07-28,0.0011657458563535898,,,,,,
2020-07-29,-0.008349673202614387,,,,,,
2020-07-30,-0.07877376237623762,,,,,,
2020-07-31,0.09414756756756758,,,,,,
2020-08-01,0.031901449275362315,,,,,,
2020-08-02,-0.044291304347826084,,,,,,
2020-08-03,0.028496376811594205,,,,,,
2020-08-04,-0.02031656441717791,,,,,,
2020-08-05,0.0155375,,,,,,
2020-08-06,-0.028862561576354685,,,,,,
2020-08-07,0.058431666666666666,,,,,,
2020-08-08,0.015621794871794877,,,,,,
2020-08-09,0.08622500000000001,,,,,,
2020-08-10,-0.034547857142857144,,,,,,
2020-08-11,0.01610825242718447,,,,,,
2020-08-12,-0.035872666666666664,,,,,,
2020-08-13,-0.04964821428571428,,,,,,
2020-08-14,-0.008471910112359551,,,,,,
2020-08-15,-0.08071014492753623,,,,,,
2020-08-16,-0.07245538461538462,,,,,,
2020-08-17,0.018204827586206902,,,,,,
2020-08-18,-0.011414655172413789,,,,,,
2020-08-19,0.03959705882352941,,,,,,
2020-08-20,-0.06038681818181818,,,,,,
2020-08-21,0.07494466019417476,,,,,,
2020-08-22,-0.112635,,,,,,
2020-08-23,-0.10171764705882354,,,,,,
2020-08-24,0.08451866666666666,,,,,,
2020-08-25,0.06476894736842105,,,,,,
2020-08-26,0.025806565656565656,,,,,,
2020-08-27,0.00732178217821782,,,,,,
2020-08-28,0.0828306603773585,,,,,,
2020-08-29,-0.032814473684210525,,,,,,
2020-08-30,-0.17956181818181818,,,,,,
2020-08-31,-0.03168759124087591,,,,,,
2020-09-01,-0.058560655737704914,,,,,,
2020-09-02,-0.012726732673267325,,,,,,
2020-09-03,-0.05297716049382716,,,,,,
2020-09-04,-0.03485804597701149,,,,,,
2020-09-05,0.017109999999999997,,,,,,
2020-09-06,-0.04841833333333333,,,,,,
2020-09-07,-0.031912499999999996,,,,,,
2020-09-08,-0.04970520231213873,,,,,,
2020-09-09,0.04868433734939759,,,,,,
2020-09-10,-0.04676633663366336,,,,,,
2020-09-11,-0.05502203389830509,,,,,,
2020-09-12,-0.0024410256410256396,,,,,,
2020-09-13,-0.09753823529411765,,,,,,
2020-09-14,-0.05001944444444444,,,,,,
2020-09-15,0.0066720207253886015,,,,,,
2020-09-16,-0.00531918604651163,,,,,,
2020-09-17,-0.026186206896551722,,,,,,
2020-09-18,0.03807083333333333,,,,,,
2020-09-19,0.030959090909090905,,,,,,
2020-09-20,0.049942253521126766,,,,,,
2020-09-21,0.0934253086419753,,,,,,
2020-09-22,0.03291754385964912,,,,,,
2020-09-23,0.027800552486187846,,,,,,
2020-09-24,-0.003199514563106797,,,,,,
2020-09-25,0.08274571428571428,,,,,,
2020-09-26,0.04970821917808219,,,,,,
2020-09-27,0.0045858823529411775,,,,,,
2020-09-28,-0.07429605263157896,,,,,,
2020-09-29,0.03488407079646018,,,,,,
2020-09-30,-0.02026943231441048,,,,,,
2020-10-01,0.01696,,,,,,
2020-10-02,0.0522652,,,,,,
2020-10-03,0.0289144578313253,,,,,,
2020-10-04,0.0027867469879518107,,,,,,
2020-10-05,0.007887195121951218,,,,,,
2020-10-06,-0.030716037735849053,,,,,,
2020-10-07,0.02305787037037037,,,,,,
2020-10-08,-0.039209426229508196,,,,,,
2020-10-09,0.06472291666666667,,,,,,
2020-10-10,-0.1332875,,,,,,
2020-10-11,0.093125,,,,,,
2020-10-12,0.04274533333333334,,,,,,
2020-10-13,0.0764646511627907,,,,,,
2020-10-14,0.0419,,,,,,
2020-10-15,-0.017746859903381644,,,,,,
2020-10-16,-0.02665695067264574,,,,,,
2020-10-17,-0.050506249999999996,,,,,,
2020-10-18,-0.05021594202898551,,,,,,
2020-10-19,0.011244303797468356,,,,,,
2020-10-20,-0.06977272727272726,,,,,,
2020-10-21,-0.03666759776536312,,,,,,
2020-10-22,-0.001075454545454545,,,,,,
2020-10-23,0.05336711111111111,,,,,,
2020-10-24,-0.12799565217391304,,,,,,
2020-10-25,0.08126623376623376,,,,,,
2020-10-26,0.036572955974842766,,,,,,
2020-10-27,0.051102439024390246,,,,,,
2020-10-28,0.013288252148997134,,,,,,
2020-10-29,-0.00852232142857143,,,,,,
2020-10-30,0.024333936651583704,,,,,,
2020-10-31,-0.09819880952380952,,,,,,
2020-11-01,-0.02162761904761905,,,,,,
2020-11-02,0.006668041237113402,,,,,,
2020-11-03,0.0002566037735849062,,,,,,
2020-11-04,0.15689464285714286,,,,,,
2020-11-05,0.004363451776649747,,,,,,
2020-11-06,0.06511497326203208,,,,,,
2020-11-07,0.10954065040650406,,,,,,
2020-11-08,0.21997934782608694,,,,,,
2020-11-09,0.013223741007194246,,,,,,
2020-11-10,0.14425079365079366,,,,,,
2020-11-11,0.029513656387665198,,,,,,
2020-11-12,0.07380606060606061,,,,,,
2020-11-13,0.004613592233009713,,,,,,
2020-11-14,-0.04586610169491526,,,,,,
2020-11-15,0.10988923076923077,,,,,,
2020-11-16,-0.03562323943661972,,,,,,
2020-11-17,-0.011154901960784312,,,,,,
2020-11-18,-0.045142631578947365,,,,,,
2020-11-19,-0.06214603174603174,,,,,,
2020-11-20,0.1072985576923077,,,,,,
2020-11-21,0.008486440677966103,,,,,,
2020-11-22,0.12772741935483872,,,,,,
2020-11-23,0.056227544910179644,,,,,,
2020-11-24,0.03241306818181818,,,,,,
2020-11-25,0.1342792270531401,,,,,,
2020-11-26,0.03869252336448598,,,,,,
2020-11-27,0.01513944954128441,,,,,,
2020-11-28,-0.03928039215686275,,,,,,
2020-11-29,0.05101969696969697,,,,,,
2020-11-30,0.04708591549295775,,,,,,
2020-12-01,0.10518703703703702,,,,,,
2020-12-02,0.12441666666666668,,,,,,
2020-12-03,0.05700625,,,,,,
2020-12-04,0.12116363636363636,,,,,,
2020-12-05,-0.015474626865671647,,,,,,
2020-12-06,0.0034016666666666657,,,,,,
2020-12-07,0.05291985294117647,,,,,,
2020-12-08,0.04900923913043478,,,,,,
2020-12-09,0.04660765027322404,,,,,,
2020-12-10,-0.00873728813559322,,,,,,
2020-12-11,0.02116987951807229,,,,,,
2020-12-12,-0.054843750000000004,,,,,,
2020-12-13,0.04974520547945205,,,,,,
2020-12-14,-0.059620261437908495,,,,,,
2020-12-15,0.09825396825396826,,,,,,
2020-12-16,0.01916237113402062,,,,,,
2020-12-17,-0.027875520833333334,,,,,,
2020-12-18,0.07163193717277487,,,,,,
2020-12-19,-0.04039411764705882,,,,,,
2020-12-20,0.17810625,,,,,,
2020-12-21,-0.009550746268656716,,,,,,
2020-12-22,0.048951282051282054,,,,,,
2020-12-23,0.03947868852459016,,,,,,
2020-12-24,0.11173680555555555,,,,,,
2020-12-25,0.08878030303030303,,,,,,
2020-12-26,-0.11026170212765957,,,,,,
2020-12-27,0.08141960784313726,,,,,,
2020-12-28,-0.06118613861386138,,,,,,
2020-12-29,-0.0006537815126050392,,,,,,
2020-12-30,0.11533359375,,,,,,
2020-12-31,0.05518761904761905,,,,,,
2021-01-01,0.0811989247311828,,,,,,
2021-01-02,-0.14676607142857143,,,,,,
2021-01-03,0.07183384615384615,,,,,,
2021-01-04,-0.06481102362204724,,,,,,
2021-01-05,0.011436310223266745,,,,,,
2021-01-06,-0.0015946808510638349,,,,,,
2021-01-07,-0.061323076923076925,,,,,,
2021-01-08,-0.08524946808510639,,,,,,
2021-01-09,-0.1532990476190476,,,,,,
2021-01-10,-0.08372112676056338,,,,,,
2021-01-11,-0.06366163522012579,,,,,,
2021-01-12,-0.012869339622641512,,,,,,
2021-01-13,-0.15479682539682538,,,,,,
2021-01-14,-0.04589252336448598,,,,,,
2021-01-15,0.0820994974874372,,,,,,
2021-01-16,-0.1308,,,,,,
2021-01-17,-0.06025352112676057,,,,,,
2021-01-18,-0.14039811320754716,,,,,,
2021-01-19,-0.054529473684210523,,,,,,
2021-01-20,0.05625654205607477,,,,,,
2021-01-21,0.04172914572864322,,,,,,
2021-01-22,0.060146874999999995,,,,,,
2021-01-23,0.005838636363636357,,,,,,
2021-01-24,-0.03281052631578948,,,,,,
2021-01-25,0.046243670886075956,,,,,,
2021-01-26,0.030535638297872342,,,,,,
2021-01-27,-0.2572701492537313,,,,,,
2021-01-28,-0.022054736842105266,,,,,,
2021-01-29,0.04572072538860104,,,,,,
2021-01-30,-0.07261315789473684,,,,,,
2021-01-31,0.052914516129032266,,,,,,
2021-02-01,0.024314,,,,,,
2021-02-02,0.014615508021390377,,,,,,
2021-02-03,-0.003164880952380953,,,,,,
2021-02-04,-0.07009390862944162,,,,,,
2021-02-05,0.070779792746114,,,,,,
2021-02-06,-0.04044477611940299,,,,,,
2021-02-07,-0.040322471910112366,,,,,,
2021-02-08,0.09805872093023256,,,,,,
2021-02-09,0.029982439024390243,,,,,,
2021-02-10,-0.0223659793814433,,,,,,
2021-02-11,-0.007813592233009708,,,,,,
2021-02-12,0.03885221674876847,,,,,,
2021-02-13,-0.08038888888888888,,,,,,
2021-02-14,-0.08598354430379747,,,,,,
2021-02-15,-0.07148,,,,,,
2021-02-16,-0.009829878048780487,,,,,,
2021-02-17,-4.195402298850623e-05,,,,,,
2021-02-18,0.019788311688311685,,,,,,
2021-02-19,0.017968717948717947,,,,,,
2021-02-20,-0.07230945945945946,,,,,,
2021-02-21,0.010452112676056337,,,,,,
2021-02-22,-0.03187642857142857,,,,,,
2021-02-23,-0.11580331491712707,,,,,,
2021-02-24,-0.017621387283236995,,,,,,
2021-02-25,-0.005427500000000001,,,,,,
2021-02-26,-0.005449779735682821,,,,,,
2021-02-27,-0.07799999999999999,,,,,,
2021-02-28,-0.09320909090909091,,,,,,
2021-03-01,0.06308571428571429,,,,,,
2021-03-02,-0.02475580110497238,,,,,,
2021-03-03,-0.013095266272189349,,,,,,
2021-03-04,0.04506649214659685,,,,,,
2021-03-05,0.049305855855855854,,,,,,
2021-03-06,-0.07012441860465117,,,,,,
2021-03-07,-0.005537662337662341,,,,,,
2021-03-08,0.010623776223776225,,,,,,
2021-03-09,-0.023632919254658387,,,,,,
2021-03-10,0.028781675392670156,,,,,,
2021-03-11,0.012571818181818184,,,,,,
2021-03-12,0.08866588235294118,,,,,,
2021-03-13,-0.05193529411764706,,,,,,
2021-03-14,0.0526906976744186,,,,,,
2021-03-15,0.061970949720670396,,,,,,
2021-03-16,-0.03756121212121213,,,,,,
2021-03-17,-0.017584269662921342,,,,,,
2021-03-18,-0.12801164021164022,,,,,,
2021-03-19,-0.010684466019417475,,,,,,
2021-03-20,-0.04407341772151899,,,,,,
2021-03-21,0.03016805555555555,,,,,,
2021-03-22,-0.033061333333333325,,,,,,
2021-03-23,-0.014664921465968582,,,,,,
2021-03-24,0.008574594594594597,,,,,,
2021-03-25,-0.013897925311203319,,,,,,
2021-03-26,-0.0359279792746114,,,,,,
2021-03-27,-0.06553116883116883,,,,,,
2021-03-28,0.033832786885245894,,,,,,
2021-03-29,0.06054503311258279,,,,,,
2021-03-30,-0.005007361963190184,,,,,,
2021-03-31,0.0023401069518716607,,,,,,
2021-04-01,0.08966666666666666,,,,,,
2021-04-02,0.021079411764705885,,,,,,
2021-04-03,-0.09376307692307692,,,,,,
2021-04-04,-0.11776842105263158,,,,,,
2021-04-05,0.05004370370370371,,,,,,
2021-04-06,0.013947783251231529,,,,,,
2021-04-07,0.026435795454545455,,,,,,
2021-04-08,-0.10129027027027025,,,,,,
2021-04-09,-0.02663560975609756,,,,,,
2021-04-10,-0.07598082191780822,,,,,,
2021-04-11,0.011675,,,,,,
2021-04-12,0.08906010638297873,,,,,,
2021-04-13,-0.08092173913043478,,,,,,
2021-04-14,-0.07356069651741294,,,,,,
2021-04-15,0.041337378640776704,,,,,,
2021-04-16,0.00344630541871921,,,,,,
2021-04-17,-0.256624,,,,,,
2021-04-18,-0.11188676470588235,,,,,,
2021-04-19,-0.06570462427745664,,,,,,
2021-04-20,0.008978918918918923,,,,,,
2021-04-21,-0.040925789473684214,,,,,,
2021-04-22,0.04924540540540541,,,,,,
2021-04-23,0.02525166666666667,,,,,,
2021-04-24,-0.052805263157894744,,,,,,
2021-04-25,-0.07926,,,,,,
2021-04-26,0.07130509554140128,,,,,,
2021-04-27,0.047229813664596276,,,,,,
2021-04-28,0.041987931034482756,,,,,,
2021-04-29,0.11411497584541062,,,,,,
2021-04-30,0.04959455782312925,,,,,,
2021-05-01,0.04198133333333333,,,,,,
2021-05-02,0.044876562499999995,,,,,,
2021-05-03,0.0209740157480315,,,,,,
2021-05-04,0.047184699453551915,,,,,,
2021-05-05,0.021160355029585805,,,,,,
2021-05-06,0.04502620320855615,,,,,,
2021-05-07,0.046009444444444436,,,,,,
2021-05-08,-0.09411076923076923,,,,,,
2021-05-09,-0.0635,,,,,,
2021-05-10,0.08215714285714286,,,,,,
2021-05-11,0.024301257861635225,,,,,,
2021-05-12,-0.031386931818181814,,,,,,
2021-05-13,-0.03113317535545024,,,,,,
2021-05-14,0.06917704918032787,,,,,,
2021-05-15,-0.008996052631578941,,,,,,
2021-05-16,-0.042494029850746275,,,,,,
2021-05-17,0.021031972789115647,,,,,,
2021-05-18,-0.06555934065934066,,,,,,
2021-05-19,0.018920111731843575,,,,,,
2021-05-20,-0.017831632653061227,,,,,,
2021-05-21,0.04986769230769231,,,,,,
2021-05-22,-0.05704788732394366,,,,,,
2021-05-23,0.06985396825396825,,,,,,
2021-05-24,-0.027536601307189542,,,,,,
2021-05-25,0.100674213836478,,,,,,
2021-05-26,-0.031013836477987423,,,,,,
2021-05-27,0.06424460784313725,,,,,,
2021-05-28,0.0883451282051282,,,,,,
2021-05-29,-0.013896511627906977,,,,,,
2021-05-30,-0.03404675324675325,,,,,,
2021-05-31,0.005391176470588234,,,,,,
2021-06-01,0.01622312925170068,,,,,,
2021-06-02,0.03646962025316456,,,,,,
2021-06-03,-0.002108823529411763,,,,,,
2021-06-04,0.06995555555555556,,,,,,
2021-06-05,0.10127246376811595,,,,,,
2021-06-06,-0.011715714285714282,,,,,,
2021-06-07,0.01678591549295775,,,,,,
2021-06-08,0.054609868421052636,,,,,,
2021-06-09,0.028475,,,,,,
2021-06-10,-0.0012944444444444466,,,,,,
2021-06-11,0.07611683168316832,,,,,,
2021-06-12,0.057284615384615385,,,,,,
2021-06-13,0.055856164383561654,,,,,,
2021-06-14,0.034334693877551024,,,,,,
2021-06-15,0.12321483516483517,,,,,,
2021-06-16,0.06371878453038675,,,,,,
2021-06-17,0.024014438502673797,,,,,,
2021-06-18,0.07345975609756097,,,,,,
2021-06-19,-0.0681046875,,,,,,
2021-06-20,0.0345955223880597,,,,,,
2021-06-21,0.06573602941176471,,,,,,
2021-06-22,-0.009037735849056606,,,,,,
2021-06-23,0.03226324324324324,,,,,,
2021-06-24,-0.0554502590673575,,,,,,
2021-06-25,-0.014553211009174314,,,,,,
2021-06-26,0.01774375,,,,,,
2021-06-27,0.02799242424242424,,,,,,
2021-06-28,0.06692587412587413,,,,,,
2021-06-29,0.0024709459459459453,,,,,,
2021-06-30,-0.006719863013698634,,,,,,
2021-07-01,0.0391,,,,,,
2021-07-02,0.013856650246305413,,,,,,
2021-07-03,-0.027336923076923075,,,,,,
2021-07-04,-0.05638367346938775,,,,,,
2021-07-05,-0.04238059701492537,,,,,,
2021-07-06,-0.04337708333333333,,,,,,
2021-07-07,0.0066412790697674435,,,,,,
2021-07-08,-0.04697514450867052,,,,,,
2021-07-09,0.03685430107526882,,,,,,
2021-07-10,-0.06474310344827586,,,,,,
2021-07-11,0.020215625,,,,,,
2021-07-12,-0.04003087248322148,,,,,,
2021-07-13,0.015494857142857142,,,,,,
2021-07-14,0.01656932515337424,,,,,,
2021-07-15,-0.016717857142857145,,,,,,
2021-07-16,0.0476120218579235,,,,,,
2021-07-17,-0.04066666666666667,,,,,,
2021-07-18,-0.09834999999999999,,,,,,
2021-07-19,-0.035634532374100726,,,,,,
2021-07-20,0.04777294117647059,,,,,,
2021-07-21,-0.004182530120481924,,,,,,
2021-07-22,-0.00041019417475727843,,,,,,
2021-07-23,0.05796029411764706,,,,,,
2021-07-24,0.05745529411764706,,,,,,
2021-07-25,0.13547738095238096,,,,,,
2021-07-26,0.12681958041958044,,,,,,
2021-07-27,0.03016685393258427,,,,,,
2021-07-28,0.08824129353233831,,,,,,
2021-07-29,0.08362458333333334,,,,,,
2021-07-30,0.051004663212435235,,,,,,
2021-07-31,0.00333625,,,,,,
2021-08-01,0.027169333333333327,,,,,,
2021-08-02,0.001453947368421051,,,,,,
2021-08-03,0.018138495575221236,,,,,,
2021-08-04,0.009736898395721926,,,,,,
2021-08-05,0.0018495283018867934,,,,,,
2021-08-06,0.07138878504672896,,,,,,
2021-08-07,0.21076266666666665,,,,,,
2021-08-08,0.03294324324324324,,,,,,
2021-08-09,-0.09691954887218045,,,,,,
2021-08-10,0.005207361963190184,,,,,,
2021-08-11,0.01630320512820513,,,,,,
2021-08-12,0.014405405405405405,,,,,,
2021-08-13,0.01901139240506329,,,,,,
2021-08-14,-0.0742530612244898,,,,,,
2021-08-15,-0.04449508196721312,,,,,,
2021-08-16,0.0007633333333333371,,,,,,
2021-08-17,-0.06408356164383561,,,,,,
2021-08-18,-0.01915679012345679,,,,,,
2021-08-19,0.015707878787878788,,,,,,
2021-08-20,0.05564294117647059,,,,,,
2021-08-21,-0.09786438356164383,,,,,,
2021-08-22,-0.15127619047619048,,,,,,
2021-08-23,-0.036312698412698415,,,,,,
2021-08-24,0.00865066666666667,,,,,,
2021-08-25,-0.06242465753424658,,,,,,
2021-08-26,-0.04830320512820513,,,,,,
2021-08-27,0.010895813953488372,,,,,,
2021-08-28,-0.06000491803278688,,,,,,
2021-08-29,-0.13161639344262296,,,,,,
2021-08-30,-0.012843448275862071,,,,,,
2021-08-31,-0.019811805555555558,,,,,,
2021-09-01,-0.03613674698795181,,,,,,
2021-09-02,0.03571725888324873,,,,,,
2021-09-03,0.01911715976331361,,,,,,
2021-09-04,-0.119115,,,,,,
2021-09-05,-0.01897627118644068,,,,,,
2021-09-06,-0.046915384615384616,,,,,,
2021-09-07,0.00672042253521127,,,,,,
2021-09-08,-0.0402494623655914,,,,,,
2021-09-09,0.032312315270935955,,,,,,
2021-09-10,-0.05772162162162162,,,,,,
2021-09-11,-0.11490823529411766,,,,,,
2021-09-12,0.05504177215189873,,,,,,
2021-09-13,-0.011323668639053252,,,,,,
2021-09-14,0.07226984126984128,,,,,,
2021-09-15,0.024125405405405403,,,,,,
2021-09-16,0.034518848167539265,,,,,,
2021-09-17,0.03631467889908257,,,,,,
2021-09-18,-0.12881803278688525,,,,,,
2021-09-19,0.10720845070422534,,,,,,
2021-09-20,0.10158641975308642,,,,,,
2021-09-21,0.017328994082840235,,,,,,
2021-09-22,0.07700585585585587,,,,,,
2021-09-23,0.036324999999999996,,,,,,
2021-09-24,0.10346681034482759,,,,,,
2021-09-25,0.028183333333333335,,,,,,
2021-09-26,0.09168157894736843,,,,,,
2021-09-27,0.045476875,,,,,,
2021-09-28,0.0413113924050633,,,,,,
2021-09-29,0.029197860962566845,,,,,,
2021-09-30,0.03358034188034188,,,,,,
2021-10-01,0.04220714285714286,,,,,,
2021-10-02,0.014450847457627116,,,,,,
2021-10-03,0.02926133333333333,,,,,,
2021-10-04,-0.011869736842105261,,,,,,
2021-10-05,0.012893023255813957,,,,,,
2021-10-06,0.09089320987654322,,,,,,
2021-10-07,0.10076267942583732,,,,,,
2021-10-08,0.088535,,,,,,
2021-10-09,-0.1435626865671642,,,,,,
2021-10-10,-0.05708888888888889,,,,,,
2021-10-11,0.08672403100775194,,,,,,
2021-10-12,-0.0045640243902439,,,,,,
2021-10-13,0.10114378698224852,,,,,,
2021-10-14,0.014686740331491708,,,,,,
2021-10-15,-0.07357329545454545,,,,,,
2021-10-16,-0.10277894736842104,,,,,,
2021-10-17,0.009861538461538456,,,,,,
2021-10-18,0.0034669291338582696,,,,,,
2021-10-19,0.0016668604651162795,,,,,,
2021-10-20,0.008949717514124296,,,,,,
2021-10-21,0.04269833333333333,,,,,,
2021-10-22,0.10571136363636363,,,,,,
2021-10-23,-0.17405357142857142,,,,,,
2021-10-24,0.022566666666666662,,,,,,
2021-10-25,0.0037396825396825394,,,,,,
2021-10-26,-0.058580921052631574,,,,,,
2021-10-27,0.006820731707317072,,,,,,
2021-10-28,-0.051676041666666665,,,,,,
2021-10-29,0.051426262626262625,,,,,,
2021-10-30,-0.04283373493975904,,,,,,
2021-10-31,-0.01522448979591836,,,,,,
2021-11-01,0.037484768211920524,,,,,,
2021-11-02,0.03241784037558686,,,,,,
2021-11-03,0.06861699029126214,,,,,,
2021-11-04,0.06590462427745665,,,,,,
2021-11-05,0.05190857142857143,,,,,,
2021-11-06,0.035852238805970146,,,,,,
2021-11-07,0.09068235294117648,,,,,,
2021-11-08,0.058280303030303036,,,,,,
2021-11-09,0.0008596026490066205,,,,,,
2021-11-10,-0.08609939024390244,,,,,,
2021-11-11,0.06947885714285715,,,,,,
2021-11-12,0.07645135135135135,,,,,,
2021-11-13,-0.018947761194029855,,,,,,
2021-11-14,-0.022957894736842108,,,,,,
2021-11-15,0.026387596899224812,,,,,,
2021-11-16,0.04083061224489796,,,,,,
2021-11-17,-0.043125824175824175,,,,,,
2021-11-18,0.026997752808988765,,,,,,
2021-11-19,0.05952287234042553,,,,,,
2021-11-20,-0.07221315789473684,,,,,,
2021-11-21,0.05764838709677419,,,,,,
2021-11-22,-0.0386235294117647,,,,,,
2021-11-23,0.04832542372881356,,,,,,
2021-11-24,0.06370561797752809,,,,,,
2021-11-25,0.01825408163265306,,,,,,
2021-11-26,0.10274554455445545,,,,,,
2021-11-27,-0.0029666666666666682,,,,,,
2021-11-28,-0.08776612903225807,,,,,,
2021-11-29,-0.025686394557823133,,,,,,
2021-11-30,0.0957951923076923,,,,,,
2021-12-01,0.01286931818181818,,,,,,
2021-12-02,-0.013447804878048778,,,,,,
2021-12-03,0.0841391959798995,,,,,,
2021-12-04,-0.056032307692307694,,,,,,
2021-12-05,-0.047456716417910445,,,,,,
2021-12-06,0.04706899224806201,,,,,,
2021-12-07,0.07191148648648649,,,,,,
2021-12-08,0.04530196078431373,,,,,,
2021-12-09,0.02716042780748663,,,,,,
2021-12-10,0.05982035928143713,,,,,,
2021-12-11,-0.046283333333333336,,,,,,
2021-12-12,-0.035606557377049174,,,,,,
2021-12-13,-0.022655645161290327,,,,,,
2021-12-14,0.05583986928104575,,,,,,
2021-12-15,-0.04845819209039549,,,,,,
2021-12-16,0.01752857142857143,,,,,,
2021-12-17,0.07724319526627219,,,,,,
2021-12-18,-0.18871847826086954,,,,,,
2021-12-19,-0.06108095238095238,,,,,,
2021-12-20,0.05899344262295082,,,,,,
2021-12-21,0.0304381679389313,,,,,,
2021-12-22,0.09996369047619048,,,,,,
2021-12-23,0.042509392265193374,,,,,,
2021-12-24,0.06996632653061224,,,,,,
2021-12-25,-0.01974222222222222,,,,,,
2021-12-26,0.12546206896551723,,,,,,
2021-12-27,0.07152941176470588,,,,,,
2021-12-28,-0.06482500000000001,,,,,,
2021-12-29,-0.01813888888888889,,,,,,
2021-12-30,0.046160769230769234,,,,,,
