date,vader_SA_daily_average,textblob_SA_daily_average
2017-01-01,0.05236575342465753,0.14507645242078612
2017-01-02,-0.04773977272727273,0.0795781953736499
2017-01-03,0.038190540540540545,0.11550224721626233
2017-01-04,0.054095,0.1347694538369968
2017-01-05,0.06644812834224598,0.1218777125404799
2017-01-06,0.034963963963963965,0.11758097924764589
2017-01-07,0.013456976744186047,0.1013352132901551
2017-01-08,0.06533376623376624,0.1443154551076629
2017-01-09,0.046715675675675666,0.1048403892153892
2017-01-10,0.08588571428571427,0.12596828413682468
2017-01-11,0.055791509433962265,0.1272875288146514
2017-01-12,0.03917586206896552,0.12090978142455971
2017-01-13,0.08670869565217391,0.1161593603653281
2017-01-14,0.028709615384615382,0.12613066042753537
2017-01-15,0.09623552631578948,0.12341635140566058
2017-01-16,-0.009096124031007749,0.10480580035812592
2017-01-17,0.02694204545454545,0.1169388368797358
2017-01-18,0.05956801801801802,0.12058676276384606
2017-01-19,0.012604597701149427,0.12064534038532641
2017-01-20,0.06549045801526718,0.11696785250070416
2017-01-21,0.054016513761467884,0.11842205964027719
2017-01-22,-0.015275949367088608,0.11618365832692641
2017-01-23,0.011637714285714286,0.11363841409912835
2017-01-24,0.019428901734104043,0.10995257905229
2017-01-25,0.0036130841121495305,0.11928387753830008
2017-01-26,0.04560628019323672,0.1103346170688146
2017-01-27,0.02059106382978723,0.11762669117722306
2017-01-28,-0.016707207207207215,0.12043774293774293
2017-01-29,-0.1309513157894737,0.13567813815894952
2017-01-30,0.09114788732394366,0.15264102215236797
2017-01-31,0.03420735294117647,0.13368980969913213
2017-02-01,0.048137391304347826,0.12666598124324452
2017-02-02,0.027488841201716737,0.11947709390037713
2017-02-03,0.04850286885245902,0.14161019825217716
2017-02-04,0.027412621359223302,0.1358847912951588
2017-02-05,0.03817346938775509,0.09888495008392965
2017-02-06,0.08047869822485208,0.1225056763037532
2017-02-07,-0.02468435754189944,0.11863790160973584
2017-02-08,0.06816600985221676,0.13962708250027916
2017-02-09,-0.02232863636363636,0.11083549627790328
2017-02-10,0.08138033472803347,0.13727130213270378
2017-02-11,0.06650094339622642,0.13400534004233883
2017-02-12,0.1062590909090909,0.15553750778892822
2017-02-13,0.06271083743842365,0.12047611178113463
2017-02-14,0.0409045871559633,0.12362999269249265
2017-02-15,0.08220925925925926,0.12216531273095173
2017-02-16,0.0723139344262295,0.12013624417603239
2017-02-17,0.11608780487804879,0.13917142632284907
2017-02-18,0.020675,0.12113532647907645
2017-02-19,0.0105020202020202,0.11716906012991868
2017-02-20,0.005358015267175572,0.100547296391762
2017-02-21,0.003494179894179896,0.11652044506541859
2017-02-22,0.03937582417582418,0.11820627669288379
2017-02-23,0.059948803827751196,0.12430242487316988
2017-02-24,-0.01543032786885246,0.1265515942985438
2017-02-25,-0.01477232142857143,0.1059612598669518
2017-02-26,0.03168625,0.09991050948472821
2017-02-27,0.09348631578947368,0.12422734139642032
2017-02-28,0.029377248677248682,0.1026007476503508
2017-03-01,0.03333663793103448,0.11569980037921844
2017-03-02,0.0720467248908297,0.11955544993445281
2017-03-03,0.12987510917030567,0.14478778953942703
2017-03-04,0.05929809523809524,0.11656567242281524
2017-03-05,-2.6865671641796373e-05,0.11306478071403442
2017-03-06,0.03283060109289618,0.12354404599506079
2017-03-07,0.02974285714285714,0.10803838332938859
2017-03-08,0.05274619289340102,0.10661717885893009
2017-03-09,0.022813807531380754,0.12593842911311529
2017-03-10,0.02528073394495413,0.12170393834085672
2017-03-11,-0.02143333333333333,0.1167700670335474
2017-03-12,0.1818567901234568,0.12231210176426223
2017-03-13,0.07437326203208557,0.12674850797845447
2017-03-14,0.06426782178217823,0.11528265390314539
2017-03-15,0.0382953488372093,0.12062199734251225
2017-03-16,0.025228395061728397,0.11545233013146271
2017-03-17,0.05774244897959184,0.13279957856364558
2017-03-18,-0.03278867924528302,0.1023824158022271
2017-03-19,0.05294047619047619,0.11749656428227853
2017-03-20,0.022640697674418602,0.11919697616390929
2017-03-21,0.027754010695187167,0.10294691568087286
2017-03-22,0.002214285714285715,0.09843651643466912
2017-03-23,0.024160747663551405,0.11060952481788593
2017-03-24,-0.03943881856540085,0.11651140279557246
2017-03-25,-0.008026041666666662,0.10669662465235379
2017-03-26,0.03623974358974359,0.10955998399748396
2017-03-27,-0.028892638036809817,0.11276465907984311
2017-03-28,0.012741798941798943,0.09449012164122234
2017-03-29,0.06350784313725491,0.12840313675975437
2017-03-30,0.05298303571428571,0.12880373270790998
2017-03-31,0.016138938053097344,0.11960202264958898
2017-04-01,0.039782568807339456,0.08772887238483566
2017-04-02,0.05898271604938271,0.1300091219773759
2017-04-03,0.07209401197604791,0.09995467295670458
2017-04-04,-0.005106470588235295,0.12386475274453211
2017-04-05,0.03180717488789238,0.12028915495287208
2017-04-06,0.01826,0.11442300763801795
2017-04-07,-0.02202277580071174,0.11753870409373711
2017-04-08,0.0013820754716981128,0.11048911679689978
2017-04-09,0.03376233766233767,0.10369929973826075
2017-04-10,0.02154754098360656,0.1139513081695769
2017-04-11,-0.0825301204819277,0.11603589978342556
2017-04-12,-0.0031056410256410276,0.11066879454119712
2017-04-13,0.024613,0.12467893973420756
2017-04-14,0.047354455445544556,0.11933648645298378
2017-04-15,-0.010736734693877549,0.11481649608152887
2017-04-16,-0.047984285714285715,0.11248662646876931
2017-04-17,-0.015169333333333335,0.1263303020641909
2017-04-18,0.03365864197530864,0.12096607849088004
2017-04-19,0.09796212121212121,0.1223240896475925
2017-04-20,0.014514999999999998,0.11799560132728419
2017-04-21,-0.019871844660194173,0.13392899633884373
2017-04-22,-0.018664130434782603,0.10785623257867044
2017-04-23,0.07566835443037975,0.13517322410360383
2017-04-24,0.00508411764705882,0.09935689669807313
2017-04-25,0.049766120218579235,0.11294070505599582
2017-04-26,0.048036842105263156,0.11326953748006376
2017-04-27,0.019999539170506914,0.11939317449155333
2017-04-28,0.052131707317073166,0.12934858071661204
2017-04-29,-0.05631134020618557,0.09297082715553502
2017-04-30,0.011746153846153852,0.11736101164347915
2017-05-01,0.03603315217391304,0.11437468969737989
2017-05-02,0.037395721925133685,0.13118717895790086
2017-05-03,0.15255962441314552,0.11767670601003931
2017-05-04,0.030640291262135924,0.12373223537968679
2017-05-05,0.046501626016260164,0.1253364614251301
2017-05-06,0.010676086956521742,0.08416765787553829
2017-05-07,0.0018531645569620293,0.135195525064648
2017-05-08,0.027219277108433738,0.11425535552848372
2017-05-09,0.030146276595744682,0.12200920818037075
2017-05-10,-0.046946153846153846,0.10248762811262808
2017-05-11,0.11210833333333334,0.1274699091920559
2017-05-12,0.05437878787878788,0.11945620697869748
2017-05-13,0.017429347826086957,0.08921580746648679
2017-05-14,0.05356020408163265,0.1250754651307372
2017-05-15,-0.007727222222222222,0.10877274769616037
2017-05-16,-0.04888192090395481,0.1161504357877945
2017-05-17,-0.006929166666666669,0.12371375725397714
2017-05-18,-0.003828017241379312,0.11350867378037942
2017-05-19,0.014678008298755187,0.12024143083145747
2017-05-20,0.019516470588235295,0.12538397278103158
2017-05-21,0.05470322580645161,0.12534543796355457
2017-05-22,0.010766285714285713,0.10298396678151778
2017-05-23,0.015177717391304347,0.12823288531760965
2017-05-24,0.023473611111111112,0.10839289423924837
2017-05-25,0.04381635514018691,0.1311833668636906
2017-05-26,0.010160909090909089,0.11094404907662479
2017-05-27,-0.06221927710843374,0.09275340539647767
2017-05-28,0.03154141414141414,0.14413224667481517
2017-05-29,-0.020706930693069305,0.0910770498818589
2017-05-30,0.06712857142857144,0.1104387753909083
2017-05-31,0.02480372340425532,0.11869031628340136
2017-06-01,0.08900727272727271,0.09456194011465925
2017-06-02,0.13446015325670496,0.14250966558882538
2017-06-03,0.010877551020408164,0.09934151709024154
2017-06-04,-0.05092380952380953,0.12661770376614123
2017-06-05,0.027166875,0.1258956842732884
2017-06-06,-0.013363243243243244,0.12016981039481037
2017-06-07,0.06884675925925926,0.09589405341899025
2017-06-08,0.04428577405857741,0.11893555391388623
2017-06-09,0.07669051724137932,0.11635706703583085
2017-06-10,-0.08328761061946903,0.09802078459342468
2017-06-11,-0.04104952380952381,0.10195706154515674
2017-06-12,0.07576514285714286,0.12443975738924715
2017-06-13,0.002186082474226806,0.1252627883523502
2017-06-14,-0.04152433862433863,0.11613761885492797
2017-06-15,0.03345603864734299,0.1031485760914102
2017-06-16,0.04479063829787234,0.12021330949530036
2017-06-17,-0.041491509433962265,0.08122833228965301
2017-06-18,0.029370754716981137,0.1314734549480169
2017-06-19,-0.01429685534591195,0.11267566727472386
2017-06-20,-0.0036827956989247315,0.10914543878833954
2017-06-21,-0.01912464454976303,0.1352149181275648
2017-06-22,0.024542173913043475,0.11316779466507725
2017-06-23,-0.0055393939393939395,0.12213498113181165
2017-06-24,-0.08625222222222222,0.09903548814868256
2017-06-25,0.024338834951456313,0.12183779834872063
2017-06-26,0.09260981595092026,0.1299253837991787
2017-06-27,0.05789281767955801,0.13077387097760024
2017-06-28,0.025645355191256828,0.12239708593875256
2017-06-29,0.004395169082125607,0.11905196298985117
2017-06-30,0.08067809523809523,0.1277703357928118
2017-07-01,-0.021779999999999997,0.12381015152665868
2017-07-02,-0.006649999999999996,0.11216115619987897
2017-07-03,0.028865100671140936,0.12434855102640334
2017-07-04,-0.02272897196261682,0.12258006326055389
2017-07-05,0.0714764331210191,0.10250753240990576
2017-07-06,0.0692183962264151,0.12347829270077694
2017-07-07,0.04027305699481865,0.13640844074846664
2017-07-08,0.023015957446808507,0.1104921309271613
2017-07-09,0.028109,0.11258535353535348
2017-07-10,0.028180281690140845,0.09434166643076347
2017-07-11,-0.0046160427807486635,0.10806010296680653
2017-07-12,0.066146875,0.11815730252579208
2017-07-13,0.08143452914798206,0.10841975996516354
2017-07-14,0.08053720930232558,0.14386462435220737
2017-07-15,-0.08784578313253012,0.07832539030581198
2017-07-16,0.07737628865979382,0.1075900419263821
2017-07-17,-0.015059146341463417,0.10684389225716531
2017-07-18,-0.00889354838709677,0.09928007562180946
2017-07-19,0.03932970297029703,0.1099616641085877
2017-07-20,0.011387128712871288,0.10789468710901699
2017-07-21,0.02548612440191388,0.10656015797890368
2017-07-22,-0.012081052631578944,0.1378079194197615
2017-07-23,-0.03796741573033707,0.12961407560792257
2017-07-24,0.03823836477987421,0.09076299457588763
2017-07-25,0.02063967391304348,0.11667886033695425
2017-07-26,-0.015434946236559142,0.10220660328321617
2017-07-27,0.05093333333333334,0.11646098517749837
2017-07-28,0.07254809523809523,0.09703956614373278
2017-07-29,0.03356395348837209,0.11020276127834264
2017-07-30,0.08568333333333333,0.12662163415976657
2017-07-31,0.03699869281045751,0.10965812487258564
2017-08-01,0.002804191616766465,0.10523359463036801
2017-08-02,0.07327885714285715,0.128582457740672
2017-08-03,0.025242211055276388,0.11929845358371917
2017-08-04,0.09197259615384615,0.11520093392629448
2017-08-05,0.01981724137931034,0.0862590947792097
2017-08-06,-0.0015441176470588221,0.11968962143909621
2017-08-07,0.03190920245398773,0.0969449748201939
2017-08-08,0.014273584905660377,0.10743790711241495
2017-08-09,-0.025457058823529412,0.12210888117873407
2017-08-10,0.022833333333333337,0.1090305526778993
2017-08-11,0.014438578680203045,0.1272073991494767
2017-08-12,-0.0971625,0.1092298936333027
2017-08-13,-0.003332653061224492,0.11032415689941198
2017-08-14,-0.07569151515151515,0.10357525668975884
2017-08-15,-0.04949454545454545,0.09830160639916145
2017-08-16,-0.03310793650793651,0.11781455156678476
2017-08-17,-0.08800338983050847,0.1008650662980584
2017-08-18,0.022075348837209303,0.1286633351390826
2017-08-19,-0.07922278481012658,0.12631438533337266
2017-08-20,0.09039696969696971,0.13267366880687584
2017-08-21,-0.013428930817610063,0.09913303444749982
2017-08-22,-0.029753072625698325,0.09542107393065091
2017-08-23,0.03616011904761905,0.10888538674571835
2017-08-24,-0.03921625615763547,0.123750975682318
2017-08-25,0.03694619047619048,0.1113523465952037
2017-08-26,-0.053252325581395345,0.07800021878371821
2017-08-27,-0.11062553191489362,0.09525976657587595
2017-08-28,-0.006030519480519477,0.09256666393928682
2017-08-29,-0.022918954248366014,0.117372149349682
2017-08-30,-0.036889349112426036,0.11372404000151248
2017-08-31,0.0318455,0.11877373794635697
2017-09-01,0.08639035532994924,0.1352152004087283
2017-09-02,-0.07543820224719101,0.10308712458993355
2017-09-03,0.011089814814814815,0.11667549455247865
2017-09-04,-0.028197959183673463,0.13910032459352184
2017-09-05,0.017596363636363632,0.10517971562668531
2017-09-06,0.05634246575342466,0.1187452624747145
2017-09-07,0.09967488986784141,0.13838824476749267
2017-09-08,0.0024121951219512184,0.10719011922403461
2017-09-09,0.05468785046728972,0.13902916009224417
2017-09-10,0.010720967741935483,0.12525065119319148
2017-09-11,0.01913225806451613,0.12041803984545917
2017-09-12,0.046421608040201005,0.12095559079855558
2017-09-13,0.0018903553299492411,0.1154766220337286
2017-09-14,0.08002744186046512,0.13730992636777517
2017-09-15,0.038899111111111113,0.11849330915837407
2017-09-16,-0.00155862068965517,0.12655193316687566
2017-09-17,0.01896875,0.12002803671240769
2017-09-18,0.0179103825136612,0.12671021040989014
2017-09-19,-0.05423502824858757,0.11872761118876934
2017-09-20,0.06414942528735632,0.12427520411775678
2017-09-21,0.040953588516746416,0.12621603441441387
2017-09-22,-0.0045358078602620085,0.12127068090004767
2017-09-23,0.011921111111111106,0.11589034525145633
2017-09-24,-0.014467647058823528,0.10469452932688224
2017-09-25,-0.016462345679012346,0.10886792083088377
2017-09-26,-0.0019100000000000028,0.11971785997755606
2017-09-27,0.041104054054054054,0.13277786928084542
2017-09-28,0.028764220183486233,0.12902729650149372
2017-09-29,-0.017276106194690263,0.10066627612353675
2017-09-30,-0.020537037037037034,0.09324529836875514
2017-10-01,-0.0033008849557522113,0.12014228622082601
2017-10-02,-0.016805319148936168,0.12287392637143946
2017-10-03,0.028621649484536084,0.11999739897130357
2017-10-04,0.0370828125,0.14678665672081692
2017-10-05,0.04974059829059829,0.12645429575041395
2017-10-06,-0.011474439461883408,0.12963294267065884
2017-10-07,-0.17188977272727274,0.09249123501558563
2017-10-08,0.0012028846153846152,0.10969015359640356
2017-10-09,0.012269871794871795,0.12180209329911708
2017-10-10,0.015633333333333332,0.1136021808483652
2017-10-11,0.047897474747474744,0.11767607775688581
2017-10-12,0.145868,0.1408713894042465
2017-10-13,0.01699354838709678,0.1222309137741525
2017-10-14,0.002066666666666663,0.09970483778673432
2017-10-15,-0.02001515151515151,0.12394417448899768
2017-10-16,0.035417415730337076,0.10716286899222291
2017-10-17,-0.042083625730994154,0.10262407351150037
2017-10-18,0.062360126582278484,0.11514742372996588
2017-10-19,0.017179069767441858,0.09811140264773983
2017-10-20,0.037982211538461534,0.12237253755567859
2017-10-21,-0.04095365853658536,0.11204427127750295
2017-10-22,0.09813333333333335,0.1252126240762604
2017-10-23,-0.02600184049079754,0.11435586472416204
2017-10-24,0.07928324873096447,0.1344075549732275
2017-10-25,-0.0021894999999999987,0.1342469622887033
2017-10-26,0.0162457399103139,0.12979287733347628
2017-10-27,0.015786818181818183,0.11376737527279879
2017-10-28,-0.12421234567901233,0.09040553981912006
2017-10-29,0.02115529411764706,0.10863297035986108
2017-10-30,-0.12023056994818652,0.10076046331810577
2017-10-31,-0.0419320197044335,0.12096510004708452
2017-11-01,-0.021332142857142862,0.1085971108361323
2017-11-02,0.014488362068965517,0.13007442562426397
2017-11-03,0.031878969957081546,0.11961243214826137
2017-11-04,-0.11156179775280899,0.10483066833588499
2017-11-05,0.09306363636363636,0.10761805703048485
2017-11-06,-0.0045261146496815285,0.0953556821300224
2017-11-07,0.043530687830687836,0.11704283390177188
2017-11-08,0.032733027522935776,0.11938915965320779
2017-11-09,-0.020504784688995213,0.11001883392981875
2017-11-10,0.03348279069767442,0.14071430464453719
2017-11-11,-0.06131086956521739,0.12395328339171856
2017-11-12,0.006655263157894737,0.12698539198374723
2017-11-13,0.02425595238095238,0.12104724255021872
2017-11-14,0.025822222222222222,0.11924430646432407
2017-11-15,0.0088933014354067,0.1093745983991199
2017-11-16,0.05731447963800906,0.12622480009373965
2017-11-17,0.05232374429223744,0.14381791386357592
2017-11-18,-0.12495,0.11966986488145338
2017-11-19,0.02634814814814815,0.15546250200416864
2017-11-20,0.012108387096774193,0.11594173050451849
2017-11-21,-0.0407904255319149,0.11781562458424158
2017-11-22,0.0681925925925926,0.11938125171885296
2017-11-23,0.14385154639175257,0.14335693303927838
2017-11-24,0.056483200000000004,0.11266525596097021
2017-11-25,-0.11632352941176471,0.10958641032170441
2017-11-26,-0.006578082191780815,0.13134634340798723
2017-11-27,0.07434264705882353,0.12758704625498213
2017-11-28,-0.05786931818181818,0.1152240481661646
2017-11-29,0.06275625,0.11205765147757334
2017-11-30,0.008674999999999999,0.11074314027723116
2017-12-01,0.07640162601626016,0.14549764401942097
2017-12-02,-0.01829255319148936,0.0726940638656064
2017-12-03,0.018416666666666668,0.1376612096237096
2017-12-04,-0.04780481927710843,0.10815490135143746
2017-12-05,0.04655721649484536,0.1389593337204714
2017-12-06,0.09654837209302325,0.1563842544652345
2017-12-07,0.0039028436018957342,0.14420596309518108
2017-12-08,-0.02139144144144144,0.12506907448574112
2017-12-09,-0.03414105263157895,0.1286782298841509
2017-12-10,-0.06779759036144578,0.126059832765405
2017-12-11,-0.0034980132450331105,0.11557820126790874
2017-12-12,-0.08169597701149425,0.11786604585814352
2017-12-13,0.03355432692307692,0.1218601468262354
2017-12-14,0.07041435406698564,0.140880809116455
2017-12-15,0.02296969696969697,0.10719523768529447
2017-12-16,0.11491799999999999,0.12131362614237612
2017-12-17,0.010417105263157889,0.09998391033047985
2017-12-18,0.014056338028169016,0.11787111981654232
2017-12-19,0.042768421052631574,0.1371993415419167
2017-12-20,-0.022884408602150536,0.10646082884658149
2017-12-21,0.02223756345177665,0.12043425963422336
2017-12-22,0.0712520202020202,0.15129595221184813
2017-12-23,0.008849275362318842,0.12128814237962784
2017-12-24,-0.008754098360655745,0.11448595467330827
2017-12-25,-0.05302794117647059,0.12069450987465691
2017-12-26,0.0633206611570248,0.10856666921233032
2017-12-27,0.03154285714285714,0.10753779848880385
2017-12-28,0.07020537634408602,0.15752875534461552
2017-12-29,0.01682828947368421,0.11483085811909823
2017-12-30,0.0423948051948052,0.11731630076272931
2017-12-31,-0.06643064516129032,0.1181248254433738
2018-01-01,0.04362268041237114,0.13252667135270224
2018-01-02,-0.005152499999999998,0.10618389704589874
2018-01-03,-0.024384795321637422,0.1066277130868296
2018-01-04,0.0028579487179487164,0.11129812052425686
2018-01-05,0.010760386473429955,0.12573873003673727
2018-01-06,0.05403661971830986,0.12156934028412898
2018-01-07,0.007213924050632916,0.14420291190716963
2018-01-08,-0.03815705128205128,0.12089701202126794
2018-01-09,0.03156914285714286,0.10282119454619451
2018-01-10,-0.02284777777777778,0.10641357774170272
2018-01-11,0.08192985781990521,0.11763396347815777
2018-01-12,0.018581249999999997,0.1093449785168535
2018-01-13,-0.08303452380952381,0.11300552291623718
2018-01-14,0.04221973684210527,0.08628476415154043
2018-01-15,0.026611864406779664,0.13322217534505668
2018-01-16,-0.007522012578616353,0.10118041202250544
2018-01-17,0.027995857988165687,0.10687999494570005
2018-01-18,-0.011995909090909094,0.14221022180681267
2018-01-19,0.021133809523809527,0.12472803545660685
2018-01-20,-0.15415576923076924,0.12224057357985926
2018-01-21,0.06788815789473684,0.10718970604896354
2018-01-22,-0.012588414634146342,0.11001887890226303
2018-01-23,0.0007121693121693133,0.11649055573006817
2018-01-24,-0.0012936170212766007,0.12289355049993346
2018-01-25,-0.021404545454545454,0.12900188112219135
2018-01-26,0.016561860465116277,0.11761299863849695
2018-01-27,-0.03391071428571428,0.1012896493537727
2018-01-28,0.09780987654320988,0.1348459462348351
2018-01-29,0.01619671052631579,0.11090756687443715
2018-01-30,0.06647704081632654,0.12987578012905998
2018-01-31,0.036198529411764706,0.11083783105154776
2018-02-01,0.03686093023255814,0.12086932664944591
2018-02-02,0.05752524752475247,0.12543347021777004
2018-02-03,-0.05449340659340659,0.11334883304526158
2018-02-04,0.030757377049180325,0.13963006167582667
2018-02-05,-0.018145454545454544,0.12204793634277594
2018-02-06,-0.04137582417582418,0.11898940939649334
2018-02-07,0.015872105263157892,0.12246491465405936
2018-02-08,0.02100372093023256,0.12201159398003249
2018-02-09,0.02364841628959276,0.12207019594998647
2018-02-10,-0.0619957264957265,0.11507779830963588
2018-02-11,-0.01786547619047619,0.11517174954674952
2018-02-12,0.04014142011834319,0.10446647613680576
2018-02-13,0.0722484375,0.11557151287624684
2018-02-14,0.06919589743589744,0.12637148807982138
2018-02-15,-0.0032177272727272723,0.11986867169551826
2018-02-16,0.03581751152073733,0.10714861536952548
2018-02-17,-0.13959532710280373,0.09633068295251203
2018-02-18,-0.1450775,0.08077712767556514
2018-02-19,0.06008203125,0.10678791431632337
2018-02-20,-0.007986096256684491,0.10727377558355401
2018-02-21,0.047857000000000004,0.12386329885172144
2018-02-22,0.012119095477386934,0.12371050112081157
2018-02-23,0.01136344537815126,0.11049220767505578
2018-02-24,-0.032986666666666664,0.10382949977082627
2018-02-25,0.015284722222222226,0.11462251483084812
2018-02-26,0.08046139240506328,0.1309171880042133
2018-02-27,0.07758411764705882,0.11010720361376872
2018-02-28,0.008402072538860102,0.11629391484683858
2018-03-01,0.01324037558685446,0.12912090208431892
2018-03-02,-0.007384931506849317,0.11440270186645755
2018-03-03,-0.07725699999999999,0.1479892977392977
2018-03-04,0.0521625,0.15786260535550303
2018-03-05,0.04629080459770115,0.142939480227247
2018-03-06,0.0025058479532163703,0.10848558070576655
2018-03-07,0.05027894736842105,0.12155842117016925
2018-03-08,0.006518396226415096,0.11989713846039651
2018-03-09,-0.001696,0.12925113335738334
2018-03-10,-0.03418375,0.11994349747474745
2018-03-11,-0.03331978021978022,0.1193757261257261
2018-03-12,-0.07157730061349693,0.12778273958488678
2018-03-13,0.02583155080213903,0.10447432342455432
2018-03-14,-0.08197524752475248,0.12347551698197028
2018-03-15,0.025035682819383263,0.12108553809544996
2018-03-16,-0.019157727272727274,0.13510517495221225
2018-03-17,0.011301075268817205,0.13856684622909657
2018-03-18,0.04357530864197531,0.11989028379680933
2018-03-19,-0.0948329192546584,0.10698603156677688
2018-03-20,-0.04984371859296482,0.11486291932523085
2018-03-21,0.058990109890109894,0.12514563825724537
2018-03-22,0.0013204444444444461,0.12186752307069763
2018-03-23,0.001730303030303031,0.11555034621863625
2018-03-24,-0.035040243902439025,0.10783517154706174
2018-03-25,-0.03604698795180723,0.12799087816944957
2018-03-26,-0.00876644736842105,0.11665773973978073
2018-03-27,-0.060455056179775285,0.10058840679451632
2018-03-28,-0.011962755102040817,0.13038483412845656
2018-03-29,0.08142901554404144,0.12867358899256565
2018-03-30,-0.03996358974358974,0.1066016778635826
2018-03-31,-0.045034177215189874,0.13897419797736252
2018-04-01,-0.04605125,0.11885446815089669
2018-04-02,-0.039807741935483865,0.11539961767409922
2018-04-03,0.022795652173913043,0.12109710141193057
2018-04-04,-0.03691129032258064,0.1038784922639089
2018-04-05,-0.007943720930232557,0.10567971020919523
2018-04-06,0.008971038251366121,0.13038222863715493
2018-04-07,-0.08223571428571429,0.09977021490414345
2018-04-08,-0.03310348837209302,0.12330400593700008
2018-04-09,-0.004381325301204821,0.12814331040127078
2018-04-10,0.0028915151515151506,0.11522271597650383
2018-04-11,0.02576417910447761,0.10982562984739598
2018-04-12,-0.003112735849056605,0.11223624861228042
2018-04-13,-0.01027251184834123,0.14190998024706553
2018-04-14,-0.0953448275862069,0.11557466140374967
2018-04-15,0.05521066666666667,0.10436980118646783
2018-04-16,-0.039703225806451616,0.09502715131344161
2018-04-17,-0.010210880829015546,0.11879670260175439
2018-04-18,0.02504030612244898,0.11826264620205944
2018-04-19,0.010036945812807884,0.11486522627163019
2018-04-20,0.04088844221105528,0.11185330411160452
2018-04-21,-0.014214285714285714,0.14174339170930078
2018-04-22,-0.11448636363636364,0.11093044897022168
2018-04-23,-0.04463986013986014,0.11061537328937894
2018-04-24,0.0411233918128655,0.11941257983948039
2018-04-25,-0.01776785714285714,0.10538676639100288
2018-04-26,0.007587200000000001,0.12801861908249673
2018-04-27,0.041312371134020615,0.12435185857820244
2018-04-28,-0.059373076923076924,0.10366452895098725
2018-04-29,-0.005365853658536584,0.12233650383040623
2018-04-30,-7.484662576686837e-05,0.1137601408212166
2018-05-01,0.055601197604790424,0.11899563795201089
2018-05-02,-0.014648469387755101,0.10476972856175962
2018-05-03,-0.0024866071428571433,0.12210028848525337
2018-05-04,0.002814814814814812,0.12638128498414264
2018-05-05,-0.02816315789473685,0.13319593683432965
2018-05-06,-0.028537864077669898,0.11748068876972333
2018-05-07,-0.018793877551020403,0.11047855358121832
2018-05-08,0.04711413612565445,0.12285710697098128
2018-05-09,0.04342608695652173,0.1156169252334711
2018-05-10,0.020953521126760563,0.11021355659207768
2018-05-11,0.03537623762376237,0.11401878117040211
2018-05-12,-0.02237738095238095,0.11354354557479555
2018-05-13,0.03102021276595745,0.12475563850620837
2018-05-14,0.012179113924050631,0.10280739402730246
2018-05-15,0.00725854922279793,0.11983925291475252
2018-05-16,0.02608118811881188,0.10497150848326588
2018-05-17,0.019999122807017544,0.12313899383389512
2018-05-18,-0.009348372093023255,0.11994661693665012
2018-05-19,0.05268333333333333,0.11884827159241218
2018-05-20,0.039773684210526315,0.10878236088959771
2018-05-21,-0.006595512820512821,0.12230514200305866
2018-05-22,-0.044465217391304344,0.10860816557924474
2018-05-23,0.020218446601941744,0.12356484213826444
2018-05-24,-0.0007172995780590714,0.12043372911859195
2018-05-25,0.044478125,0.11537688066315295
2018-05-26,-0.12532469135802468,0.103558077838942
2018-05-27,0.030806741573033713,0.11847596281163693
2018-05-28,0.02203695652173913,0.11772773020055624
2018-05-29,0.019622499999999998,0.11980831625935791
2018-05-30,-0.07106294416243655,0.10740208745139852
2018-05-31,0.023527433628318585,0.10747805892676451
2018-06-01,0.09537786885245902,0.12762913302878415
2018-06-02,0.04564939759036144,0.11353607235341312
2018-06-03,-0.07177142857142857,0.11757122979061752
2018-06-04,0.0128089552238806,0.13660498485036507
2018-06-05,0.08838969072164948,0.13439359355677774
2018-06-06,0.03887513227513228,0.11531133920459313
2018-06-07,0.03960705394190872,0.11826791416721763
2018-06-08,-0.007890338164251207,0.09567994951583488
2018-06-09,0.11189500000000001,0.1308423860283235
2018-06-10,0.054417204301075266,0.13899074268025877
2018-06-11,0.03207076023391813,0.13120782556037358
2018-06-12,0.058699492385786804,0.10948695774520645
2018-06-13,-0.003648372093023254,0.09449564122811126
2018-06-14,0.05591355140186916,0.12434880317415362
2018-06-15,-0.0007357512953367894,0.11098171305864679
2018-06-16,-0.09984666666666667,0.10990589760034201
2018-06-17,0.05578363636363636,0.11581520016179103
2018-06-18,0.00804658385093168,0.11157495621060393
2018-06-19,0.013923560209424082,0.11843281323582366
2018-06-20,0.020584771573604062,0.10392732053083753
2018-06-21,0.038700000000000005,0.12399377752936405
2018-06-22,0.036593689320388346,0.12641942963544903
2018-06-23,0.026811458333333333,0.12329662098263285
2018-06-24,0.018369565217391304,0.12408126816822465
2018-06-25,0.018634285714285714,0.10221913660413658
2018-06-26,0.015541104294478527,0.1280395853173022
2018-06-27,0.003607589285714286,0.11308164048184507
2018-06-28,0.08654045454545456,0.1256664309340851
2018-06-29,0.06247777777777777,0.1220885820283968
2018-06-30,-0.05390810810810811,0.10411427661427658
2018-07-01,-0.032773333333333335,0.10388252518980974
2018-07-02,0.023256962025316456,0.10733520947524108
2018-07-03,0.09893035714285714,0.11526210845088393
2018-07-04,0.008378260869565219,0.11426121951049485
2018-07-05,-0.006093684210526313,0.13577932486790567
2018-07-06,0.04107444444444445,0.12126135289974573
2018-07-07,-0.03333428571428572,0.11907342128770697
2018-07-08,0.024107499999999997,0.1358426355390641
2018-07-09,0.03816066666666667,0.11993344845850795
2018-07-10,0.07111411764705881,0.11604752418644222
2018-07-11,0.05842486772486773,0.11297942486812476
2018-07-12,-0.029481283422459894,0.10533797508902547
2018-07-13,0.041625,0.12235017129200162
2018-07-14,-0.006202352941176472,0.11178360637184162
2018-07-15,0.00663409090909091,0.1292751216849228
2018-07-16,-0.04821769230769231,0.12783640618640615
2018-07-17,0.023170285714285716,0.11813482872947156
2018-07-18,-0.0027339285714285738,0.09955404222926542
2018-07-19,0.030614,0.12040772381553629
2018-07-20,0.011633516483516484,0.11416303659710252
2018-07-21,-0.05865316455696202,0.09036924778222244
2018-07-22,0.005204705882352938,0.1301022810976242
2018-07-23,-0.025415942028985505,0.10418716560881414
2018-07-24,0.02887169811320755,0.09708875933640082
2018-07-25,-0.04783444444444445,0.10392111425097535
2018-07-26,-0.025018226600985224,0.11811776633328355
2018-07-27,-0.017675977653631283,0.10754455317339393
2018-07-28,-0.05696376811594203,0.09939713299314745
2018-07-29,-0.011032098765432095,0.12288947677836563
2018-07-30,-0.0019962406015037633,0.10782145051411965
2018-07-31,0.02014662162162162,0.11708024176774175
2018-08-01,-0.05240828402366864,0.10412071287483372
2018-08-02,0.001946268656716417,0.1220629999952139
2018-08-03,0.014745555555555552,0.1183469738007436
2018-08-04,-0.0022382352941176455,0.1452453077190472
2018-08-05,-0.004603296703296703,0.1218030158616893
2018-08-06,-0.09392400000000001,0.10137560627924262
2018-08-07,-0.022247619047619044,0.10731994414692268
2018-08-08,0.07624734042553191,0.13492242464422707
2018-08-09,0.000641489361702129,0.12297438832345745
2018-08-10,-0.018943103448275867,0.13287707989267922
2018-08-11,-0.047452631578947364,0.1281723338795707
2018-08-12,-0.010377380952380957,0.13479975287373244
2018-08-13,0.005319847328244272,0.10042029482392074
2018-08-14,0.046731645569620256,0.1240611534378487
2018-08-15,-0.08448430232558139,0.0994748222815083
2018-08-16,0.10632459893048128,0.15108188013497406
2018-08-17,-0.00037034883720930286,0.11427777795255989
2018-08-18,-0.08527083333333334,0.14267918327814158
2018-08-19,0.03180795454545454,0.11986155180047221
2018-08-20,-0.01158046875,0.12104989430681899
2018-08-21,-0.021985380116959063,0.12046306844552454
2018-08-22,0.009139181286549707,0.09402369024860383
2018-08-23,-0.012603703703703706,0.09448294781187194
2018-08-24,0.04404419889502762,0.11905978718291264
2018-08-25,-0.01655853658536585,0.10642394761242754
2018-08-26,0.05162244897959184,0.11621029204301796
2018-08-27,-0.012997402597402596,0.10194677271381813
2018-08-28,-0.024562885572139304,0.16542838902238735
2018-08-29,-0.021286708860759496,0.14045117315291364
2018-08-30,0.0548625,0.13793378722936012
2018-08-31,0.03484147727272727,0.10733538807047327
2018-09-01,0.03609512195121951,0.13722047742975355
2018-09-02,-0.01909166666666667,0.11617495954084493
2018-09-03,-0.0012132530120481915,0.10235042187100418
2018-09-04,-0.001179761904761907,0.1070992823235595
2018-09-05,-0.02921567567567568,0.1025508464485737
2018-09-06,-0.019075,0.11293874614175838
2018-09-07,0.07161267605633803,0.11325806547565889
2018-09-08,0.07737619047619047,0.12477135814944061
2018-09-09,0.07856603773584905,0.13323034364307945
2018-09-10,0.002891390728476821,0.11900583770534098
2018-09-11,0.048703684210526316,0.12736130341393495
2018-09-12,-0.01844175257731959,0.12260763284539054
2018-09-13,-0.034810300429184544,0.12743886626918507
2018-09-14,0.08485902439024391,0.12609932100742202
2018-09-15,0.004330769230769227,0.14509613939301436
2018-09-16,0.012119266055045872,0.12356354218084227
2018-09-17,-0.024902824858757062,0.12374498351243707
2018-09-18,0.08617307692307692,0.1338310036524322
2018-09-19,0.02049347826086956,0.11695447508241888
2018-09-20,-0.030295927601809956,0.12548136007062555
2018-09-21,-0.070142,0.1271602092352092
2018-09-22,-0.05579404761904762,0.13756461654527127
2018-09-23,0.009571929824561405,0.13411362438383112
2018-09-24,0.050986875,0.13030648532601655
2018-09-25,-0.041953591160220995,0.11618577310102562
2018-09-26,0.04121682242990654,0.14517587844230184
2018-09-27,0.050170351758793974,0.125833803456919
2018-09-28,0.02904292682926829,0.11702800606123773
2018-09-29,-0.007483333333333328,0.1433196220012626
2018-09-30,0.057292857142857145,0.12878856899902816
2018-10-01,-0.042341520467836256,0.10716907742617847
2018-10-02,0.05740386740331492,0.12268726298767732
2018-10-03,0.03203948717948718,0.1421849436142476
2018-10-04,0.0948611111111111,0.12821713406309362
2018-10-05,0.060884653465346536,0.12039156438319566
2018-10-06,0.03177176470588236,0.1454756269174336
2018-10-07,0.020826446280991735,0.11296810340715296
2018-10-08,-0.01419928057553957,0.12017944098410437
2018-10-09,0.12094679802955664,0.10886472123804984
2018-10-10,-0.009402234636871504,0.10904665998972993
2018-10-11,-0.004624434389140272,0.11645657245026991
2018-10-12,-0.07633928571428572,0.11728072269785438
2018-10-13,-0.11071851851851854,0.07482885313132225
2018-10-14,0.0035339805825242766,0.09804427772874372
2018-10-15,0.004807100591715975,0.0991047376260288
2018-10-16,-0.024383168316831683,0.11793943754494493
2018-10-17,0.025805208333333333,0.08168910615444591
2018-10-18,0.042804,0.10821367409211156
2018-10-19,0.022069014084507045,0.12873883464142818
2018-10-20,-0.0351054347826087,0.1219001132038434
2018-10-21,0.08109999999999999,0.11443750056191643
2018-10-22,-0.11309805194805196,0.11758817672856012
2018-10-23,0.005733879781420765,0.11375906524916085
2018-10-24,-0.03604945652173913,0.11082897767418338
2018-10-25,0.07159644444444445,0.1265401295647327
2018-10-26,-0.02852409090909091,0.0898770612679568
2018-10-27,-0.1601354430379747,0.0909980052179419
2018-10-28,-0.0537909090909091,0.10026056274974021
2018-10-29,-0.007813953488372095,0.10057994107281046
2018-10-30,-0.051205031446540886,0.08918158505540578
2018-10-31,-0.01683730569948187,0.11149670800743797
2018-11-01,0.05282782258064516,0.1264691478098976
2018-11-02,0.0654545045045045,0.11579044099877431
2018-11-03,0.07079113924050633,0.11770965760680947
2018-11-04,0.14790434782608697,0.13129119220151825
2018-11-05,0.054057303370786514,0.11467993949083434
2018-11-06,0.04775659574468086,0.1370016907203457
2018-11-07,0.12795925925925924,0.1310581172529337
2018-11-08,0.036534517766497465,0.10506419901618715
2018-11-09,0.024890909090909092,0.10506843085194195
2018-11-10,-0.029145977011494257,0.11700309402177213
2018-11-11,0.003880232558139531,0.10626211240310074
2018-11-12,0.012135606060606062,0.11654762474128001
2018-11-13,-0.012323595505617978,0.09463313833222538
2018-11-14,0.008029896907216491,0.10995991301081504
2018-11-15,-0.012599999999999995,0.11372613335631765
2018-11-16,0.009869417475728157,0.11087687925291945
2018-11-17,0.05067272727272727,0.1184167275725717
2018-11-18,-0.07192083333333334,0.12046784499258455
2018-11-19,-0.023888387096774197,0.11290532344813868
2018-11-20,0.030199484536082472,0.10885646736806527
2018-11-21,0.03783979591836734,0.11109821862418433
2018-11-22,-0.03170333333333333,0.12689663750601246
2018-11-23,-0.0050519083969465675,0.11398048405638617
2018-11-24,0.051675,0.11355751964085295
2018-11-25,-0.02835,0.09643702893702889
2018-11-26,0.058369503546099294,0.11593564081374363
2018-11-27,0.0012136054421768739,0.11397382059056012
2018-11-28,-0.012851041666666669,0.12122739604180265
2018-11-29,0.03407511737089202,0.11293920494192577
2018-11-30,0.01928382978723404,0.11541474482963841
2018-12-01,0.0697956043956044,0.13222569758284042
2018-12-02,0.040285,0.09050024801587299
2018-12-03,-0.046136842105263164,0.1066155246782596
2018-12-04,0.005285789473684211,0.10677333531462459
2018-12-05,0.024725287356321846,0.14502231565076762
2018-12-06,0.12003076923076923,0.1354828149402729
2018-12-07,0.04698980582524272,0.11840456226621272
2018-12-08,-0.028492592592592594,0.09785780472766067
2018-12-09,-0.0214875,0.08379149474657284
2018-12-10,0.028556410256410255,0.12602985941527606
2018-12-11,0.025800549450549454,0.14807911669289872
2018-12-12,0.040521637426900584,0.12914758713160965
2018-12-13,0.015022123893805308,0.09237979969064038
2018-12-14,-0.013871348314606742,0.12000228631836135
2018-12-15,0.08811066666666667,0.13490958784014337
2018-12-16,0.08870277777777777,0.1233265841760385
2018-12-17,0.00988444444444444,0.10906759504213205
2018-12-18,0.021055555555555553,0.10812564284086837
2018-12-19,0.033752879581151835,0.09832696479882341
2018-12-20,0.05279802955665024,0.13521842892752461
2018-12-21,0.01604466019417476,0.12075993858487787
2018-12-22,-0.08197391304347826,0.14562985979782042
2018-12-23,0.03875571428571429,0.11095551175015458
2018-12-24,-0.053056862745098035,0.1111416953144894
2018-12-25,0.033903278688524593,0.1097424281850511
2018-12-26,0.10843963963963965,0.12595836095836094
2018-12-27,0.10565853658536585,0.11564706198649287
2018-12-28,0.029056818181818187,0.1369395669697516
2018-12-29,-0.05487164179104478,0.09791867554087699
2018-12-30,-0.004711594202898552,0.12371659573652324
2018-12-31,0.018934166666666665,0.11120897899449032
2019-01-01,-0.00882222222222222,0.10605116277184176
2019-01-02,-0.030170992366412214,0.11178120851239715
2019-01-03,-0.0057766871165644135,0.10582489738164583
2019-01-04,0.04646610169491526,0.13178442259172685
2019-01-05,-0.0408904255319149,0.12614002438375535
2019-01-06,0.03636212121212121,0.11257194510035416
2019-01-07,0.02553521126760563,0.134064256752637
2019-01-08,0.010545000000000002,0.11170175993054185
2019-01-09,0.027733333333333336,0.10210829656638186
2019-01-10,0.026640860215053762,0.12391311252467163
2019-01-11,-0.001520197044334974,0.10707825824675751
2019-01-12,-0.06751022727272728,0.09649827379585899
2019-01-13,0.01667049180327869,0.10156624795969055
2019-01-14,0.02301761006289308,0.11209884414651931
2019-01-15,0.07381929824561403,0.099730069145326
2019-01-16,-0.015941566265060245,0.14444678237963876
2019-01-17,-0.0027080357142857136,0.11909933618559254
2019-01-18,0.032827461139896374,0.12392229178660523
2019-01-19,-0.1213409638554217,0.09249131989719335
2019-01-20,0.020136585365853665,0.10988575243475067
2019-01-21,-0.016090476190476193,0.11699494744987939
2019-01-22,-0.000489655172413794,0.12364149765730224
2019-01-23,0.03127868852459016,0.11221469485870665
2019-01-24,0.03659170984455958,0.11264822309307872
2019-01-25,0.02370913705583756,0.1128386933984287
2019-01-26,-0.08244074074074073,0.09650511137239529
2019-01-27,0.04801369863013699,0.11988294366719023
2019-01-28,0.05685185185185185,0.11569353550623387
2019-01-29,-0.008524691358024687,0.10182842106453213
2019-01-30,-0.04796666666666667,0.07436856784560864
2019-01-31,0.08464647887323942,0.10011290055475622
2019-02-01,0.030586,0.1283340969215969
2019-02-02,-0.03821951219512196,0.09733354942740828
2019-02-03,-0.018183333333333333,0.0995260414389202
2019-02-04,-0.020229530201342282,0.12268461131656239
2019-02-05,0.002913924050632909,0.10397570953007207
2019-02-06,-0.0037709844559585515,0.1239151878394106
2019-02-07,-0.018742583732057415,0.11772664490739504
2019-02-08,-0.027499999999999997,0.12615471975186646
2019-02-09,-0.03616144578313253,0.09649343890157142
2019-02-10,0.043199999999999995,0.10881168933422332
2019-02-11,-0.0011414285714285734,0.12811738666426162
2019-02-12,0.04132081218274112,0.11657447358526035
2019-02-13,0.018745918367346938,0.11682216370108131
2019-02-14,0.037496313364055296,0.10950526709776214
2019-02-15,-0.050159999999999996,0.11458205848516266
2019-02-16,-0.020471875000000004,0.13644672457172455
2019-02-17,-0.02727926829268292,0.11325250912141152
2019-02-18,0.03906288659793815,0.10736563381730906
2019-02-19,-0.021288961038961038,0.11686705587882533
2019-02-20,0.031256818181818184,0.1376438243169168
2019-02-21,0.004490909090909093,0.12081926571789008
2019-02-22,-0.026041025641025648,0.11141265811909748
2019-02-23,-0.0014922222222222207,0.12170992096894871
2019-02-24,0.10766486486486486,0.12490921522171516
2019-02-25,0.10722331288343558,0.1343536529689027
2019-02-26,-0.005020958083832336,0.133010846630215
2019-02-27,0.0284578125,0.11069619355133675
2019-02-28,0.08601885964912281,0.12826034683518234
2019-03-01,0.031535051546391746,0.10814108786402597
2019-03-02,-0.020521649484536084,0.09891911398764723
2019-03-03,0.031381927710843374,0.11200566828510417
2019-03-04,-0.017978102189781024,0.12835878385122387
2019-03-05,-0.03465379746835443,0.08793655169841876
2019-03-06,-0.004725280898876403,0.10923011639985954
2019-03-07,0.06306171171171171,0.12363695327981039
2019-03-08,0.05419748743718593,0.09537417592411308
2019-03-09,-0.02348586956521739,0.09669929524840236
2019-03-10,-0.005836486486486483,0.09782161625911623
2019-03-11,0.023387323943661976,0.13071220039089754
2019-03-12,-0.08500648648648648,0.10899020205270203
2019-03-13,-0.08463055555555556,0.11027894624352877
2019-03-14,-0.04981459227467811,0.12974064337082933
2019-03-15,-0.09172836538461539,0.11049637591720246
2019-03-16,3.947368421052635e-05,0.13279562542720436
2019-03-17,-0.08976285714285714,0.10152770047412901
2019-03-18,-0.05228775510204082,0.11859493215275525
2019-03-19,-0.013156830601092896,0.11234178566828837
2019-03-20,-0.0046364161849711,0.11091882781369772
2019-03-21,-0.021750802139037434,0.12029242240973521
2019-03-22,-0.00405934579439252,0.11270474870775268
2019-03-23,-0.025450602409638548,0.11289115614416817
2019-03-24,-0.0094561797752809,0.11551364365971103
2019-03-25,-0.027069333333333338,0.12088982508943275
2019-03-26,-0.0022877192982456163,0.10390202586291764
2019-03-27,0.09732716763005779,0.1122850496714039
2019-03-28,-0.03709680365296804,0.11878725978999134
2019-03-29,-0.0488037037037037,0.10878937396133159
2019-03-30,-0.022843181818181815,0.10239764298584028
2019-03-31,0.006835416666666663,0.09645533960638124
2019-04-01,-0.04661333333333333,0.1177012588337588
2019-04-02,-0.025429651162790702,0.11570924437508358
2019-04-03,0.03481299435028248,0.11808643519572876
2019-04-04,-0.03848823529411765,0.11075817212406845
2019-04-05,-0.012131840796019895,0.11842520897624839
2019-04-06,-0.03296111111111111,0.12579906371920258
2019-04-07,0.040426744186046505,0.10812178261015466
2019-04-08,0.048738356164383566,0.10508185362148177
2019-04-09,0.06586162790697675,0.12013741632045202
2019-04-10,0.06670094339622641,0.11338033455326244
2019-04-11,0.08764330357142858,0.12804574210380315
2019-04-12,0.0646273631840796,0.09217809241322356
2019-04-13,-0.05547432432432433,0.11981479043979042
2019-04-14,0.031597872340425534,0.12810752227972969
2019-04-15,0.07246081081081081,0.10545731352874207
2019-04-16,0.01761012658227848,0.12562248502201032
2019-04-17,-0.02216285714285714,0.11108773706452274
2019-04-18,0.10807602040816326,0.1355993636954369
2019-04-19,-0.026188823529411764,0.09582797899657142
2019-04-20,-0.04811204819277109,0.1122009368125977
2019-04-21,-0.0157051948051948,0.132648544036531
2019-04-22,-0.01544,0.12376607565959413
2019-04-23,-0.03956842105263158,0.10875973451422487
2019-04-24,-0.03303506493506493,0.10796673938006264
2019-04-25,-0.018271134020618557,0.11766408583461845
2019-04-26,-0.050548913043478264,0.10865460701157677
2019-04-27,-0.04252162162162162,0.10188664313664311
2019-04-28,0.012685185185185183,0.12146051565033042
2019-04-29,-0.12894014598540146,0.0821165996074755
2019-04-30,0.04616010928961749,0.12965921066638278
2019-05-01,0.04778191489361702,0.11375487876485213
2019-05-02,0.006442129629629633,0.09832697087614564
2019-05-03,-0.03306402439024391,0.10653436460219994
2019-05-04,-0.023167532467532465,0.10872574305204173
2019-05-05,0.10016947368421053,0.1124856965646439
2019-05-06,-0.08286402877697842,0.09115193516182722
2019-05-07,0.03251388888888889,0.11424110215583116
2019-05-08,0.01623854748603352,0.1245062245672115
2019-05-09,0.03939322916666667,0.12256838679811145
2019-05-10,0.06177197802197802,0.11449756262256258
2019-05-11,-0.01792151898734177,0.09544462862500835
2019-05-12,-0.018525555555555556,0.12313261183261179
2019-05-13,0.03019655172413793,0.10784981796619725
2019-05-14,-0.004116201117318434,0.11687337595158821
2019-05-15,0.04683705583756345,0.11536697706402363
2019-05-16,0.019925728155339804,0.10281228483047031
2019-05-17,0.040877202072538865,0.12090793658359347
2019-05-18,-0.06905119047619047,0.11221949264359976
2019-05-19,0.014284693877551017,0.11472832286288916
2019-05-20,0.05142894736842105,0.10616687953424322
2019-05-21,0.049878787878787884,0.12275127529597224
2019-05-22,0.03509837837837838,0.11813453400060539
2019-05-23,0.039335323383084576,0.13142381821566254
2019-05-24,0.02706891191709844,0.12524050546417076
2019-05-25,0.030522535211267608,0.11869239124017794
2019-05-26,0.01046315789473684,0.11652429147363355
2019-05-27,0.036703999999999994,0.11822798941798938
2019-05-28,0.03142402597402597,0.10957316143366698
2019-05-29,0.024991666666666672,0.10902890351091106
2019-05-30,0.043232524271844666,0.11700636194644079
2019-05-31,-5.970149253730962e-06,0.13959114454867827
2019-06-01,-0.06773191489361702,0.0956850770880026
2019-06-02,0.01860098039215686,0.1114715679200973
2019-06-03,-0.014263190184049077,0.10539478741549291
2019-06-04,-0.019384615384615386,0.11184601173237534
2019-06-05,0.008303296703296709,0.10854240417487435
2019-06-06,0.03684619565217391,0.12430581204940674
2019-06-07,0.018271134020618557,0.11657154926152874
2019-06-08,-0.05124705882352941,0.1318948872478284
2019-06-09,0.021236458333333333,0.14274258896003683
2019-06-10,-0.021061038961038964,0.12414156575547264
2019-06-11,-0.05945365853658537,0.11831310737832948
2019-06-12,-0.04239880952380952,0.11782512488220394
2019-06-13,-0.013300531914893615,0.10570420837043175
2019-06-14,-0.024541176470588233,0.10999687476000498
2019-06-15,-0.09406296296296296,0.0951587399851656
2019-06-16,-0.07032959183673469,0.11289244485673054
2019-06-17,0.030389937106918237,0.11709191774499497
2019-06-18,-0.008007831325301203,0.12408072137722881
2019-06-19,-0.024504090909090906,0.12309698058975654
2019-06-20,-0.0144051282051282,0.10821033838295739
2019-06-21,0.0028928571428571436,0.13024442823580332
2019-06-22,-0.03255348837209302,0.11234177504491731
2019-06-23,0.11410754716981132,0.11139997667520407
2019-06-24,0.013356164383561644,0.08256648493249519
2019-06-25,0.002989999999999999,0.10107142012528915
2019-06-26,-0.003134285714285718,0.12072123388893793
2019-06-27,0.09064770642201835,0.12772598748516178
2019-06-28,0.028648058252427187,0.12526013282384638
2019-06-29,0.13445949367088608,0.15000856146064098
2019-06-30,0.010517977528089887,0.1566231085215836
2019-07-01,-0.06917631578947368,0.12550834952867373
2019-07-02,0.060543712574850306,0.10291899066225411
2019-07-03,-0.012669230769230768,0.08693898480436939
2019-07-04,0.0467451923076923,0.12559014137627414
2019-07-05,0.017683333333333336,0.11884350984137912
2019-07-06,0.07435324675324675,0.08868799880975203
2019-07-07,0.05916222222222223,0.12287354029715138
2019-07-08,0.009404545454545452,0.11882263663574168
2019-07-09,0.03744709302325581,0.12723393212699688
2019-07-10,-0.03800679012345679,0.1251081207497453
2019-07-11,0.024430232558139534,0.12177578894512031
2019-07-12,-0.002831137724550897,0.12009364881005524
2019-07-13,0.009056521739130439,0.11764482732779832
2019-07-14,-0.08656823529411764,0.1036004701122873
2019-07-15,-0.06827073170731707,0.1009008420441347
2019-07-16,-0.060081052631578945,0.0997840119101867
2019-07-17,-0.010544242424242423,0.1180889860900683
2019-07-18,-0.04708465608465609,0.09427019403044531
2019-07-19,-0.03809578313253012,0.1015948157152976
2019-07-20,0.014124050632911394,0.11611048886361232
2019-07-21,0.06869638554216868,0.10465925696347379
2019-07-22,-0.045849218750000004,0.1263301230843527
2019-07-23,0.026605625,0.10337511104347039
2019-07-24,-0.022078014184397168,0.10332039426201024
2019-07-25,-0.04993262032085562,0.11601393363024376
2019-07-26,-0.009488095238095236,0.1096290250983951
2019-07-27,-0.06724558823529413,0.1396064240089975
2019-07-28,-0.09163,0.09790461159211156
2019-07-29,-0.02596390977443609,0.10209251935755692
2019-07-30,-0.09724727272727272,0.11673495136550689
2019-07-31,0.023438764044943817,0.11198478034954758
2019-08-01,0.03605358851674641,0.12227616446994435
2019-08-02,-0.08234506172839506,0.10918965707931753
2019-08-03,-0.12246363636363636,0.07416022508636143
2019-08-04,-0.133185,0.1065344178391053
2019-08-05,-0.16471944444444445,0.10256560165978565
2019-08-06,-0.07901385542168674,0.09962378337303034
2019-08-07,-0.010863690476190482,0.08895396782646993
2019-08-08,-0.05385706521739131,0.10899499617230593
2019-08-09,-0.021747741935483865,0.13128476026164193
2019-08-10,-0.10415428571428571,0.11510133649419362
2019-08-11,-0.10251911764705883,0.12332204220071864
2019-08-12,-0.06827685950413223,0.11083528565863274
2019-08-13,-0.01936040268456376,0.11933029560546336
2019-08-14,-0.11053630573248407,0.11045171022494413
2019-08-15,0.060526315789473685,0.11443730834509211
2019-08-16,0.026921656050955416,0.1343625724358208
2019-08-17,-0.11006911764705883,0.11140259607630928
2019-08-18,-0.002522499999999996,0.13645233585858582
2019-08-19,-0.04721545454545455,0.110276535039035
2019-08-20,0.019944666666666666,0.1249706387190117
2019-08-21,-0.01941655629139073,0.10895091684744
2019-08-22,0.04441506024096385,0.10986467152882813
2019-08-23,0.04777012195121951,0.11778662697679462
2019-08-24,-0.06806363636363637,0.10927004077572255
2019-08-25,-0.08751125000000001,0.10143247001840747
2019-08-26,0.015376612903225804,0.13648034403938777
2019-08-27,0.013367096774193545,0.11710394323418515
2019-08-28,-0.035747402597402604,0.10639724197759909
2019-08-29,0.01274425287356322,0.10334770080387894
2019-08-30,0.01997777777777778,0.11728543618589912
2019-08-31,-0.047014102564102565,0.11957628598253593
2019-09-01,0.02177872340425532,0.09134666839549055
2019-09-02,0.021728235294117645,0.12324498839940014
2019-09-04,0.05015760869565217,0.11047364484743168
2019-09-05,0.0022097938144329927,0.12268627653642378
2019-09-06,0.05239845360824742,0.11939637073979854
2019-09-07,0.0058130952380952405,0.13015208061339012
2019-09-08,0.06333513513513514,0.1291418267933419
2019-09-09,0.0011435897435897442,0.1036464472476377
2019-09-10,0.05150846774193549,0.1277163916579239
2019-09-11,-0.08748603351955307,0.08805529057133538
2019-09-12,0.029790170940170942,0.11551860289884185
2019-09-13,0.000386363636363638,0.13518422718605347
2019-09-14,0.09087083333333333,0.10979766247127357
2019-09-15,0.0751551724137931,0.1107845384903061
2019-09-16,0.003883108108108108,0.10553002271752268
2019-09-17,0.046705789473684214,0.12146428803490204
2019-09-18,0.05076257309941521,0.11010542447086931
2019-09-19,-0.004143069306930692,0.11587502872311038
2019-09-20,0.04765260416666667,0.11622064049472901
2019-09-21,-0.033031506849315065,0.08601301254554676
2019-09-22,0.04960531914893618,0.1317989155741815
2019-09-23,0.052289999999999996,0.14065497093955423
2019-09-24,0.002024590163934427,0.1027089266048087
2019-09-25,0.00583915343915344,0.10885292442293572
2019-09-26,0.016067256637168136,0.10358075522068881
2019-09-27,0.031442424242424244,0.11304324358301628
2019-09-28,0.02645526315789474,0.14488939520518465
2019-09-29,0.018523762376237627,0.11258080975846499
2019-09-30,-0.04862755905511811,0.08987253185982604
2019-10-01,-0.01811304347826087,0.09838964686581968
2019-10-02,-0.043378010471204195,0.12097912246276118
2019-10-03,-0.0025465346534653474,0.1118766705425121
2019-10-04,-0.0023994736842105255,0.11909161870034218
2019-10-05,-0.04903472222222222,0.08276868386243383
2019-10-06,0.05094226804123711,0.12748669965486972
2019-10-07,-0.050565100671140936,0.10929965603623316
2019-10-08,0.00403045977011494,0.10331630974693369
2019-10-09,0.061434899328859066,0.0977463654602916
2019-10-10,-0.007647499999999998,0.12122215833934581
2019-10-11,-0.006546046511627908,0.10137074855233769
2019-10-12,-0.07354875000000001,0.09352783038720536
2019-10-13,0.011458715596330273,0.11954720165155942
2019-10-14,-0.002800675675675674,0.11456970647595645
2019-10-15,-0.003058857142857145,0.12696507592936163
2019-10-16,0.019663013698630136,0.1135344758223101
2019-10-17,0.025562755102040816,0.11889113560287026
2019-10-18,-0.03747422680412371,0.12518937560966276
2019-10-19,-0.06030344827586207,0.09308319128721425
2019-10-20,0.08898828125,0.12972922538254567
2019-10-21,-0.016148765432098762,0.12033487325594908
2019-10-22,0.026123749999999994,0.10976339293973221
2019-10-23,0.004405154639175261,0.12760061277973644
2019-10-24,-0.04149411764705882,0.12834276018099544
2019-10-25,-0.0036678756476683926,0.1075810156034989
2019-10-26,0.0016518072289156652,0.12277142742353583
2019-10-27,-0.13539,0.10525166345999677
2019-10-28,-0.03942987804878049,0.09581095782886938
2019-10-29,-0.021225543478260868,0.10641698792494596
2019-10-30,-0.019946195652173915,0.09406449000878346
2019-10-31,-0.017596410256410254,0.12275679181929178
2019-11-01,-0.015684422110552765,0.1359948732864053
2019-11-02,0.10282808988764044,0.1452821847186313
2019-11-03,0.04277368421052632,0.11872299910128854
2019-11-04,0.009637341772151899,0.097205024538744
2019-11-05,0.02617159763313609,0.09776384521523994
2019-11-06,0.00968695652173913,0.12723617822793976
2019-11-07,0.03905345622119815,0.1041719310728527
2019-11-08,0.04334336734693878,0.11947847415481341
2019-11-09,-0.0031806818181818134,0.09097017903564905
2019-11-10,-0.02212,0.09107360058922556
2019-11-11,-0.03221041666666666,0.0950949161756453
2019-11-12,-0.04474696132596685,0.10287153755236014
2019-11-13,0.06554469273743017,0.13081295786807556
2019-11-14,-0.005716591928251123,0.11476992323404878
2019-11-15,-0.013604040404040405,0.11120321499780146
2019-11-16,-0.08682022471910113,0.10944062413865781
2019-11-17,0.02475820895522388,0.10585789422809676
2019-11-18,-0.031126666666666664,0.10397348284431615
2019-11-19,0.06735397727272728,0.11810649184394446
2019-11-20,0.011615384615384616,0.11667379130840666
2019-11-21,0.06666457399103139,0.1300017589950325
2019-11-22,0.019291005291005293,0.126870555013979
2019-11-23,0.040584146341463415,0.10599959745539013
2019-11-24,-0.005296,0.08585579204745869
2019-11-25,-0.006286666666666672,0.09001780368881557
2019-11-26,0.0071948863636363625,0.11745278645491712
2019-11-27,0.11151135135135135,0.1280838574660003
2019-11-28,0.02925612244897959,0.09244219508760322
2019-11-29,0.08634519230769232,0.11692900087076219
2019-11-30,0.0069964912280701804,0.11809894053315102
2019-12-01,-0.049537878787878784,0.05957732082732081
2019-12-02,-0.05358571428571429,0.10681842339208407
2019-12-03,0.05296149068322981,0.1199504642511519
2019-12-04,-0.003284615384615384,0.11561696414885186
2019-12-05,0.029257560975609758,0.13548600020446708
2019-12-06,0.025270555555555553,0.09933027781118056
2019-12-07,0.04963863636363637,0.1376337850911714
2019-12-08,0.046056097560975603,0.12634184102934098
2019-12-09,-0.05989319727891158,0.11905206298488608
2019-12-10,0.012225308641975305,0.11748651072537752
2019-12-11,-0.024114364640883974,0.09598476543918529
2019-12-12,-0.013907729468599035,0.11602425363596859
2019-12-13,0.06287167630057804,0.1197715656079095
2019-12-14,-0.04505479452054793,0.12421315524911411
2019-12-15,0.14640645161290322,0.12036928424025195
2019-12-16,0.05671167883211679,0.12564550733802554
2019-12-17,0.026743999999999997,0.123801146127535
2019-12-18,0.06958245614035087,0.12991815534824094
2019-12-19,0.047757777777777774,0.12939801171051168
2019-12-20,0.06420414507772021,0.13203035038268196
2019-12-21,-0.13853026315789474,0.09112491218576742
2019-12-22,-0.03251232876712329,0.11307942614571771
2019-12-23,0.00699266666666667,0.14487642368854486
2019-12-24,0.13413999999999998,0.12309994074948617
2019-12-25,0.025607575757575753,0.12380818921538617
2019-12-26,-0.014260952380952376,0.13665752422180988
2019-12-27,0.0850051282051282,0.14271942416783684
2019-12-28,-0.027305882352941173,0.10453697977507499
2019-12-29,-0.03802333333333333,0.11108573447055586
2019-12-30,-0.04517037037037036,0.12957856778607435
2019-12-31,0.04277456140350878,0.12917373286812509
2020-01-01,0.0001877777777777756,0.10632909670062445
2020-01-02,0.041561290322580643,0.12519961519961517
2020-01-03,-0.07698424242424243,0.12344502492457035
2020-01-04,-0.18791060606060608,0.11481727447636536
2020-01-05,-0.1278907894736842,0.10372558408331432
2020-01-06,-0.06733499999999999,0.12258799517281659
2020-01-07,-0.058041358024691354,0.1040013867733775
2020-01-08,-0.04470680272108843,0.0960460257335257
2020-01-09,-0.11210055865921788,0.11007237564109403
2020-01-10,-0.0023704819277108433,0.0994853465604326
2020-01-11,-0.17801075268817204,0.10840111487192898
2020-01-12,0.0627159420289855,0.11724006218649073
2020-01-13,0.010692258064516128,0.12492529878149901
2020-01-14,0.055640935672514616,0.12829920761499705
2020-01-15,-0.06195380434782609,0.11019705797064101
2020-01-16,-0.007689898989898989,0.10408615911089918
2020-01-17,-0.0255391959798995,0.11140546534704823
2020-01-18,-0.06758529411764705,0.11404510573168658
2020-01-19,0.01720263157894737,0.09011430090377456
2020-01-20,-0.08762673267326733,0.11799490931235979
2020-01-21,-0.016196022727272722,0.12421495453988349
2020-01-22,0.006566298342541436,0.1216543899076456
2020-01-23,-0.034664840182648406,0.1293599502032721
2020-01-24,-0.012110112359550557,0.11560492702859639
2020-01-25,-0.08304999999999998,0.11697337414202491
2020-01-26,-6.336633663366298e-05,0.12778438558141525
2020-01-27,-0.048663157894736846,0.11811481886082448
2020-01-28,0.006255958549222798,0.12272734308371487
2020-01-29,0.07026603773584905,0.10554118590927886
2020-01-30,-0.00014293193717277626,0.10618854620752524
2020-01-31,-0.04109668246445498,0.11852226519708461
2020-02-01,-0.04574897959183673,0.10024370978133731
2020-02-02,0.07041384615384616,0.08995540385540383
2020-02-03,0.08188311688311688,0.12099543609148584
2020-02-04,0.031659090909090915,0.12556648982480959
2020-02-05,-0.020044886363636365,0.11949590983661597
2020-02-06,0.008594634146341465,0.11914526067879723
2020-02-07,-0.022243518518518513,0.10802638635186582
2020-02-08,-0.07217402597402597,0.1125633792313987
2020-02-09,0.0036210526315789498,0.13429350865589898
2020-02-10,0.036788965517241375,0.12811096334563082
2020-02-11,-0.002764150943396228,0.10903196234420962
2020-02-12,0.04788720930232559,0.11086723682602001
2020-02-13,0.013194146341463417,0.12266187095988923
2020-02-14,0.012370491803278687,0.1201062641477844
2020-02-15,-0.08484225352112676,0.09939215411846651
2020-02-16,0.02113793103448276,0.12578109050569022
2020-02-17,-0.0911765306122449,0.09779919793467254
2020-02-18,-0.017148101265822783,0.10312625273226535
2020-02-19,-0.03481437908496732,0.13195427362468481
2020-02-20,0.05301555555555556,0.1222444492578417
2020-02-21,-0.016104324324324328,0.10896931277288417
2020-02-22,0.08171830985915493,0.09568118253681632
2020-02-23,-0.04239125,0.11949018458393454
2020-02-24,0.00039037037037037095,0.09882197955875202
2020-02-25,0.02786428571428572,0.11177191275096492
2020-02-26,-0.08014611111111111,0.09737802238179219
2020-02-27,0.023333333333333334,0.1285667993216302
2020-02-28,-0.0055333333333333345,0.10375878302278572
2020-02-29,-0.03270425531914893,0.12680961421032338
2020-03-01,-0.02633103448275862,0.10412761746402957
2020-03-02,0.009885443037974683,0.11895268424145003
2020-03-03,0.1646180790960452,0.12686404040015822
2020-03-04,0.05886739130434782,0.12111628709454793
2020-03-05,0.038645070422535205,0.13402955249534723
2020-03-06,0.004244808743169398,0.1097776339657682
2020-03-07,-0.1958675,0.0822591202200577
2020-03-08,0.079079012345679,0.11160052538910561
2020-03-09,-0.0921698717948718,0.108952296876404
2020-03-10,0.021553254437869825,0.10245841658341655
2020-03-11,0.004738095238095239,0.11785018913413972
2020-03-12,-0.02023723849372385,0.11401327292148418
2020-03-13,0.0021323809523809503,0.0991979392930073
2020-03-14,-0.0643841584158416,0.10686502944512134
2020-03-15,0.06488217821782177,0.11570968278800667
2020-03-16,-0.033663030303030306,0.10728251230091054
2020-03-17,-0.021571615720524018,0.1135828825266598
2020-03-18,0.08060561224489796,0.12673748683240463
2020-03-19,0.031115499999999997,0.11557287856819104
2020-03-20,-0.025453809523809524,0.10269409555549008
2020-03-21,-0.003892,0.08772188552188549
2020-03-22,-0.045424358974358967,0.13909042731959395
2020-03-23,-0.06179936305732484,0.11725877596100522
2020-03-24,-0.022070967741935482,0.1018296300544764
2020-03-25,0.06491968911917098,0.1293116209495743
2020-03-26,0.03812128712871287,0.1248583876244767
2020-03-27,-0.009043478260869564,0.13587984104245315
2020-03-28,-0.18177857142857143,0.0906500569015184
2020-03-29,-0.116146875,0.07625985128393979
2020-03-30,-0.020727142857142854,0.10712387787005132
2020-03-31,0.018314201183431956,0.13288712830379493
2020-04-01,0.028058951965065505,0.15581270368857325
2020-04-02,-0.04501787439613526,0.10061462653914341
2020-04-03,-0.011733846153846155,0.10050549342632674
2020-04-04,-0.14091954022988507,0.0524690252276459
2020-04-05,-0.09578815789473684,0.11121816536290217
2020-04-06,-0.01876308724832215,0.1051290274986126
2020-04-07,0.006274111675126905,0.1207043688122368
2020-04-08,-0.0286531914893617,0.10525989145920121
2020-04-09,0.022719289340101527,0.10505938646801588
2020-04-10,-0.006236021505376341,0.12485866754923972
2020-04-11,-0.08783414634146341,0.07778585909912128
2020-04-12,-0.10614142857142857,0.09399209628004268
2020-04-13,-0.017445810055865922,0.10305731135569521
2020-04-14,0.014319487179487183,0.10953919349316173
2020-04-15,0.055466502463054186,0.1214552130500406
2020-04-16,0.02008228782287823,0.12016289789985096
2020-04-17,0.07623238095238095,0.1451719845410321
2020-04-18,0.0653583850931677,0.1446996922898653
2020-04-19,-0.1497686046511628,0.08143256624942669
2020-04-20,-0.0021551020408163263,0.09818214734371193
2020-04-21,0.0545520202020202,0.13984316962865842
2020-04-22,0.007692268041237114,0.12028858892475727
2020-04-23,0.029870466321243527,0.12522978460802292
2020-04-24,0.04286871508379888,0.12516110541050682
2020-04-25,-0.026042105263157894,0.11945159983517592
2020-04-26,-0.03777123287671233,0.11427104253559729
2020-04-27,0.0689748201438849,0.12904458110168537
2020-04-28,0.034780662983425414,0.12103385942523667
2020-04-29,0.05728915662650602,0.11947527296602165
2020-04-30,0.025216000000000002,0.11721154916952534
2020-05-01,-0.002544949494949495,0.10373014998903343
2020-05-02,-0.0442125,0.09816697668650791
2020-05-03,0.016077464788732395,0.12183078055877349
2020-05-04,0.058063448275862066,0.13577552516130098
2020-05-05,0.015986516853932587,0.11079277588395095
2020-05-06,0.059549411764705885,0.11123679665468877
2020-05-07,0.00524672897196262,0.11870817585624825
2020-05-08,-0.0356186170212766,0.10794123367028949
2020-05-09,-0.12623414634146343,0.11596536440395322
2020-05-10,-0.10929452054794521,0.0881752305068515
2020-05-11,0.0032117241379310373,0.10660339022407984
2020-05-12,-0.016780851063829788,0.10611714120690183
2020-05-13,0.02885,0.1376997232139637
2020-05-14,-0.03157513812154696,0.10779644814906617
2020-05-15,0.04321155778894473,0.110839327534614
2020-05-16,-0.06804556962025317,0.10113403474162966
2020-05-17,-0.08477164179104478,0.10992176742549874
2020-05-18,0.10365792682926829,0.14919343648552053
2020-05-19,-0.019150898203592812,0.10138395829371018
2020-05-20,-0.03717173913043479,0.09645847956140073
2020-05-21,0.00939942196531792,0.1031182427702177
2020-05-22,0.05328418079096045,0.13130073728790617
2020-05-23,-0.08039305555555555,0.11402207216009295
2020-05-24,0.031154716981132074,0.12924008730612502
2020-05-25,-0.006108139534883722,0.12777495649422557
2020-05-26,0.053259589041095894,0.1189960140807521
2020-05-27,0.01784576271186441,0.11285003522015054
2020-05-28,-0.0018782608695652168,0.1275239693126921
2020-05-29,-0.048392105263157896,0.1299833111573371
2020-05-30,-0.23830281690140845,0.09310822341456142
2020-05-31,-0.1897494252873563,0.10289560927312362
2020-06-01,-0.18200714285714287,0.10611989282791692
2020-06-02,-0.0920748502994012,0.11796154354350459
2020-06-03,-0.045616167664670665,0.10457582155828517
2020-06-04,-0.12222712765957447,0.093851323290438
2020-06-05,-0.08304502923976607,0.11477788312510531
2020-06-06,-0.12121645569620254,0.12646971115834132
2020-06-07,-0.19692424242424242,0.11053654149582177
2020-06-08,-0.08189344262295081,0.09383527655556341
2020-06-09,-0.043202424242424244,0.10372636720742777
2020-06-10,-0.07012941176470588,0.11706608501986651
2020-06-11,-0.0086125,0.10093331265319487
2020-06-12,-0.04778695652173913,0.11361306534792556
2020-06-13,-0.06863544303797468,0.1209433463194765
2020-06-14,-0.04554098360655739,0.10778210481079331
2020-06-15,-0.04806506849315068,0.10434113116353817
2020-06-16,-0.05212389937106919,0.11334477575891544
2020-06-17,0.007915463917525775,0.12453239067156589
2020-06-18,0.054098543689320384,0.11170714730830886
2020-06-19,-0.0065499999999999985,0.10456415671786252
2020-06-20,-0.06623827160493828,0.09848749844120212
2020-06-21,-0.16633,0.059557318508211346
2020-06-22,0.03533515625,0.13043682855875932
2020-06-23,-0.15542461538461538,0.08512889980389977
2020-06-24,-0.055752453987730065,0.17509274573760217
2020-06-25,-0.03278524590163935,0.09625375665352422
2020-06-26,-0.013318390804597702,0.12791240227949996
2020-06-27,0.10819729729729731,0.13941490353990352
2020-06-28,-0.09981999999999999,0.07868047620869588
2020-06-29,-0.010323391812865495,0.10424016164147741
2020-06-30,0.026343406593406594,0.11993604940033507
2020-07-01,0.02435786516853933,0.11885565760132552
2020-07-02,0.06509842931937172,0.1074460359130329
2020-07-03,-0.0061084033613445395,0.13049967714358468
2020-07-04,-0.06925964912280701,0.10961767318126964
2020-07-05,-0.0884860465116279,0.07955785708692682
2020-07-06,0.009134545454545456,0.1213197261352564
2020-07-07,-0.014752105263157893,0.1374062848092453
2020-07-08,-0.02876772486772487,0.11024218108359261
2020-07-09,0.03279222222222222,0.1073600228475228
2020-07-10,0.07830320855614974,0.1121748526315944
2020-07-11,-0.011942105263157898,0.11171954823928505
2020-07-12,-0.06110508474576271,0.12941235396743866
2020-07-13,-0.12595227272727272,0.08762078044410293
2020-07-14,-0.04164767441860465,0.11859413626855483
2020-07-15,-0.045262962962962956,0.11034506185564384
2020-07-16,-0.05595519125683061,0.08380218660614833
2020-07-17,0.0009568181818181837,0.12265820582135514
2020-07-18,-0.0895472972972973,0.0972407594282594
2020-07-19,-0.10133278688524591,0.0970624873976747
2020-07-20,-0.030675177304964545,0.1375428667007314
2020-07-21,-0.06575112359550561,0.08113190844582811
2020-07-22,-0.1324103448275862,0.09633691183573159
2020-07-23,0.056848404255319146,0.12082754344081278
2020-07-24,0.05236111111111111,0.1297605612864902
2020-07-25,-0.0017827160493827199,0.11779808697246966
2020-07-26,-0.14965,0.11398562375124874
2020-07-27,0.0053835937499999995,0.10908244226115317
2020-07-28,0.0011657458563535898,0.10545258524471228
2020-07-29,-0.008349673202614387,0.1144171785156262
2020-07-30,-0.07877376237623762,0.10962589160701781
2020-07-31,0.09414756756756758,0.1354591646715023
2020-08-01,0.031901449275362315,0.09394382707335602
2020-08-02,-0.044291304347826084,0.09452575923137514
2020-08-03,0.028496376811594205,0.10036143213457109
2020-08-04,-0.02031656441717791,0.11018751825883724
2020-08-05,0.0155375,0.09816438473980765
2020-08-06,-0.028862561576354685,0.12738593046744315
2020-08-07,0.058431666666666666,0.12020240216316602
2020-08-08,0.015621794871794877,0.08739421458171455
2020-08-09,0.08622500000000001,0.10806837507730362
2020-08-10,-0.034547857142857144,0.11435169939187793
2020-08-11,0.01610825242718447,0.138163211310316
2020-08-12,-0.035872666666666664,0.1136872401826568
2020-08-13,-0.04964821428571428,0.11164005337145215
2020-08-14,-0.008471910112359551,0.11854517950801055
2020-08-15,-0.08071014492753623,0.08519689401159378
2020-08-16,-0.07245538461538462,0.13282210289710286
2020-08-17,0.018204827586206902,0.10266015436604327
2020-08-18,-0.011414655172413789,0.12554671295111564
2020-08-19,0.03959705882352941,0.11706366527390977
2020-08-20,-0.06038681818181818,0.12266556255192616
2020-08-21,0.07494466019417476,0.14641600780557087
2020-08-22,-0.112635,0.11621325607263104
2020-08-23,-0.10171764705882354,0.08267119590649
2020-08-24,0.08451866666666666,0.1231726101720149
2020-08-25,0.06476894736842105,0.11829439150031253
2020-08-26,0.025806565656565656,0.11587040038952014
2020-08-27,0.00732178217821782,0.12011033545956634
2020-08-28,0.0828306603773585,0.11856943998773511
2020-08-29,-0.032814473684210525,0.09934353956228954
2020-08-30,-0.17956181818181818,0.05666744282653372
2020-08-31,-0.03168759124087591,0.13583935593333402
2020-09-01,-0.058560655737704914,0.11847996494691782
2020-09-02,-0.012726732673267325,0.12530075775434685
2020-09-03,-0.05297716049382716,0.11439122651208787
2020-09-04,-0.03485804597701149,0.1065140891329828
2020-09-05,0.017109999999999997,0.12316375248015869
2020-09-06,-0.04841833333333333,0.10853151054192718
2020-09-07,-0.031912499999999996,0.12037453614231886
2020-09-08,-0.04970520231213873,0.11930417059391045
2020-09-09,0.04868433734939759,0.13426037804718147
2020-09-10,-0.04676633663366336,0.09323918580669253
2020-09-11,-0.05502203389830509,0.11766715910630539
2020-09-12,-0.0024410256410256396,0.09257141007141004
2020-09-13,-0.09753823529411765,0.09618604992502049
2020-09-14,-0.05001944444444444,0.10059846334938774
2020-09-15,0.0066720207253886015,0.11480661957022058
2020-09-16,-0.00531918604651163,0.10729729934609498
2020-09-17,-0.026186206896551722,0.09246164031036772
2020-09-18,0.03807083333333333,0.12437231608412161
2020-09-19,0.030959090909090905,0.1178402043783537
2020-09-20,0.049942253521126766,0.09207314594638535
2020-09-21,0.0934253086419753,0.12277449898257507
2020-09-22,0.03291754385964912,0.10122134114145388
2020-09-23,0.027800552486187846,0.10734384162093674
2020-09-24,-0.003199514563106797,0.11186081091034751
2020-09-25,0.08274571428571428,0.12413734081174554
2020-09-26,0.04970821917808219,0.13003423422087804
2020-09-27,0.0045858823529411775,0.10332050193814896
2020-09-28,-0.07429605263157896,0.10729823987842077
2020-09-29,0.03488407079646018,0.11214030971106664
2020-09-30,-0.02026943231441048,0.11767430504186868
2020-10-01,0.01696,0.10711942789053176
2020-10-02,0.0522652,0.1297810254446131
2020-10-03,0.0289144578313253,0.10235683633787411
2020-10-04,0.0027867469879518107,0.12134838619788155
2020-10-05,0.007887195121951218,0.10828225836918487
2020-10-06,-0.030716037735849053,0.09799793749570533
2020-10-07,0.02305787037037037,0.11518816054059107
2020-10-08,-0.039209426229508196,0.1159012213938097
2020-10-09,0.06472291666666667,0.11293347224252959
2020-10-10,-0.1332875,0.09515182911263506
2020-10-11,0.093125,0.14862178905337384
2020-10-12,0.04274533333333334,0.10511814373897704
2020-10-13,0.0764646511627907,0.11700036818724523
2020-10-14,0.0419,0.10620891583359364
2020-10-15,-0.017746859903381644,0.09682518991575521
2020-10-16,-0.02665695067264574,0.10290421894966255
2020-10-17,-0.050506249999999996,0.0655614102332852
2020-10-18,-0.05021594202898551,0.0892931606380458
2020-10-19,0.011244303797468356,0.13271196340978414
2020-10-20,-0.06977272727272726,0.12426147089842975
2020-10-21,-0.03666759776536312,0.09932304511020588
2020-10-22,-0.001075454545454545,0.09200722000871792
2020-10-23,0.05336711111111111,0.10162241607305096
2020-10-24,-0.12799565217391304,0.1114853738027047
2020-10-25,0.08126623376623376,0.09223019287437821
2020-10-26,0.036572955974842766,0.08756390764488246
2020-10-27,0.051102439024390246,0.11581202739836328
2020-10-28,0.013288252148997134,0.16561702200990924
2020-10-29,-0.00852232142857143,0.10106017270386689
2020-10-30,0.024333936651583704,0.11691435156833237
2020-10-31,-0.09819880952380952,0.10349146045202591
2020-11-01,-0.02162761904761905,0.10490876108018962
2020-11-02,0.006668041237113402,0.12889391707948405
2020-11-03,0.0002566037735849062,0.18767273660941405
2020-11-04,0.15689464285714286,0.13085425795580594
2020-11-05,0.004363451776649747,0.10721704110549678
2020-11-06,0.06511497326203208,0.13026623254903427
2020-11-07,0.10954065040650406,0.10760918638498881
2020-11-08,0.21997934782608694,0.1390489359171424
2020-11-09,0.013223741007194246,0.11369323588748047
2020-11-10,0.14425079365079366,0.13649006687156034
2020-11-11,0.029513656387665198,0.11420294432684297
2020-11-12,0.07380606060606061,0.11789695050553634
2020-11-13,0.004613592233009713,0.11261656204936527
2020-11-14,-0.04586610169491526,0.1318987963487055
2020-11-15,0.10988923076923077,0.09304797979797977
2020-11-16,-0.03562323943661972,0.09791953409974032
2020-11-17,-0.011154901960784312,0.10189038758687449
2020-11-18,-0.045142631578947365,0.10695180909142372
2020-11-19,-0.06214603174603174,0.10130315558526233
2020-11-20,0.1072985576923077,0.11375987595407235
2020-11-21,0.008486440677966103,0.11151652114363976
2020-11-22,0.12772741935483872,0.10284575303728527
2020-11-23,0.056227544910179644,0.12829597918779845
2020-11-24,0.03241306818181818,0.13217938544610802
2020-11-25,0.1342792270531401,0.10081822447100224
2020-11-26,0.03869252336448598,0.13106102369420122
2020-11-27,0.01513944954128441,0.12657270649011035
2020-11-28,-0.03928039215686275,0.13004650513404012
2020-11-29,0.05101969696969697,0.13016181498425813
2020-11-30,0.04708591549295775,0.12309523174399933
2020-12-01,0.10518703703703702,0.13632073045267487
2020-12-02,0.12441666666666668,0.1350561212483255
2020-12-03,0.05700625,0.10673731022614949
2020-12-04,0.12116363636363636,0.1504037682393894
2020-12-05,-0.015474626865671647,0.1371410033936686
2020-12-06,0.0034016666666666657,0.109799726353893
2020-12-07,0.05291985294117647,0.13034380260942757
2020-12-08,0.04900923913043478,0.10788583273394994
2020-12-09,0.04660765027322404,0.11971193837279899
2020-12-10,-0.00873728813559322,0.11291549037009083
2020-12-11,0.02116987951807229,0.12332826254512999
2020-12-12,-0.054843750000000004,0.10300687003968252
2020-12-13,0.04974520547945205,0.09217289208128247
2020-12-14,-0.059620261437908495,0.10859301544152147
2020-12-15,0.09825396825396826,0.11969925585876903
2020-12-16,0.01916237113402062,0.11756446954527769
2020-12-17,-0.027875520833333334,0.12111323637957157
2020-12-18,0.07163193717277487,0.12727212274233354
2020-12-19,-0.04039411764705882,0.09185850539710831
2020-12-20,0.17810625,0.11346611577080325
2020-12-21,-0.009550746268656716,0.11612690387477165
2020-12-22,0.048951282051282054,0.10633507469608865
2020-12-23,0.03947868852459016,0.1350960221689144
2020-12-24,0.11173680555555555,0.11893442934716905
2020-12-25,0.08878030303030303,0.11793190290349378
2020-12-26,-0.11026170212765957,0.12849915934566386
2020-12-27,0.08141960784313726,0.15074473456826396
2020-12-28,-0.06118613861386138,0.10244772076929397
2020-12-29,-0.0006537815126050392,0.11121999160414524
2020-12-30,0.11533359375,0.13502938818270846
2020-12-31,0.05518761904761905,0.14189240477335713
2021-01-01,0.0811989247311828,0.13734014879982617
2021-01-02,-0.14676607142857143,0.11052447304679444
2021-01-03,0.07183384615384615,0.10379643009107294
2021-01-04,-0.06481102362204724,0.09862376902562502
2021-01-05,0.011436310223266745,0.194906111622303
2021-01-06,-0.0015946808510638349,0.10621651513872256
2021-01-07,-0.061323076923076925,0.10373558652673805
2021-01-08,-0.08524946808510639,0.09585861388801166
2021-01-09,-0.1532990476190476,0.11593791085457748
2021-01-10,-0.08372112676056338,0.0855117023690967
2021-01-11,-0.06366163522012579,0.10923689549194937
2021-01-12,-0.012869339622641512,0.10332563244351482
2021-01-13,-0.15479682539682538,0.09928810433638473
2021-01-14,-0.04589252336448598,0.108927191642729
2021-01-15,0.0820994974874372,0.12455868900780959
2021-01-16,-0.1308,0.08644969585518364
2021-01-17,-0.06025352112676057,0.10988235933155448
2021-01-18,-0.14039811320754716,0.07634117990357266
2021-01-19,-0.054529473684210523,0.10407604670809556
2021-01-20,0.05625654205607477,0.11315882872824069
2021-01-21,0.04172914572864322,0.12303896647740865
2021-01-22,0.060146874999999995,0.11152830320101521
2021-01-23,0.005838636363636357,0.10906149153876422
2021-01-24,-0.03281052631578948,0.12167999294992911
2021-01-25,0.046243670886075956,0.11128069694186327
2021-01-26,0.030535638297872342,0.1274603621429229
2021-01-27,-0.2572701492537313,0.3158462390685205
2021-01-28,-0.022054736842105266,0.11894752415852036
2021-01-29,0.04572072538860104,0.12426587170300157
2021-01-30,-0.07261315789473684,0.09364472576643627
2021-01-31,0.052914516129032266,0.1236185758312774
2021-02-01,0.024314,0.10826885421677086
2021-02-02,0.014615508021390377,0.11269868170714871
2021-02-03,-0.003164880952380953,0.10734325714794461
2021-02-04,-0.07009390862944162,0.10651620815598334
2021-02-05,0.070779792746114,0.11928420218421448
2021-02-06,-0.04044477611940299,0.12025991300711446
2021-02-07,-0.040322471910112366,0.13360976384652143
2021-02-08,0.09805872093023256,0.1050240413841777
2021-02-09,0.029982439024390243,0.09681301091636454
2021-02-10,-0.0223659793814433,0.10662734538449156
2021-02-11,-0.007813592233009708,0.13083386779078524
2021-02-12,0.03885221674876847,0.10445375994421557
2021-02-13,-0.08038888888888888,0.10305178771845436
2021-02-14,-0.08598354430379747,0.11004010305547372
2021-02-15,-0.07148,0.08015584053929915
2021-02-16,-0.009829878048780487,0.09157537422008238
2021-02-17,-4.195402298850623e-05,0.10425968581151254
2021-02-18,0.019788311688311685,0.10708944431256838
2021-02-19,0.017968717948717947,0.1258718064343064
2021-02-20,-0.07230945945945946,0.05672968655111509
2021-02-21,0.010452112676056337,0.11441489848179985
2021-02-22,-0.03187642857142857,0.0989758776827229
2021-02-23,-0.11580331491712707,0.1136136298860746
2021-02-24,-0.017621387283236995,0.11021162208971867
2021-02-25,-0.005427500000000001,0.10558765987800076
2021-02-26,-0.005449779735682821,0.12860698420114716
2021-02-27,-0.07799999999999999,0.0878882209996793
2021-02-28,-0.09320909090909091,0.11219384756657481
2021-03-01,0.06308571428571429,0.12802421799580888
2021-03-02,-0.02475580110497238,0.10766996590477251
2021-03-03,-0.013095266272189349,0.12447332966648264
2021-03-04,0.04506649214659685,0.1325195850300562
2021-03-05,0.049305855855855854,0.11408243940188381
2021-03-06,-0.07012441860465117,0.1165203410469191
2021-03-07,-0.005537662337662341,0.14151658358476538
2021-03-08,0.010623776223776225,0.11106110270801826
2021-03-09,-0.023632919254658387,0.11149652968502788
2021-03-10,0.028781675392670156,0.11049325188500232
2021-03-11,0.012571818181818184,0.11080850491199515
2021-03-12,0.08866588235294118,0.13466516283280985
2021-03-13,-0.05193529411764706,0.09668305428231896
2021-03-14,0.0526906976744186,0.14293725654889197
2021-03-15,0.061970949720670396,0.12337349418634332
2021-03-16,-0.03756121212121213,0.10900432700016031
2021-03-17,-0.017584269662921342,0.11353427939102094
2021-03-18,-0.12801164021164022,0.11764263754777735
2021-03-19,-0.010684466019417475,0.11795776299039992
2021-03-20,-0.04407341772151899,0.08108955325653305
2021-03-21,0.03016805555555555,0.09862509291762761
2021-03-22,-0.033061333333333325,0.09945303531345195
2021-03-23,-0.014664921465968582,0.12236245500992443
2021-03-24,0.008574594594594597,0.11973958736101589
2021-03-25,-0.013897925311203319,0.10321881380491336
2021-03-26,-0.0359279792746114,0.11825802368807548
2021-03-27,-0.06553116883116883,0.10098886046613316
2021-03-28,0.033832786885245894,0.10438468900559061
2021-03-29,0.06054503311258279,0.09626549980819135
2021-03-30,-0.005007361963190184,0.1062391173924916
2021-03-31,0.0023401069518716607,0.11225981163815385
2021-04-01,0.08966666666666666,0.12508004623976843
2021-04-02,0.021079411764705885,0.12134805448809456
2021-04-03,-0.09376307692307692,0.07307872127872127
2021-04-04,-0.11776842105263158,0.08067242835021654
2021-04-05,0.05004370370370371,0.09940117250229681
2021-04-06,0.013947783251231529,0.10157496905803554
2021-04-07,0.026435795454545455,0.09509430050881956
2021-04-08,-0.10129027027027025,0.10484945666195664
2021-04-09,-0.02663560975609756,0.12064689821728146
2021-04-10,-0.07598082191780822,0.10604016771180085
2021-04-11,0.011675,0.12005366161616159
2021-04-12,0.08906010638297873,0.12290344452877695
2021-04-13,-0.08092173913043478,0.11812772126582294
2021-04-14,-0.07356069651741294,0.09033659792558478
2021-04-15,0.041337378640776704,0.11046429303346776
2021-04-16,0.00344630541871921,0.11307209769014834
2021-04-17,-0.256624,0.07841334696168027
2021-04-18,-0.11188676470588235,0.10751177806981375
2021-04-19,-0.06570462427745664,0.0773370964733287
2021-04-20,0.008978918918918923,0.10340165596713215
2021-04-21,-0.040925789473684214,0.11843947775219131
2021-04-22,0.04924540540540541,0.11687628911378908
2021-04-23,0.02525166666666667,0.09931781547176564
2021-04-24,-0.052805263157894744,0.1097585029492924
2021-04-25,-0.07926,0.1100761520540432
2021-04-26,0.07130509554140128,0.11325368741568384
2021-04-27,0.047229813664596276,0.1123649493519724
2021-04-28,0.041987931034482756,0.1129007888131451
2021-04-29,0.11411497584541062,0.1344258213159179
2021-04-30,0.04959455782312925,0.12186332688610381
2021-05-01,0.04198133333333333,0.10430940275773605
2021-05-02,0.044876562499999995,0.1559083158594877
2021-05-03,0.0209740157480315,0.11324699232671671
2021-05-04,0.047184699453551915,0.11880372251566629
2021-05-05,0.021160355029585805,0.1243542732544884
2021-05-06,0.04502620320855615,0.09583513678127885
2021-05-07,0.046009444444444436,0.128728981662811
2021-05-08,-0.09411076923076923,0.10113984726100109
2021-05-09,-0.0635,0.10741345316230107
2021-05-10,0.08215714285714286,0.1323619848208206
2021-05-11,0.024301257861635225,0.1227837615447678
2021-05-12,-0.031386931818181814,0.10760629095636082
2021-05-13,-0.03113317535545024,0.10529998775923789
2021-05-14,0.06917704918032787,0.12195846405018922
2021-05-15,-0.008996052631578941,0.11601460247841824
2021-05-16,-0.042494029850746275,0.08231419023210067
2021-05-17,0.021031972789115647,0.09467503851159097
2021-05-18,-0.06555934065934066,0.10526906003734232
2021-05-19,0.018920111731843575,0.11905411608100151
2021-05-20,-0.017831632653061227,0.09855161000186506
2021-05-21,0.04986769230769231,0.12825664525069283
2021-05-22,-0.05704788732394366,0.11542272205400975
2021-05-23,0.06985396825396825,0.11083187394860672
2021-05-24,-0.027536601307189542,0.10360780393051632
2021-05-25,0.100674213836478,0.1348508060107341
2021-05-26,-0.031013836477987423,0.11712286839645326
2021-05-27,0.06424460784313725,0.1272977839360415
2021-05-28,0.0883451282051282,0.12734199565866228
2021-05-29,-0.013896511627906977,0.09022362327594882
2021-05-30,-0.03404675324675325,0.11001298214772237
2021-05-31,0.005391176470588234,0.1488913336799366
2021-06-01,0.01622312925170068,0.13247338499288203
2021-06-02,0.03646962025316456,0.1156919106440621
2021-06-03,-0.002108823529411763,0.09598875029809902
2021-06-04,0.06995555555555556,0.11968431518143817
2021-06-05,0.10127246376811595,0.1512353477842608
2021-06-06,-0.011715714285714282,0.12728711691747402
2021-06-07,0.01678591549295775,0.11568132348080785
2021-06-08,0.054609868421052636,0.1253843286799701
2021-06-09,0.028475,0.11604820118237234
2021-06-10,-0.0012944444444444466,0.09137079996522633
2021-06-11,0.07611683168316832,0.12358652771510795
2021-06-12,0.057284615384615385,0.12387232027232024
2021-06-13,0.055856164383561654,0.12351885826628975
2021-06-14,0.034334693877551024,0.11570846719777718
2021-06-15,0.12321483516483517,0.13017885553599837
2021-06-16,0.06371878453038675,0.12333147347186413
2021-06-17,0.024014438502673797,0.10455657618878586
2021-06-18,0.07345975609756097,0.1255575840028148
2021-06-19,-0.0681046875,0.1054872290614478
2021-06-20,0.0345955223880597,0.10508433571679839
2021-06-21,0.06573602941176471,0.10995633009419771
2021-06-22,-0.009037735849056606,0.10859809165358252
2021-06-23,0.03226324324324324,0.10939329535162866
2021-06-24,-0.0554502590673575,0.11263208142811212
2021-06-25,-0.014553211009174314,0.12303519833704955
2021-06-26,0.01774375,0.09891181442255657
2021-06-27,0.02799242424242424,0.08968924453772936
2021-06-28,0.06692587412587413,0.12880213746691016
2021-06-29,0.0024709459459459453,0.09871872414486048
2021-06-30,-0.006719863013698634,0.12544135418108018
2021-07-01,0.0391,0.12935888498726697
2021-07-02,0.013856650246305413,0.13085610492766542
2021-07-03,-0.027336923076923075,0.09999372373658086
2021-07-04,-0.05638367346938775,0.10219104820781204
2021-07-05,-0.04238059701492537,0.10798064601236239
2021-07-06,-0.04337708333333333,0.118557262810859
2021-07-07,0.0066412790697674435,0.11482411565633681
2021-07-08,-0.04697514450867052,0.10034935787825958
2021-07-09,0.03685430107526882,0.13730882008771791
2021-07-10,-0.06474310344827586,0.12848808798162242
2021-07-11,0.020215625,0.10138090039782745
2021-07-12,-0.04003087248322148,0.08412476703220548
2021-07-13,0.015494857142857142,0.11886115344491965
2021-07-14,0.01656932515337424,0.12696408542037374
2021-07-15,-0.016717857142857145,0.09502710812482634
2021-07-16,0.0476120218579235,0.1209241143710064
2021-07-17,-0.04066666666666667,0.10170608743737992
2021-07-18,-0.09834999999999999,0.08582395382395379
2021-07-19,-0.035634532374100726,0.11080405156394361
2021-07-20,0.04777294117647059,0.11773674242424238
2021-07-21,-0.004182530120481924,0.11937968106190995
2021-07-22,-0.00041019417475727843,0.10093310712733702
2021-07-23,0.05796029411764706,0.12300706469456467
2021-07-24,0.05745529411764706,0.10233560697006072
2021-07-25,0.13547738095238096,0.1299978704003647
2021-07-26,0.12681958041958044,0.11890522180604823
2021-07-27,0.03016685393258427,0.11314953642903078
2021-07-28,0.08824129353233831,0.13132382687434535
2021-07-29,0.08362458333333334,0.12351571280763986
2021-07-30,0.051004663212435235,0.11167265781583877
2021-07-31,0.00333625,0.11724898839586335
2021-08-01,0.027169333333333327,0.11736762065095396
2021-08-02,0.001453947368421051,0.10864999264259129
2021-08-03,0.018138495575221236,0.12185307747807744
2021-08-04,0.009736898395721926,0.13482729582592906
2021-08-05,0.0018495283018867934,0.10687944044231946
2021-08-06,0.07138878504672896,0.13375415097715662
2021-08-07,0.21076266666666665,0.11142892988845368
2021-08-08,0.03294324324324324,0.13216491247741247
2021-08-09,-0.09691954887218045,0.11788306687742775
2021-08-10,0.005207361963190184,0.11926335790714622
2021-08-11,0.01630320512820513,0.1289557133232728
2021-08-12,0.014405405405405405,0.11787766769552481
2021-08-13,0.01901139240506329,0.10980434163820237
2021-08-14,-0.0742530612244898,0.08792880780945646
2021-08-15,-0.04449508196721312,0.10910765117439589
2021-08-16,0.0007633333333333371,0.11762154781946446
2021-08-17,-0.06408356164383561,0.08839437584703846
2021-08-18,-0.01915679012345679,0.1120199203224813
2021-08-19,0.015707878787878788,0.12358963462183155
2021-08-20,0.05564294117647059,0.12377146606117191
2021-08-21,-0.09786438356164383,0.09779142346199288
2021-08-22,-0.15127619047619048,0.10419376725357449
2021-08-23,-0.036312698412698415,0.09122210832731212
2021-08-24,0.00865066666666667,0.11911213881797211
2021-08-25,-0.06242465753424658,0.10885022905071419
2021-08-26,-0.04830320512820513,0.09689333854146123
2021-08-27,0.010895813953488372,0.10932612116258293
2021-08-28,-0.06000491803278688,0.07265406589030708
2021-08-29,-0.13161639344262296,0.09516867543506886
2021-08-30,-0.012843448275862071,0.10753576197110677
2021-08-31,-0.019811805555555558,0.11242062734535449
2021-09-01,-0.03613674698795181,0.1175221869836937
2021-09-02,0.03571725888324873,0.12840203867699634
2021-09-03,0.01911715976331361,0.10919092014009595
2021-09-04,-0.119115,0.10406263828763826
2021-09-05,-0.01897627118644068,0.10660900095928341
2021-09-06,-0.046915384615384616,0.10933941058941056
2021-09-07,0.00672042253521127,0.11580203718099842
2021-09-08,-0.0402494623655914,0.09410957937321972
2021-09-09,0.032312315270935955,0.11012818211502715
2021-09-10,-0.05772162162162162,0.11627252663710994
2021-09-11,-0.11490823529411766,0.111958070459471
2021-09-12,0.05504177215189873,0.09853958892724714
2021-09-13,-0.011323668639053252,0.1270705236067998
2021-09-14,0.07226984126984128,0.11520942369652683
2021-09-15,0.024125405405405403,0.11964952502452499
2021-09-16,0.034518848167539265,0.12710290356821768
2021-09-17,0.03631467889908257,0.12027433658339619
2021-09-18,-0.12881803278688525,0.08445814014461553
2021-09-19,0.10720845070422534,0.14918578248390452
2021-09-20,0.10158641975308642,0.1074752127944643
2021-09-21,0.017328994082840235,0.10282775989781483
2021-09-22,0.07700585585585587,0.1386954642683809
2021-09-23,0.036324999999999996,0.1056556085637718
2021-09-24,0.10346681034482759,0.12924369615856682
2021-09-25,0.028183333333333335,0.13605990693976802
2021-09-26,0.09168157894736843,0.11420788657701247
2021-09-27,0.045476875,0.1252396952625747
2021-09-28,0.0413113924050633,0.09574133841525716
2021-09-29,0.029197860962566845,0.11673643462101424
2021-09-30,0.03358034188034188,0.1118347932931266
2021-10-01,0.04220714285714286,0.10669268697976786
2021-10-02,0.014450847457627116,0.10943169334588823
2021-10-03,0.02926133333333333,0.10451870557426111
2021-10-04,-0.011869736842105261,0.10982431516765394
2021-10-05,0.012893023255813957,0.10423466921947364
2021-10-06,0.09089320987654322,0.12088511989498037
2021-10-07,0.10076267942583732,0.13351689658029367
2021-10-08,0.088535,0.11772450267985979
2021-10-09,-0.1435626865671642,0.11542643474546457
2021-10-10,-0.05708888888888889,0.10549947014790761
2021-10-11,0.08672403100775194,0.10780045105114316
2021-10-12,-0.0045640243902439,0.11927149673847733
2021-10-13,0.10114378698224852,0.12189437396648932
2021-10-14,0.014686740331491708,0.11783957874683997
2021-10-15,-0.07357329545454545,0.08832570281456974
2021-10-16,-0.10277894736842104,0.09376745736394856
2021-10-17,0.009861538461538456,0.11039171080242507
2021-10-18,0.0034669291338582696,0.11017400287085323
2021-10-19,0.0016668604651162795,0.1304693122159207
2021-10-20,0.008949717514124296,0.11498555742791376
2021-10-21,0.04269833333333333,0.11838705192189361
2021-10-22,0.10571136363636363,0.12283350780337385
2021-10-23,-0.17405357142857142,0.08043373788909501
2021-10-24,0.022566666666666662,0.08407912141464771
2021-10-25,0.0037396825396825394,0.10693354833731815
2021-10-26,-0.058580921052631574,0.09534110102208078
2021-10-27,0.006820731707317072,0.12050040333894499
2021-10-28,-0.051676041666666665,0.11413953352987949
2021-10-29,0.051426262626262625,0.12373847182225606
2021-10-30,-0.04283373493975904,0.12202062579321611
2021-10-31,-0.01522448979591836,0.11863654033041786
2021-11-01,0.037484768211920524,0.13301610926886862
2021-11-02,0.03241784037558686,0.11493187402139597
2021-11-03,0.06861699029126214,0.11429573834657916
2021-11-04,0.06590462427745665,0.12360107709005827
2021-11-05,0.05190857142857143,0.10905634644015594
2021-11-06,0.035852238805970146,0.11501418771941156
2021-11-07,0.09068235294117648,0.149368222667855
2021-11-08,0.058280303030303036,0.107810386513038
2021-11-09,0.0008596026490066205,0.11379366831353585
2021-11-10,-0.08609939024390244,0.09916449813172372
2021-11-11,0.06947885714285715,0.12217949912143786
2021-11-12,0.07645135135135135,0.14138059375559373
2021-11-13,-0.018947761194029855,0.09506100129634243
2021-11-14,-0.022957894736842108,0.0829825490055753
2021-11-15,0.026387596899224812,0.10854019381455071
2021-11-16,0.04083061224489796,0.12266938961355943
2021-11-17,-0.043125824175824175,0.09793821366410978
2021-11-18,0.026997752808988765,0.10802157982986631
2021-11-19,0.05952287234042553,0.12559339596573638
2021-11-20,-0.07221315789473684,0.07893563977880234
2021-11-21,0.05764838709677419,0.10348943544508059
2021-11-22,-0.0386235294117647,0.09199382988675264
2021-11-23,0.04832542372881356,0.11887315786327082
2021-11-24,0.06370561797752809,0.11358668057649797
2021-11-25,0.01825408163265306,0.1104025537954109
2021-11-26,0.10274554455445545,0.1169725146736285
2021-11-27,-0.0029666666666666682,0.13655233939225164
2021-11-28,-0.08776612903225807,0.1263348151251377
2021-11-29,-0.025686394557823133,0.12643756539504836
2021-11-30,0.0957951923076923,0.14455092130092126
2021-12-01,0.01286931818181818,0.11023622560249992
2021-12-02,-0.013447804878048778,0.12358370133222045
2021-12-03,0.0841391959798995,0.14299059696717628
2021-12-04,-0.056032307692307694,0.10141586099086095
2021-12-05,-0.047456716417910445,0.10403088723051405
2021-12-06,0.04706899224806201,0.10613360362492673
2021-12-07,0.07191148648648649,0.13691180881285045
2021-12-08,0.04530196078431373,0.10660597566748357
2021-12-09,0.02716042780748663,0.1261852969587534
2021-12-10,0.05982035928143713,0.11790582543426852
2021-12-11,-0.046283333333333336,0.09788325968013466
2021-12-12,-0.035606557377049174,0.11642231250837806
2021-12-13,-0.022655645161290327,0.11810423139808217
2021-12-14,0.05583986928104575,0.115050517625681
2021-12-15,-0.04845819209039549,0.12036307383765009
2021-12-16,0.01752857142857143,0.11310955788039118
2021-12-17,0.07724319526627219,0.131459145021645
2021-12-18,-0.18871847826086954,0.12410421086928
2021-12-19,-0.06108095238095238,0.09680968796048159
2021-12-20,0.05899344262295082,0.0970362351348885
2021-12-21,0.0304381679389313,0.11288371249494474
2021-12-22,0.09996369047619048,0.12797799552940242
2021-12-23,0.042509392265193374,0.11781052316186982
2021-12-24,0.06996632653061224,0.12176434320120541
2021-12-25,-0.01974222222222222,0.09802459114959111
2021-12-26,0.12546206896551723,0.13242810829017723
2021-12-27,0.07152941176470588,0.12085244885833117
2021-12-28,-0.06482500000000001,0.1224037126687796
2021-12-29,-0.01813888888888889,0.11015479021762087
2021-12-30,0.046160769230769234,0.13185733116090254
