date,DJIA_percent_change,trends_bert_sum,trends_bert_mean,trends_vader_mean,trends_vader_sum,trends_textblob_mean,trends_textblob_sum,NYT_vader,NYT_textblob,NYT_flair,NYT_bert,whole_song_vader,song_mean_by_sentence_vader,song_mean_by_sentence_without_0_vader,whole_song_textblob,song_by_sentence_without_0_textblob,song_bert,song_flair,admiration,amusement,anger,annoyance,approval,caring,confusion,curiosity,desire,disappointment,disapproval,disgust,embarrassment,excitement,fear,gratitude,joy,love,nervousness,neutral,optimism,realization,remorse,sadness,surprise
2017-01-03,0.010078242,-1.2516819834709167,-0.0500672793388366,0.0559559999999999,1.3989,0.1309090909090909,3.272727272727273,0.022296622,0.071347053,0.059468429,0.011698801,0.342644,0.058717405,0.113224206,0.102330329,0.118448238,3.330889383,0.132211426,4.0,8.0,1.0,11.0,1.0,2.0,0.0,4.0,10.0,6.0,0.0,0.0,0.0,2.0,1.0,0.0,4.0,16.0,0.0,56.0,1.0,1.0,1.0,7.0,0.0
2017-01-10,-0.003925931,-4.2717496156692505,-0.17086998462677,0.031796,0.7948999999999999,0.0673333333333333,1.6833333333333331,0.087536508,0.094456349,0.007536067,0.054493264,0.282988,0.048846632,0.085448719,0.075832646,0.087923541,3.197612319,0.018187199,5.0,8.0,4.0,14.0,1.0,2.0,0.0,2.0,8.0,7.0,0.0,0.0,0.0,0.0,1.0,0.0,0.0,15.0,0.0,59.0,1.0,1.0,1.0,6.0,0.0
2017-01-17,-0.002949476,-13.035086810588837,-0.5214034724235534,0.005624,0.1406,-0.0212121212121212,-0.5303030303030305,0.034522159,0.092090328,0.046848101,0.034319873,0.24816,0.039356385,0.070404304,0.072616219,0.084230845,3.180948054,0.057724767,5.0,8.0,3.0,13.0,1.0,3.0,0.0,2.0,7.0,5.0,0.0,0.0,0.0,0.0,1.0,0.0,0.0,14.0,0.0,61.0,1.0,1.0,1.0,6.0,0.0
2017-01-24,0.013264304,2.774017632007599,0.1109607052803039,0.0,0.0,0.0094545454545454,0.2363636363636363,0.019754913,0.064662778,-0.089692084,-0.054306772,0.313874,0.046611237,0.091588635,0.086640109,0.098249304,3.214145358,0.095629327,5.0,8.0,2.0,12.0,1.0,3.0,0.0,2.0,8.0,5.0,0.0,0.0,0.0,0.0,1.0,0.0,0.0,15.0,0.0,59.0,2.0,1.0,2.0,7.0,0.0
2017-01-31,-0.001112027,-7.994503855705261,-0.3197801542282104,-0.0500279999999999,-1.2507,-0.0184848484848484,-0.4621212121212121,0.028894118,0.08608561,-0.02180335,0.033067432,0.29395,0.04505506,0.090661791,0.080233825,0.095805595,3.190644186,0.108502529,5.0,7.0,3.0,13.0,1.0,3.0,2.0,2.0,6.0,5.0,1.0,0.0,0.0,0.0,1.0,0.0,0.0,14.0,0.0,58.0,2.0,1.0,1.0,6.0,1.0
2017-02-07,0.009763994,-4.0932424664497375,-0.1637296986579895,0.11878,2.9695,0.0586666666666666,1.4666666666666666,-0.025818994,0.081002179,-0.091978076,-0.073717951,0.397111,0.054598829,0.113099671,0.093411946,0.114321764,3.236636251,0.090160969,5.0,6.0,2.0,14.0,2.0,3.0,2.0,0.0,6.0,6.0,1.0,0.0,0.0,0.0,1.0,0.0,0.0,16.0,0.0,57.0,2.0,1.0,1.0,6.0,1.0
2017-02-14,0.017197398,2.4364749789237976,0.0974589991569519,0.089448,2.2362,0.094,2.35,0.058297248,0.073156736,0.086926557,0.06788089,0.344772,0.055539812,0.110314021,0.092687966,0.111704641,3.227970508,0.088777893,5.0,6.0,3.0,14.0,2.0,2.0,3.0,1.0,5.0,5.0,1.0,0.0,0.0,0.0,2.0,0.0,0.0,13.0,0.0,61.0,1.0,1.0,1.0,6.0,1.0
2017-02-21,0.009495355,-5.432894289493561,-0.2173157715797424,0.02734,0.6835,0.0081818181818181,0.2045454545454545,0.006594709,0.06895276,0.125484578,0.014642663,0.415443,0.058202148,0.117517879,0.085400246,0.102642422,3.219632647,0.077700514,4.0,7.0,3.0,16.0,2.0,2.0,2.0,0.0,9.0,4.0,1.0,0.0,0.0,0.0,1.0,0.0,0.0,15.0,0.0,60.0,3.0,3.0,0.0,5.0,2.0
2017-02-28,0.008757143,3.5599276423454285,0.1423971056938171,0.0479319999999999,1.1983,0.0,0.0,0.058428042,0.069557119,-0.001128097,0.013371323,0.380286,0.049646731,0.100777496,0.075004034,0.090776493,3.212367881,0.145366615,5.0,6.0,2.0,15.0,2.0,2.0,4.0,2.0,7.0,5.0,2.0,0.0,0.0,0.0,3.0,0.0,1.0,14.0,0.0,60.0,1.0,1.0,0.0,6.0,1.0
2017-03-07,-0.00491461,-8.607940196990967,-0.3586641748746236,0.0244125,0.5859,0.0,0.0,0.043177778,0.065890821,-0.224364296,-0.142418973,0.347911,0.048057688,0.096886435,0.077959609,0.091592993,3.212717414,0.033159288,3.0,7.0,3.0,16.0,1.0,2.0,3.0,1.0,5.0,5.0,2.0,0.0,0.0,0.0,2.0,0.0,1.0,14.0,0.0,61.0,1.0,0.0,0.0,6.0,1.0
2017-03-14,0.000556548,-14.32066172361374,-0.5728264689445496,0.002808,0.0702,0.0226666666666666,0.5666666666666667,0.067877228,0.072602028,-0.012241767,-0.035148552,0.377545,0.051470056,0.099859759,0.0767385,0.093285767,3.250635374,0.065791107,4.0,5.0,2.0,12.0,1.0,3.0,3.0,1.0,6.0,5.0,2.0,0.0,0.0,0.0,2.0,0.0,1.0,14.0,0.0,61.0,1.0,0.0,0.0,7.0,1.0
2017-03-21,-0.015434496,-5.453407227993012,-0.2181362891197204,-0.005976,-0.1494000000000001,0.0454545454545454,1.1363636363636362,0.015354011,0.051784495,0.061995838,0.120341458,0.438685,0.064427246,0.128901804,0.099353505,0.118898488,3.340098706,0.123055721,5.0,5.0,1.0,10.0,2.0,2.0,3.0,1.0,7.0,6.0,1.0,0.0,0.0,0.0,2.0,0.0,2.0,17.0,0.0,58.0,1.0,0.0,1.0,8.0,1.0
2017-03-28,0.003218279,-4.538812756538391,-0.4126193415034901,-0.0722636363636363,-0.7948999999999999,0.0,0.0,0.007505291,0.046314983,-0.079763481,-0.11752652,0.342683,0.054922286,0.10086136,0.076684637,0.09153692,3.261804257,0.043568406,4.0,6.0,3.0,12.0,1.0,2.0,4.0,2.0,6.0,4.0,1.0,0.0,0.0,0.0,3.0,0.0,2.0,13.0,0.0,59.0,1.0,0.0,1.0,7.0,1.0
2017-04-04,-0.000344692,-15.672827541828156,-0.6269131016731262,-0.012728,-0.3182,0.0054545454545454,0.1363636363636363,-0.01251,0.079542149,-0.022100262,-0.089302164,0.43423,0.055158649,0.106317467,0.083267785,0.098646204,3.213437172,0.00197283,5.0,7.0,3.0,12.0,2.0,1.0,4.0,0.0,6.0,5.0,1.0,0.0,0.0,0.0,2.0,0.0,1.0,13.0,0.0,68.0,0.0,0.0,0.0,6.0,1.0
2017-04-11,-0.001360305,-4.171517372131348,-0.1668606948852539,-0.002208,-0.0552,0.032,0.8,-0.069721687,0.074076906,-0.168906477,-0.214421012,0.457832,0.06269235,0.120005123,0.078541294,0.095764168,3.23256272,-0.028514923,3.0,8.0,4.0,11.0,1.0,2.0,5.0,1.0,7.0,4.0,1.0,0.0,0.0,0.0,3.0,0.0,1.0,11.0,0.0,66.0,0.0,0.0,0.0,6.0,1.0
2017-04-18,-0.005272594,-4.732299506664276,-0.189291980266571,-0.038148,-0.9537,0.072,1.8,0.06109321,0.090055068,-0.088154104,-0.01179417,0.410973,0.056101338,0.107393519,0.069273656,0.086131081,3.221094474,-0.046443992,3.0,7.0,4.0,11.0,1.0,2.0,5.0,1.0,4.0,5.0,1.0,0.0,0.0,0.0,3.0,0.0,1.0,10.0,0.0,65.0,0.0,0.0,1.0,7.0,1.0
2017-04-25,0.018755513,-1.6952738761901855,-0.0678109550476074,0.012728,0.3182,0.032,0.8,0.053660109,0.071696333,-0.065446392,-0.110301791,0.385351,0.055567425,0.108717183,0.064835843,0.086226257,3.225672214,-0.011996883,3.0,7.0,4.0,10.0,1.0,3.0,6.0,3.0,4.0,5.0,1.0,0.0,0.0,0.0,3.0,0.0,1.0,11.0,0.0,65.0,0.0,0.0,1.0,7.0,1.0
2017-05-02,0.003162288,-8.12501722574234,-0.3385423844059308,0.0449916666666666,1.0798,0.0,0.0,0.041970053,0.090614206,-0.001502027,0.069081639,0.287409,0.046400071,0.086501252,0.063769476,0.085400453,3.194479628,0.023362105,4.0,4.0,4.0,10.0,1.0,3.0,7.0,3.0,4.0,8.0,2.0,0.0,0.0,0.0,3.0,0.0,1.0,11.0,0.0,67.0,0.0,0.0,0.0,6.0,1.0
2017-05-09,-0.005279804,-6.1374436020851135,-0.2454977440834045,0.0,0.0,0.012,0.3,0.050606383,0.085448024,0.048348607,-0.039073207,0.365111,0.049616275,0.094130361,0.064251101,0.086946458,3.226977441,0.034258539,4.0,4.0,6.0,12.0,1.0,4.0,7.0,3.0,4.0,7.0,1.0,0.0,0.0,0.0,3.0,0.0,2.0,12.0,0.0,66.0,0.0,0.0,0.0,6.0,1.0
2017-05-16,-0.004410993,2.975834965705872,0.1190333986282348,0.062612,1.5653,0.0826666666666666,2.066666666666667,-0.050462712,0.078432616,-0.237730105,-0.210407783,0.378366,0.052932196,0.099613752,0.069725247,0.089730319,3.22530329,0.098825291,5.0,5.0,5.0,9.0,2.0,3.0,6.0,2.0,5.0,6.0,1.0,0.0,0.0,0.0,3.0,0.0,1.0,13.0,0.0,68.0,0.0,0.0,0.0,6.0,1.0
2017-05-23,0.01306624,-5.330673694610596,-0.2050259113311767,-0.005624,-0.1406,0.0,0.0,0.023748913,0.090269872,-0.067872118,-0.02297944,0.360638,0.05059034,0.100409112,0.06598682,0.088782436,3.214891803,0.066943243,5.0,3.0,5.0,11.0,2.0,3.0,6.0,2.0,5.0,7.0,1.0,0.0,0.0,0.0,3.0,0.0,2.0,13.0,0.0,68.0,0.0,0.0,0.0,7.0,1.0
2017-05-30,0.005942105,-3.5823554396629333,-0.1791177719831466,-0.018925,-0.3785,-0.0121428571428571,-0.2428571428571428,0.058032738,0.068264927,0.020234118,-0.039901828,0.350606,0.05116283,0.100557239,0.069247071,0.088246064,3.224499921,0.079200674,5.0,3.0,6.0,10.0,2.0,3.0,4.0,2.0,7.0,6.0,1.0,0.0,0.0,0.0,3.0,0.0,2.0,15.0,0.0,66.0,1.0,0.0,0.0,6.0,1.0
2017-06-06,0.003087631,-4.339118599891663,-0.1735647439956665,0.0217559999999999,0.5438999999999999,0.015,0.375,0.010124865,0.088568042,0.000363289,-0.069523326,0.388241,0.058937576,0.114333947,0.071384226,0.086914393,3.227329752,0.112513983,6.0,4.0,5.0,7.0,3.0,3.0,5.0,3.0,6.0,6.0,1.0,0.0,0.0,0.0,2.0,0.0,2.0,15.0,0.0,67.0,1.0,1.0,0.0,6.0,1.0
2017-06-13,0.005251989,-4.504102170467377,-0.180164086818695,0.025476,0.6369,0.0313939393939393,0.7848484848484848,0.018799485,0.085173232,-0.067197581,-0.109990274,0.421983,0.060109958,0.115133346,0.071082444,0.087328928,3.215328374,0.055988756,6.0,4.0,4.0,8.0,3.0,3.0,5.0,4.0,6.0,5.0,1.0,0.0,0.0,0.0,2.0,0.0,1.0,17.0,1.0,66.0,0.0,0.0,0.0,6.0,1.0
2017-06-20,0.00048984,-3.978157639503479,-0.1591263055801391,0.0092759999999999,0.2318999999999999,0.0297777777777777,0.7444444444444445,-0.000941398,0.063119891,0.017895495,-0.062838196,0.42910202,0.065441505,0.125285502,0.06570277,0.081244321,3.246142854,0.144415589,6.0,4.0,4.0,7.0,2.0,4.0,4.0,4.0,5.0,5.0,1.0,0.0,0.0,0.0,2.0,0.0,1.0,19.0,0.0,67.0,0.0,0.0,0.0,5.0,0.0
2017-06-27,-0.002113854,-4.448350369930267,-0.1934065378230551,0.039895652173913,0.9176,0.0,0.0,0.054903867,0.102296505,-0.001761826,-0.004989079,0.429453535,0.06705074,0.129426549,0.065621793,0.081385908,3.238371007,0.145635497,6.0,5.0,3.0,6.0,2.0,3.0,4.0,5.0,6.0,5.0,2.0,0.0,0.0,0.0,1.0,0.0,1.0,20.0,0.0,67.0,0.0,0.0,0.0,5.0,0.0
2017-07-04,0.003021807,3.3272299766540527,0.1330891990661621,0.007604,0.1901,0.0454545454545454,1.1363636363636362,-0.062168224,0.083032688,-0.004179301,0.053446743,0.391966667,0.062292644,0.120798528,0.064091088,0.080310903,3.250282429,0.148126,6.0,6.0,2.0,5.0,2.0,3.0,4.0,5.0,6.0,5.0,2.0,0.0,0.0,0.0,1.0,0.0,1.0,21.0,0.0,66.0,1.0,0.0,0.0,5.0,0.0
2017-07-11,0.010324553,-7.706912875175476,-0.308276515007019,-0.096952,-2.4238,-0.01,-0.25,0.017805348,0.056702759,-0.016314842,0.046259589,0.411423232,0.065613572,0.128222551,0.06621888,0.082585807,3.257840495,0.134543426,5.0,4.0,4.0,8.0,2.0,2.0,4.0,5.0,5.0,5.0,3.0,0.0,0.0,0.0,1.0,0.0,1.0,20.0,0.0,67.0,0.0,0.0,0.0,5.0,0.0
2017-07-18,-0.002672373,-4.536028861999512,-0.1814411544799804,-0.033844,-0.8461000000000001,-0.0559999999999999,-1.4,0.010663226,0.066855984,-0.043223423,-0.047054908,0.324385859,0.057908252,0.113472437,0.062640342,0.07838918,3.184681772,0.125691992,5.0,4.0,6.0,9.0,2.0,2.0,3.0,5.0,5.0,5.0,2.0,0.0,0.0,0.0,1.0,0.0,1.0,21.0,0.0,67.0,0.0,0.0,0.0,5.0,0.0
2017-07-25,0.011462961,-0.288990318775177,-0.011559612751007,0.01968,0.492,0.024,0.6,0.032714674,0.073997453,-0.02772853,-0.072799664,0.36440404,0.062286445,0.120096589,0.063184394,0.079658154,3.206850055,0.109947084,5.0,4.0,5.0,12.0,3.0,2.0,3.0,5.0,5.0,5.0,1.0,0.0,0.0,1.0,0.0,1.0,2.0,19.0,0.0,63.0,1.0,0.0,1.0,6.0,1.0
2017-08-01,0.011881694,-5.668542385101318,-0.2699305897667294,0.0055190476190476,0.1158999999999999,0.0666666666666666,1.4,0.012734132,0.062529269,0.015392451,-0.056005017,0.344710101,0.061009115,0.117393568,0.059885542,0.076082679,3.19677499,0.204944559,5.0,3.0,6.0,11.0,4.0,2.0,2.0,5.0,5.0,4.0,2.0,0.0,0.0,1.0,0.0,1.0,1.0,19.0,0.0,63.0,1.0,0.0,1.0,5.0,0.0
2017-08-08,-0.010727723,-5.373276054859161,-0.2985153363810645,0.0,0.0,0.0,0.0,-0.003881132,0.051356756,0.015454286,-0.082128305,0.284274747,0.049633607,0.098063324,0.051572954,0.062334734,3.139224364,0.162020152,5.0,2.0,4.0,9.0,3.0,1.0,1.0,4.0,5.0,6.0,2.0,0.0,0.0,1.0,2.0,1.0,1.0,19.0,0.0,67.0,1.0,0.0,0.0,4.0,0.0
2017-08-15,-0.008480469,-4.418861389160156,-0.1767544555664062,0.082008,2.0502,0.02,0.5,-0.055038182,0.038861341,0.017933518,-0.09951759,0.355017172,0.059075436,0.111641512,0.058311528,0.070826086,3.179847218,0.151430113,5.0,1.0,6.0,10.0,3.0,1.0,1.0,4.0,6.0,4.0,2.0,0.0,0.0,1.0,0.0,1.0,1.0,18.0,0.0,69.0,1.0,0.0,0.0,3.0,0.0
2017-08-22,0.006379486,-10.362625360488892,-0.4145050144195557,-0.002808,-0.0702,0.0,0.0,-0.032154749,0.046951926,0.011940001,-0.1438219,0.373022222,0.059620968,0.116899018,0.058539772,0.073962349,3.155456811,0.155197099,6.0,1.0,5.0,8.0,3.0,0.0,1.0,5.0,5.0,4.0,2.0,0.0,0.0,1.0,0.0,1.0,1.0,19.0,0.0,67.0,1.0,0.0,0.0,3.0,0.0
2017-08-29,0.007908563,-11.285728812217712,-0.4514291524887085,-0.0650079999999999,-1.6251999999999998,0.0054545454545454,0.1363636363636363,-0.009062092,0.066409642,0.010391438,-0.019141636,0.36799596,0.062127928,0.117979683,0.061302242,0.076711446,3.178967272,0.093403259,5.0,1.0,3.0,7.0,3.0,0.0,1.0,5.0,5.0,5.0,2.0,0.0,0.0,1.0,0.0,1.0,1.0,18.0,0.0,69.0,1.0,0.0,0.0,3.0,0.0
2017-09-05,-0.008705928,-12.487844049930573,-0.4995137619972229,-0.019068,-0.4767,0.0,0.0,0.028615152,0.061786316,0.012393971,0.040656829,0.350285859,0.066363853,0.127244062,0.060748939,0.076545377,3.165010553,0.033955598,5.0,2.0,5.0,10.0,3.0,0.0,1.0,6.0,5.0,4.0,2.0,0.0,0.0,1.0,0.0,1.0,0.0,18.0,0.0,67.0,1.0,0.0,0.0,3.0,0.0
2017-09-12,0.021130897,-7.105621814727783,-0.2842248725891113,0.0173119999999999,0.4327999999999999,0.0054545454545454,0.1363636363636363,0.044004523,0.079051866,0.149508222,0.122664169,0.329104,0.052677315,0.101965668,0.051733314,0.067865089,3.037390922,-0.084427893,4.0,2.0,5.0,11.0,3.0,0.0,2.0,7.0,5.0,5.0,2.0,0.0,0.0,1.0,1.0,1.0,0.0,18.0,0.0,65.0,1.0,0.0,1.0,5.0,0.0
2017-09-19,0.003635413,-5.676240622997284,-0.2838120311498642,0.021075,0.4215,0.0,0.0,-0.058912429,0.067068188,0.038135708,-0.019733235,0.341446,0.055329582,0.107182308,0.063776224,0.081892807,3.107823427,-0.015403682,4.0,2.0,4.0,11.0,3.0,0.0,1.0,7.0,5.0,7.0,2.0,0.0,0.0,1.0,1.0,1.0,1.0,17.0,0.0,65.0,1.0,0.0,0.0,3.0,0.0
2017-09-26,0.002477116,-3.604748547077179,-0.1441899418830871,0.039512,0.9878,0.0233333333333333,0.5833333333333333,-0.019101579,0.070734405,0.009190236,0.033445273,0.289841,0.047484333,0.099113638,0.058145813,0.073660426,3.112787793,-0.019821762,2.0,2.0,8.0,14.0,3.0,1.0,1.0,7.0,6.0,8.0,2.0,0.0,0.0,1.0,0.0,1.0,0.0,18.0,0.0,64.0,1.0,0.0,0.0,4.0,0.0
2017-10-03,0.01618448,-6.706807196140289,-0.2682722878456116,-0.055316,-1.3829,-0.0253333333333333,-0.6333333333333335,-0.002572165,0.074162487,0.067421772,0.008201448,0.309464,0.050543002,0.107177389,0.069273556,0.083081199,3.115734484,-0.017476734,3.0,2.0,8.0,14.0,4.0,1.0,1.0,8.0,5.0,7.0,2.0,0.0,0.0,1.0,0.0,1.0,0.0,17.0,0.0,65.0,1.0,0.0,0.0,4.0,0.0
2017-10-10,0.004286953,-13.636580348014832,-0.5454632139205933,-0.01686,-0.4215,-0.006,-0.15,0.030512821,0.066014733,-0.079888663,-0.045132171,0.353427,0.055529979,0.113759458,0.072304372,0.088652949,3.174756301,0.003453662,3.0,2.0,7.0,13.0,3.0,1.0,1.0,7.0,6.0,7.0,2.0,0.0,0.0,1.0,0.0,1.0,0.0,18.0,0.0,65.0,1.0,0.0,0.0,4.0,1.0
2017-10-17,0.019585805,-4.540988385677338,-0.1816395354270935,-0.002064,-0.0516,0.0399999999999999,1.0,-0.031388889,0.049464859,-0.104052219,-0.137852271,0.346655,0.053293589,0.112509756,0.068081182,0.086384968,3.12419518,-0.034929102,4.0,2.0,9.0,16.0,1.0,1.0,1.0,7.0,5.0,7.0,2.0,0.0,0.0,1.0,0.0,1.0,1.0,18.0,0.0,65.0,1.0,0.0,0.0,4.0,1.0
2017-10-24,0.004504529,-11.042022228240969,-0.4416808891296386,-0.04768,-1.1920000000000002,-0.032,-0.8,0.080037563,0.085197324,0.184060915,0.036026924,0.387625,0.058356058,0.122693976,0.072764349,0.088113588,3.161588912,0.006455921,6.0,2.0,8.0,15.0,1.0,1.0,2.0,6.0,5.0,7.0,1.0,0.0,0.0,1.0,1.0,1.0,1.0,18.0,0.0,62.0,1.0,0.0,0.0,4.0,1.0
2017-10-31,0.004460646,-5.755298018455505,-0.2302119207382202,0.017616,0.4404,0.0013333333333333,0.0333333333333333,-0.035161576,0.082355914,0.070270342,0.047273214,0.356994,0.053533079,0.10536757,0.053010177,0.07171448,3.162629487,-0.035268059,4.0,2.0,6.0,14.0,1.0,1.0,1.0,6.0,5.0,7.0,1.0,0.0,0.0,1.0,0.0,1.0,1.0,18.0,0.0,64.0,1.0,0.0,1.0,5.0,1.0
2017-11-07,-0.004994405,-9.235201478004456,-0.3694080591201782,0.030596,0.7649,-0.0033333333333333,-0.0833333333333333,0.034638095,0.06733699,0.055299215,-0.021426163,0.355861,0.05604424,0.11009246,0.064948064,0.086098351,3.158830312,-0.08567933,4.0,3.0,7.0,14.0,1.0,1.0,1.0,6.0,5.0,8.0,1.0,0.0,0.0,1.0,0.0,1.0,1.0,15.0,0.0,65.0,1.0,0.0,1.0,5.0,1.0
2017-11-14,-0.002738648,-4.724360823631287,-0.1889744329452514,0.001528,0.0382,-0.0333333333333333,-0.8333333333333333,0.037296296,0.094231183,-0.089071465,-0.062453134,0.271466,0.044581134,0.085093184,0.046632127,0.06246963,3.153534659,-0.063239884,4.0,1.0,7.0,15.0,1.0,1.0,1.0,5.0,6.0,8.0,1.0,0.0,0.0,1.0,0.0,1.0,1.0,14.0,0.0,66.0,1.0,0.0,1.0,5.0,1.0
2017-11-21,0.008479077,-0.6746461987495422,-0.0269858479499816,0.060488,1.5122,0.0273333333333333,0.6833333333333333,-0.04804734,0.081054597,-0.054284109,-0.109238825,0.2402,0.037800151,0.074349981,0.046707232,0.063021843,3.105959471,-0.047679816,4.0,1.0,7.0,14.0,1.0,1.0,1.0,3.0,7.0,9.0,1.0,0.0,0.0,1.0,0.0,1.0,1.0,14.0,0.0,66.0,1.0,0.0,1.0,5.0,1.0
2017-11-28,0.027798423,-0.0822296738624572,-0.0032891869544982,0.1295319999999999,3.2383,0.1606666666666666,4.016666666666667,-0.036702273,0.080586503,-0.039041179,-0.098893832,0.183945,0.032296685,0.068833744,0.046745431,0.061062123,3.097364492,-0.143230521,4.0,2.0,8.0,17.0,1.0,1.0,1.0,5.0,6.0,8.0,1.0,0.0,1.0,0.0,0.0,1.0,1.0,14.0,0.0,65.0,1.0,0.0,1.0,5.0,1.0
2017-12-05,0.004010414,-0.1350431442260742,-0.0054017257690429,-0.0382399999999999,-0.956,0.0074545454545454,0.1863636363636363,0.043864948,0.106947968,-0.054264694,-0.064879042,0.158296,0.029201307,0.060011746,0.047574152,0.061708284,3.077181823,-0.085752034,2.0,3.0,7.0,14.0,1.0,1.0,0.0,3.0,6.0,9.0,1.0,0.0,1.0,1.0,0.0,1.0,1.0,18.0,0.0,59.0,2.0,0.0,1.0,7.0,1.0
2017-12-12,0.013085486,-8.198635041713715,-0.3279454016685486,-0.074492,-1.8623000000000005,0.0,0.0,-0.09123046,0.08657035,-0.093334205,-0.213019344,0.159505,0.027546168,0.054863196,0.04846351,0.061485017,3.046635341,-0.024346392,3.0,2.0,7.0,15.0,1.0,1.0,0.0,3.0,7.0,8.0,1.0,0.0,1.0,0.0,1.0,1.0,1.0,17.0,1.0,60.0,1.0,0.0,1.0,6.0,1.0
2017-12-19,0.004133463,-9.168846726417542,-0.3667538690567016,-0.0474,-1.185,0.0279999999999999,0.7,0.022373684,0.106550965,-0.010761401,-0.067624754,0.169202,0.02636442,0.059015495,0.060493713,0.077696061,3.048189928,-0.00242255,2.0,2.0,6.0,13.0,1.0,1.0,0.0,3.0,7.0,8.0,1.0,0.0,1.0,2.0,0.0,0.0,4.0,16.0,0.0,59.0,0.0,0.0,2.0,7.0,1.0
2017-12-26,-0.00140943,-1.4327542781829834,-0.0573101711273193,0.0474799999999999,1.1869999999999998,0.112,2.8,0.066872727,0.057741789,0.197642622,0.193123621,0.196173,0.029466185,0.065879446,0.065975076,0.084059809,3.10217348,-0.015132037,3.0,4.0,7.0,16.0,1.0,0.0,0.0,3.0,7.0,8.0,1.0,0.0,1.0,2.0,0.0,0.0,4.0,16.0,0.0,58.0,0.0,0.0,2.0,7.0,1.0
2018-01-02,0.022796211,-3.579792022705078,-0.1431916809082031,0.048352,1.2088,0.1055151515151515,2.637878787878788,-0.006468333,0.0668451,-0.107616336,-0.079790143,0.239721,0.035288181,0.070465255,0.065696297,0.088626381,3.066802156,-0.064659849,3.0,2.0,6.0,12.0,1.0,0.0,0.0,3.0,8.0,7.0,1.0,0.0,0.0,2.0,0.0,1.0,4.0,13.0,0.0,61.0,0.0,0.0,2.0,7.0,1.0
2018-01-09,0.019661135,0.068528413772583,0.0027411365509033,0.0118559999999999,0.2963999999999999,0.0399999999999999,1.0,0.032674857,0.058776452,0.030707555,-0.01147723,0.156066,0.026189782,0.054444427,0.061156261,0.080142869,3.055958614,-0.018917766,4.0,3.0,6.0,13.0,2.0,0.0,1.0,4.0,6.0,8.0,1.0,0.0,1.0,0.0,0.0,0.0,1.0,15.0,0.0,63.0,0.0,0.0,2.0,8.0,1.0
2018-01-16,0.010299666,-6.45048463344574,-0.2580193853378296,0.003796,0.0949,-0.016,-0.4,-0.015123899,0.054625064,-0.135931393,-0.113775341,0.210654,0.030622826,0.060147358,0.065772857,0.084094612,3.076937568,-0.040155546,4.0,2.0,7.0,14.0,2.0,0.0,1.0,3.0,5.0,9.0,0.0,0.0,0.0,0.0,1.0,0.0,1.0,15.0,0.0,63.0,0.0,0.0,2.0,8.0,1.0
2018-01-23,0.020475483,-1.3743891716003418,-0.0549755668640136,0.00226,0.0565000000000001,-0.0026666666666666,-0.0666666666666667,0.007185185,0.074297981,0.010714246,-0.031327361,0.159862,0.027300889,0.051350305,0.057169108,0.072210022,3.06833863,-0.058242085,4.0,2.0,9.0,17.0,2.0,0.0,1.0,2.0,5.0,7.0,0.0,0.0,0.0,0.0,0.0,0.0,1.0,13.0,0.0,67.0,0.0,0.0,2.0,6.0,1.0
2018-01-30,-0.042935297,-4.319082081317902,-0.172763283252716,0.043044,1.0761,0.0066666666666666,0.1666666666666666,0.067079592,0.086399484,-0.164938182,-0.069641904,0.17134,0.027600841,0.057189869,0.048642058,0.061996321,3.042567353,-0.096577787,4.0,3.0,9.0,17.0,1.0,0.0,1.0,2.0,6.0,8.0,0.0,0.0,0.0,0.0,0.0,0.0,2.0,15.0,0.0,65.0,0.0,0.0,2.0,6.0,1.0
2018-02-06,-0.054981832,-2.562034368515014,-0.1024813747406005,0.214684,5.3671,0.0886666666666666,2.216666666666667,-0.026676923,0.060726267,0.020370137,-0.050078721,0.145186,0.028055783,0.046990569,0.049780438,0.060617076,2.99888734,-0.188425227,4.0,3.0,9.0,15.0,2.0,0.0,1.0,0.0,6.0,7.0,1.0,0.0,0.0,0.0,0.0,0.0,2.0,14.0,0.0,65.0,1.0,0.0,2.0,6.0,1.0
2018-02-13,0.040781336,-6.550115823745728,-0.2620046329498291,0.012848,0.3212,0.0294545454545454,0.7363636363636363,0.092600521,0.067250699,0.022970564,-0.060409711,0.158516,0.033952627,0.057183533,0.055699082,0.065815555,3.037492157,-0.041626117,4.0,3.0,9.0,16.0,2.0,0.0,1.0,1.0,6.0,7.0,1.0,0.0,0.0,0.0,0.0,0.0,3.0,15.0,0.0,62.0,1.0,0.0,3.0,7.0,1.0
2018-02-20,0.003580009,-2.4697787165641785,-0.0987911486625671,-0.0030679999999999,-0.0766999999999999,0.0053333333333333,0.1333333333333333,-0.017112834,0.065925564,0.078001187,0.027159487,0.171625,0.032796802,0.058781194,0.064392405,0.07509524,3.007722083,-0.058279012,4.0,3.0,13.0,19.0,1.0,0.0,1.0,2.0,7.0,7.0,1.0,0.0,0.0,0.0,0.0,0.0,2.0,17.0,0.0,61.0,1.0,0.0,3.0,7.0,1.0
2018-02-27,-0.031458477,-6.442794680595398,-0.4601996200425284,-0.0463285714285714,-0.6486,-0.0142857142857142,-0.2,0.078315882,0.072564744,-0.036883689,-0.015041356,0.178797,0.034697114,0.060551224,0.062680671,0.072659914,3.02552308,-0.055707811,4.0,3.0,12.0,18.0,1.0,0.0,1.0,2.0,7.0,6.0,1.0,0.0,0.0,0.0,0.0,0.0,2.0,17.0,0.0,62.0,1.0,0.0,3.0,6.0,1.0
2018-03-06,0.031484377,0.0474893450736999,0.0018995738029479,0.060812,1.5203,0.0279999999999999,0.7,0.010957895,0.063027629,-0.008334008,-0.007070272,0.087207,0.020047554,0.035222166,0.053953082,0.05961545,2.966944878,-0.073243127,5.0,4.0,12.0,21.0,2.0,0.0,1.0,2.0,7.0,5.0,1.0,0.0,0.0,0.0,0.0,0.0,2.0,14.0,0.0,66.0,1.0,0.0,3.0,4.0,1.0
2018-03-13,-0.015602583,-7.121146500110626,-0.284845860004425,-0.014164,-0.3541000000000001,0.0,0.0,0.007611765,0.060489469,-0.060534522,-0.059082383,0.093946,0.022239421,0.035265945,0.053521008,0.062708446,2.951037071,-0.163041179,4.0,5.0,11.0,21.0,2.0,0.0,3.0,2.0,5.0,5.0,1.0,0.0,0.0,0.0,0.0,0.0,2.0,13.0,0.0,65.0,1.0,0.0,3.0,5.0,1.0
2018-03-20,-0.060056006,-9.177388608455658,-0.3529764849406022,-0.034324,-0.8581000000000001,0.0397402597402597,0.9935064935064934,-0.056179899,0.067486084,-0.041463207,-0.111037637,0.044771,0.012869773,0.01916662,0.040455708,0.043500859,2.899944432,-0.191180767,4.0,5.0,14.0,27.0,1.0,0.0,3.0,3.0,4.0,5.0,1.0,0.0,0.0,0.0,0.0,0.0,2.0,12.0,0.0,64.0,1.0,1.0,3.0,5.0,1.0
2018-03-27,0.003541027,-5.636770308017731,-0.2254708123207092,-0.039492,-0.9873,0.004,0.1,-0.054498876,0.055429626,-0.076129422,-0.085043698,0.109525,0.022253568,0.037009942,0.042339787,0.051853647,2.971561518,-0.182557448,4.0,5.0,11.0,21.0,1.0,0.0,4.0,5.0,4.0,6.0,1.0,0.0,0.0,0.0,1.0,0.0,2.0,12.0,1.0,61.0,1.0,0.0,3.0,8.0,2.0
2018-04-03,0.016695107,1.072798788547516,0.0429119515419006,0.0358719999999999,0.8968,0.0499545454545454,1.2488636363636365,-0.002335404,0.074896172,-0.122753833,-0.114086325,0.140061,0.025304431,0.043994485,0.052824866,0.06481011,2.952466849,-0.151180592,4.0,6.0,11.0,20.0,1.0,0.0,4.0,7.0,4.0,5.0,1.0,0.0,0.0,0.0,1.0,0.0,1.0,12.0,1.0,64.0,1.0,0.0,3.0,6.0,2.0
2018-04-10,0.017544234,-1.5855941772460938,-0.0634237670898437,0.023436,0.5859,0.0,0.0,-0.004220606,0.075056553,-0.160264634,-0.244622289,0.238692,0.042323961,0.073905953,0.061353816,0.073203531,2.992869615,-0.139333224,5.0,5.0,11.0,17.0,1.0,1.0,3.0,6.0,4.0,5.0,1.0,0.0,0.0,0.0,1.0,1.0,1.0,13.0,1.0,59.0,1.0,0.0,3.0,5.0,2.0
2018-04-17,0.004202275,-3.1407832503318787,-0.1256313300132751,0.0,0.0,0.0,0.0,-0.007910363,0.076063765,0.044087743,0.004343169,0.200766,0.039803109,0.068777985,0.054669662,0.064256285,3.02962533,-0.174467163,5.0,4.0,11.0,20.0,2.0,1.0,3.0,7.0,3.0,4.0,1.0,0.0,0.0,0.0,2.0,0.0,1.0,14.0,2.0,62.0,1.0,0.0,3.0,5.0,2.0
2018-04-24,-0.006241982,-6.900592505931854,-0.2760237002372742,-0.067444,-1.6861000000000002,0.0233333333333333,0.5833333333333333,0.048621637,0.081745177,-0.142200242,-0.132593296,0.247579,0.044046716,0.076670493,0.064322177,0.077121444,3.050526414,-0.159200634,4.0,4.0,10.0,21.0,2.0,1.0,3.0,7.0,3.0,4.0,2.0,0.0,0.0,0.0,2.0,1.0,1.0,15.0,2.0,60.0,1.0,0.0,2.0,4.0,2.0
2018-05-01,-0.002006388,-2.1924331188201904,-0.0876973247528076,-0.081012,-2.0253,0.02,0.5,0.05844491,0.08603713,0.037286368,-0.002191528,0.1964,0.045707223,0.075407374,0.067024353,0.074549758,3.05996714,-0.16867187,3.0,4.0,9.0,21.0,2.0,1.0,4.0,5.0,2.0,8.0,2.0,0.0,0.0,0.0,2.0,1.0,1.0,15.0,2.0,57.0,1.0,0.0,2.0,5.0,1.0
2018-05-08,0.022901055,2.587082207202912,0.1034832882881164,0.0262,0.655,0.0099999999999999,0.2499999999999999,0.046183246,0.0884018,0.049968299,-0.08656433,0.189359,0.042075493,0.076653204,0.064918132,0.071442871,3.03713841,-0.206373543,4.0,3.0,9.0,21.0,3.0,1.0,5.0,6.0,2.0,5.0,2.0,0.0,0.0,0.0,2.0,1.0,1.0,16.0,2.0,55.0,1.0,0.0,1.0,3.0,1.0
2018-05-15,-0.004696726,1.5753073692321775,0.0656378070513407,0.0413833333333333,0.9932,0.0666666666666666,1.6,0.002731088,0.086785521,-0.10741636,-0.095142215,0.178611,0.039103586,0.07447049,0.06069054,0.066219074,3.055997289,-0.16131846,4.0,3.0,11.0,22.0,2.0,1.0,3.0,6.0,2.0,5.0,2.0,0.0,0.0,0.0,2.0,1.0,1.0,13.0,2.0,58.0,1.0,0.0,1.0,4.0,1.0
2018-05-22,0.001535162,2.708824038505554,0.1083529615402221,0.018352,0.4588,0.0064,0.16,-0.021034239,0.075215026,-0.075520758,-0.058178634,0.225076,0.045777623,0.081690096,0.062210904,0.06701827,3.019691642,-0.209452026,3.0,3.0,10.0,20.0,1.0,1.0,3.0,6.0,1.0,5.0,2.0,0.0,0.0,0.0,2.0,1.0,1.0,15.0,2.0,58.0,1.0,0.0,1.0,4.0,1.0
2018-05-29,-0.004785021,-5.875181496143341,-0.2350072598457336,0.0582119999999999,1.4552999999999998,-0.012,-0.3,0.025211875,0.076561427,-0.086734716,-0.165154866,0.193539,0.049836062,0.088865268,0.063425585,0.070977885,3.029115909,-0.211729457,2.0,4.0,10.0,18.0,1.0,1.0,3.0,5.0,1.0,5.0,1.0,0.0,0.0,0.0,2.0,1.0,1.0,15.0,2.0,61.0,1.0,0.0,1.0,5.0,1.0
2018-06-05,0.026912061,-3.076712191104889,-0.1230684876441955,0.009052,0.2263,0.01,0.25,0.08868866,0.099130094,0.067840306,0.01797118,0.195703,0.050053427,0.090274928,0.054671053,0.061261808,3.077140707,-0.228035949,2.0,3.0,10.0,18.0,1.0,1.0,2.0,6.0,3.0,5.0,0.0,0.0,0.0,0.0,2.0,1.0,1.0,15.0,2.0,61.0,2.0,0.0,1.0,5.0,1.0
2018-06-12,-0.009009393,-3.805849552154541,-0.1522339820861816,-0.019088,-0.4771999999999999,0.0279999999999999,0.7,0.070189848,0.058565326,-0.069677618,-0.004973303,0.187843,0.048740614,0.089737727,0.058368851,0.066280681,3.091377587,-0.148093246,3.0,4.0,7.0,14.0,1.0,1.0,2.0,5.0,3.0,5.0,0.0,0.0,0.0,0.0,3.0,2.0,1.0,17.0,2.0,60.0,1.0,0.0,1.0,4.0,1.0
2018-06-19,-0.020731145,-2.4842939972877502,-0.09937175989151,-0.052408,-1.3102,0.048,1.2000000000000002,0.011953927,0.075054333,-0.052903409,-0.081735158,0.176795,0.05260208,0.092213542,0.055946282,0.062991942,3.094386599,-0.08056259,3.0,5.0,6.0,13.0,2.0,2.0,2.0,5.0,3.0,6.0,0.0,0.0,0.0,0.0,3.0,2.0,1.0,16.0,2.0,60.0,1.0,0.0,1.0,5.0,1.0
2018-06-26,-0.012750804,-5.121391296386719,-0.2048556518554687,0.0039039999999999,0.0975999999999999,0.0,0.0,0.010522086,0.096986795,-0.012544195,-0.060321445,0.200643,0.045773219,0.088463509,0.054597342,0.060268623,3.043553754,-0.095197719,3.0,6.0,5.0,14.0,2.0,1.0,4.0,6.0,4.0,6.0,0.0,0.0,0.0,0.0,3.0,1.0,1.0,15.0,2.0,60.0,1.0,0.0,0.0,8.0,1.0
2018-07-03,0.00756732,-8.63260966539383,-0.3453043866157532,0.063788,1.5947,0.02,0.5,0.077327381,0.077410557,0.047568713,0.052061098,0.175379,0.040693355,0.073793289,0.04441639,0.051873449,3.034776239,-0.177757862,2.0,6.0,5.0,14.0,1.0,1.0,5.0,6.0,4.0,8.0,0.0,0.0,0.0,0.0,3.0,1.0,1.0,14.0,2.0,57.0,1.0,0.0,1.0,9.0,1.0
2018-07-10,0.022499731,0.7157946228981018,0.028631784915924,0.100224,2.5056000000000003,0.037,0.925,0.115247647,0.059693813,0.043336733,0.001225726,0.322877778,0.048005066,0.092532023,0.044670903,0.05576102,3.077827124,-0.275925157,1.0,6.0,3.0,13.0,1.0,1.0,3.0,6.0,1.0,7.0,4.0,0.0,0.0,0.0,3.0,0.0,1.0,14.0,2.0,56.0,0.0,0.0,0.0,4.0,1.0
2018-07-17,0.001544809,-0.1185847520828247,-0.0047433900833129,0.023284,0.5821000000000001,0.006,0.15,0.026026286,0.078880305,-0.058002599,-0.05334842,0.286887,0.04659419,0.090330297,0.044747721,0.055302965,3.114697829,-0.239583651,1.0,5.0,4.0,13.0,1.0,1.0,3.0,5.0,1.0,8.0,4.0,0.0,0.0,0.0,2.0,0.0,1.0,15.0,2.0,59.0,0.0,0.0,0.0,4.0,1.0
2018-07-24,0.015439043,-4.201804935932159,-0.1750752056638399,-0.0534708333333333,-1.2833,-0.0333333333333333,-0.8,0.024069182,0.064310366,-0.107475944,-0.180188082,0.36631,0.059149266,0.11132796,0.04987799,0.059042252,3.147333629,-0.136444188,1.0,4.0,4.0,10.0,1.0,1.0,2.0,5.0,1.0,6.0,4.0,0.0,0.0,0.0,2.0,0.0,1.0,19.0,2.0,59.0,0.0,0.0,0.0,5.0,1.0
2018-07-31,0.000452429,-12.37712025642395,-0.5625963752919977,-0.0594272727272727,-1.3074,-0.0909090909090909,-2.0,0.027459459,0.077515819,-0.13447633,-0.223301945,0.403387,0.064042526,0.122384824,0.053126938,0.062708235,3.188332848,-0.081450855,2.0,4.0,5.0,10.0,3.0,1.0,2.0,6.0,1.0,6.0,3.0,0.0,0.0,0.0,2.0,0.0,1.0,21.0,2.0,57.0,0.0,0.0,1.0,6.0,1.0
2018-08-07,-0.005903653,-6.461393356323242,-0.2936996980146928,-0.0479454545454545,-1.0548000000000002,0.0227272727272727,0.5,-0.016491837,0.067657692,-0.000713104,-0.135149768,0.463052,0.07278313,0.136891901,0.051967662,0.064600541,3.17198972,-0.094714997,2.0,4.0,3.0,9.0,3.0,1.0,2.0,6.0,1.0,7.0,3.0,0.0,0.0,0.0,2.0,0.0,1.0,21.0,2.0,56.0,1.0,0.0,1.0,7.0,1.0
2018-08-14,0.013875708,-5.012688517570496,-0.2005075407028198,0.0368359999999999,0.9209,0.0542857142857142,1.3571428571428572,0.052265823,0.092106643,-0.083670051,-0.152146374,0.472079,0.071976687,0.133315539,0.051587079,0.06431501,3.161595222,-0.119162219,3.0,3.0,4.0,9.0,4.0,1.0,2.0,3.0,2.0,8.0,2.0,0.0,0.0,0.0,2.0,0.0,1.0,21.0,2.0,60.0,0.0,0.0,0.0,5.0,0.0
2018-08-21,0.004692841,2.614089548587799,0.1045635819435119,0.060384,1.5095999999999998,0.033,0.825,-0.017276023,0.082429167,-0.011916327,-0.009197429,0.383398,0.061649335,0.114171219,0.050894807,0.066214371,3.131371805,-0.150534071,3.0,4.0,5.0,11.0,4.0,1.0,3.0,3.0,4.0,6.0,2.0,0.0,0.0,0.0,2.0,0.0,1.0,21.0,2.0,58.0,0.0,0.0,0.0,4.0,0.0
2018-08-28,0.006719477,-3.6543487906456,-0.1461739516258239,-0.028684,-0.7171000000000001,0.0364545454545454,0.9113636363636364,-0.036069851,0.12842835,-0.015754515,-0.522154979,0.45988,0.076212115,0.143603408,0.066715505,0.081620065,3.209008411,-0.122960625,3.0,5.0,3.0,11.0,4.0,0.0,2.0,5.0,3.0,8.0,2.0,0.0,0.0,0.0,2.0,0.0,2.0,19.0,2.0,60.0,0.0,0.0,0.0,5.0,0.0
2018-09-04,-0.001862903,-4.585133671760559,-0.1834053468704223,-0.042496,-1.0624,0.0,0.0,-0.001780357,0.065884461,0.038495743,0.015719633,0.368706,0.056113702,0.108802468,0.057060302,0.074781255,3.153010075,-0.09868854,4.0,6.0,3.0,11.0,4.0,0.0,1.0,4.0,3.0,6.0,1.0,0.0,0.0,0.0,1.0,0.0,2.0,19.0,2.0,59.0,0.0,0.0,0.0,5.0,0.0
2018-09-11,0.009104684,-5.481542885303497,-0.2192617154121399,-0.0582479999999999,-1.4562,-0.016,-0.4,0.047637895,0.087866987,0.017062369,-0.043655689,0.365087,0.060079668,0.111060161,0.056994798,0.073476774,3.13377503,-0.18235649,4.0,6.0,3.0,10.0,3.0,0.0,1.0,3.0,3.0,7.0,0.0,0.0,0.0,1.0,0.0,0.0,2.0,19.0,1.0,62.0,2.0,0.0,0.0,6.0,0.0
2018-09-18,0.022017687,-0.498068630695343,-0.0199227452278137,0.016076,0.4019,0.0109090909090909,0.2727272727272727,0.067759341,0.100474753,0.051030162,0.085354991,0.369516,0.058999254,0.111265462,0.050082605,0.065981687,3.122219458,-0.149902931,4.0,5.0,3.0,11.0,3.0,0.0,1.0,3.0,4.0,6.0,0.0,0.0,0.0,1.0,1.0,0.0,2.0,20.0,2.0,61.0,1.0,0.0,0.0,5.0,0.0
2018-09-25,-0.010778844,-6.5129334926605225,-0.2831710214200227,-0.0207260869565217,-0.4767,0.0,0.0,-0.051459116,0.073620536,0.202793923,-0.081504127,0.323772,0.053409859,0.09954034,0.048480547,0.06645985,3.114729049,-0.190273591,3.0,4.0,5.0,13.0,4.0,0.0,1.0,4.0,3.0,6.0,1.0,0.0,0.0,1.0,1.0,0.0,1.0,21.0,2.0,58.0,0.0,0.0,0.0,6.0,0.0
2018-10-02,-0.000425756,-7.658714473247528,-0.3063485789299011,-0.027232,-0.6808,0.0,0.0,0.034822652,0.07634471,-0.002115274,-0.121657549,0.303244,0.045773998,0.087469203,0.03613507,0.052684452,3.090691325,-0.155611849,3.0,4.0,6.0,13.0,4.0,0.0,0.0,3.0,3.0,6.0,0.0,0.0,0.0,1.0,1.0,0.0,1.0,19.0,2.0,61.0,0.0,0.0,0.0,6.0,0.0
2018-10-09,-0.043688257,-5.602413296699524,-0.2240965318679809,0.014184,0.3546,-0.016,-0.4,0.119041379,0.037588594,0.197906332,0.168413345,0.221769,0.034407142,0.069747522,0.050590566,0.067645587,3.027067635,-0.201542862,2.0,3.0,7.0,17.0,4.0,0.0,0.0,5.0,3.0,4.0,0.0,0.0,0.0,1.0,2.0,0.0,1.0,17.0,3.0,60.0,0.0,0.0,0.0,5.0,0.0
2018-10-16,0.004101109,-1.4374985098838806,-0.0574999403953552,0.0,0.0,0.01,0.25,-0.010311386,0.080905706,0.004000096,-0.042085369,0.16664,0.032110086,0.060440821,0.045854262,0.064040527,3.062502242,-0.185690392,2.0,3.0,8.0,16.0,4.0,0.0,0.0,4.0,4.0,4.0,1.0,0.0,0.0,1.0,3.0,0.0,1.0,18.0,3.0,58.0,0.0,1.0,0.0,6.0,0.0
2018-10-23,-0.030622995,-4.63826185464859,-0.1855304741859436,0.0,0.0,-0.0222222222222222,-0.5555555555555556,0.007243169,0.070725212,0.003788417,-0.226339826,0.251739,0.042436114,0.078146578,0.041287592,0.058279669,3.025656698,-0.121154794,2.0,3.0,7.0,13.0,4.0,0.0,0.0,4.0,3.0,4.0,1.0,0.0,0.0,1.0,3.0,0.0,1.0,18.0,2.0,61.0,0.0,0.0,0.0,6.0,0.0
2018-10-30,0.023051083,-7.978427588939667,-0.3191371035575867,-0.0688439999999999,-1.7211,-0.016,-0.4,-0.052768553,0.043175923,0.204694295,-0.162117785,0.121001,0.031464668,0.059748367,0.033840256,0.048013926,3.013728991,-0.188389329,2.0,3.0,8.0,16.0,3.0,1.0,1.0,5.0,3.0,3.0,1.0,0.0,0.0,1.0,4.0,0.0,1.0,19.0,2.0,59.0,0.0,0.0,0.0,6.0,0.0
2018-11-06,0.027644838,-12.679231643676758,-0.5071692657470703,-0.017616,-0.4404,0.004,0.1,0.02768383,0.112025905,0.00196335,-0.17787992,0.149543,0.030415425,0.056986454,0.03462155,0.047114742,3.01106826,-0.15062757,2.0,4.0,9.0,14.0,3.0,0.0,0.0,4.0,3.0,3.0,1.0,0.0,0.0,1.0,4.0,0.0,1.0,20.0,2.0,60.0,0.0,0.0,0.0,7.0,0.0
2018-11-13,-0.022668517,-14.88202178478241,-0.5952808713912964,-0.007548,-0.1886999999999999,-0.008,-0.2,-0.004120225,0.057442504,0.20131895,-0.064866108,0.204913,0.038443008,0.067661929,0.040185341,0.056172955,3.009966072,-0.191494577,2.0,4.0,8.0,13.0,3.0,0.0,0.0,4.0,3.0,4.0,1.0,0.0,0.0,1.0,3.0,1.0,1.0,20.0,2.0,57.0,0.0,0.0,0.0,8.0,0.0
2018-11-20,-0.046416549,-2.772451162338257,-0.1108980464935302,0.0,0.0,-0.0413333333333333,-1.0333333333333332,0.008131443,0.064536728,0.009790904,-0.197087607,0.186295,0.044178255,0.076577912,0.034834244,0.050332065,3.048187716,-0.15752873,3.0,5.0,7.0,13.0,3.0,0.0,0.0,2.0,4.0,3.0,1.0,1.0,0.0,1.0,3.0,1.0,1.0,24.0,2.0,54.0,0.0,0.0,0.0,8.0,0.0
2018-11-27,0.049044069,-10.139057636260986,-0.4055623054504395,0.086204,2.1551,0.1373333333333333,3.433333333333333,0.001864626,0.076858522,0.000798694,-0.193636689,0.240452,0.048794507,0.084450828,0.050279422,0.062817719,3.086991074,-0.132003471,3.0,5.0,6.0,10.0,3.0,0.0,0.0,2.0,4.0,3.0,0.0,0.0,0.0,1.0,4.0,1.0,1.0,25.0,2.0,55.0,1.0,0.0,0.0,7.0,0.0
2018-12-04,-0.04713241,-0.1624308824539184,-0.0064972352981567,-0.051768,-1.2942,0.0054545454545454,0.1363636363636363,-0.005678421,0.062310251,-0.062879785,-0.153954933,0.260505,0.049949181,0.092262619,0.062860034,0.078372268,3.174101638,-0.091446281,3.0,5.0,5.0,12.0,4.0,1.0,0.0,2.0,4.0,3.0,0.0,0.0,0.0,3.0,4.0,1.0,5.0,24.0,2.0,55.0,1.0,0.0,0.0,5.0,0.0
2018-12-11,-0.011968211,-7.072806358337402,-0.3368003027779715,0.0495142857142857,1.0398,0.0031746031746031,0.0666666666666665,0.054846703,0.123927963,0.08343347,0.012998267,0.223617,0.038078079,0.072693263,0.047821116,0.062312039,3.098456061,-0.186418901,2.0,4.0,8.0,20.0,3.0,0.0,0.0,2.0,3.0,3.0,0.0,0.0,0.0,2.0,4.0,1.0,5.0,19.0,2.0,63.0,0.0,0.0,0.0,6.0,0.0
2018-12-18,-0.07374082,-8.162529647350311,-0.6278868959500239,-0.0510538461538461,-0.6637000000000001,-0.0615384615384615,-0.8,-0.006439181,0.067144183,-0.15122148,-0.134641299,0.369049,0.058110028,0.119648031,0.06854941,0.075458023,3.221460436,0.030611337,3.0,5.0,4.0,10.0,3.0,0.0,1.0,3.0,4.0,2.0,0.0,0.0,0.0,3.0,5.0,1.0,6.0,19.0,2.0,56.0,0.0,0.0,1.0,7.0,0.0
2018-12-25,0.026754804,-3.1669941544532776,-0.1266797661781311,0.036688,0.9172,0.008,0.2,0.003588525,0.062371411,0.037300916,0.094432317,0.500869,0.080803365,0.166847933,0.095083965,0.117004313,3.38659563,0.126450233,4.0,2.0,3.0,8.0,4.0,0.0,0.0,1.0,6.0,2.0,0.0,0.0,0.0,5.0,4.0,1.0,9.0,21.0,2.0,56.0,2.0,0.0,1.0,6.0,0.0
2019-01-01,0.015822023,-6.962197661399841,-0.2784879064559936,0.068628,1.7157,0.0936969696969697,2.3424242424242423,-0.04011358,0.071361261,-0.0372464,-0.208734076,0.470308,0.079893806,0.161104968,0.090884375,0.115591172,3.370153626,0.055558871,4.0,3.0,4.0,7.0,4.0,0.0,0.0,2.0,6.0,2.0,0.0,0.0,0.0,4.0,4.0,1.0,8.0,21.0,2.0,57.0,2.0,0.0,0.0,5.0,0.0
2019-01-08,0.023453541,-1.1181244850158691,-0.0447249794006347,0.0054799999999999,0.1369999999999999,0.012,0.3,0.010335625,0.054845384,-0.143669203,-0.197521568,0.35611,0.055394801,0.105839684,0.056419209,0.068702062,3.161583148,-0.069010125,3.0,4.0,5.0,10.0,5.0,0.0,0.0,3.0,5.0,4.0,0.0,0.0,0.0,0.0,5.0,1.0,1.0,21.0,2.0,57.0,2.0,0.0,0.0,8.0,0.0
2019-01-15,0.028753741,-10.588141441345217,-0.4235256576538086,0.025456,0.6364,0.0269090909090909,0.6727272727272726,0.075884211,0.057492477,0.183903096,-0.115125214,0.317948,0.052375596,0.099460728,0.05952956,0.070659401,3.176071083,-0.105824831,3.0,4.0,5.0,10.0,5.0,0.0,1.0,3.0,5.0,3.0,1.0,0.0,0.0,0.0,5.0,1.0,1.0,21.0,2.0,57.0,2.0,0.0,0.0,5.0,0.0
2019-01-22,0.00124711,6.073989152908325,0.242959566116333,0.064736,1.6184000000000005,0.0266666666666666,0.6666666666666666,0.00838908,0.0870493,0.180457623,-0.04749819,0.327674,0.054261966,0.099987958,0.0548208,0.065048913,3.175559664,-0.126776476,3.0,3.0,4.0,8.0,5.0,0.0,1.0,2.0,6.0,4.0,1.0,0.0,0.0,0.0,5.0,1.0,0.0,20.0,2.0,60.0,2.0,0.0,0.0,6.0,0.0
2019-01-29,0.01303429,-5.446056544780731,-0.2178422617912292,-0.01806,-0.4514999999999999,-0.0345454545454545,-0.8636363636363636,-0.005958025,0.058305815,0.175037521,-0.19357987,0.322089,0.053109544,0.093517487,0.055546521,0.061943823,3.170212967,-0.118607416,3.0,2.0,6.0,11.0,5.0,0.0,1.0,2.0,5.0,3.0,2.0,0.0,0.0,0.0,4.0,1.0,0.0,21.0,2.0,64.0,2.0,0.0,0.0,3.0,0.0
2019-02-05,0.00169041,-1.1952276229858398,-0.0478091049194336,0.224208,5.605200000000001,0.1333333333333333,3.333333333333333,-0.007863291,0.059382394,0.175855938,-0.006332223,0.364514,0.054510786,0.100572745,0.051336463,0.058099914,3.137603653,-0.13580322,3.0,3.0,7.0,12.0,4.0,0.0,1.0,3.0,6.0,5.0,1.0,0.0,0.0,0.0,4.0,1.0,0.0,22.0,2.0,62.0,2.0,0.0,0.0,6.0,0.0
2019-02-12,0.030016323,-1.242303431034088,-0.0496921372413635,0.0455919999999999,1.1398,0.008,0.2,0.03446802,0.075134239,-0.025227608,-0.064091536,0.265249,0.039280416,0.075646883,0.045792772,0.050301404,3.148777954,-0.138772408,3.0,2.0,7.0,12.0,4.0,0.0,1.0,3.0,6.0,6.0,1.0,0.0,0.0,0.0,5.0,1.0,0.0,18.0,2.0,61.0,2.0,0.0,0.0,8.0,0.0
2019-02-19,0.005706864,-0.5442095994949341,-0.0217683839797973,0.0284159999999999,0.7104,0.08,2.0,-0.017443506,0.074846134,-0.026663292,-0.012593476,0.337787,0.050435166,0.09605369,0.060276054,0.062619145,3.126756161,-0.167369624,2.0,2.0,6.0,10.0,3.0,0.0,1.0,5.0,6.0,4.0,1.0,0.0,0.0,0.0,3.0,1.0,0.0,23.0,1.0,61.0,2.0,0.0,2.0,8.0,0.0
2019-02-26,-0.00021094,5.0379446148872375,0.2015177845954895,0.02056,0.514,0.0,0.0,0.009865269,0.092159292,-0.023635041,-0.052471118,0.39665,0.060375085,0.110781952,0.067525342,0.075479182,3.171992622,-0.089980144,2.0,2.0,4.0,7.0,3.0,1.0,1.0,5.0,6.0,4.0,1.0,0.0,0.0,0.0,3.0,1.0,0.0,22.0,1.0,61.0,1.0,0.0,2.0,9.0,0.0
2019-03-05,-0.022635543,-2.5518122911453247,-0.1020724916458129,-0.026632,-0.6658,0.008,0.2,-0.056610759,0.027560249,-0.021384442,-0.102857556,0.228136,0.041638174,0.075544154,0.05569795,0.06290305,3.123069071,-0.166356081,1.0,1.0,4.0,8.0,3.0,1.0,1.0,5.0,5.0,6.0,2.0,0.0,0.0,0.0,3.0,1.0,0.0,18.0,1.0,65.0,0.0,0.0,2.0,10.0,0.0
2019-03-12,0.015421564,-0.3986693620681762,-0.015946774482727,0.064788,1.6197,0.0,0.0,-0.097478919,0.072288461,-0.01922636,-0.161380819,0.312825,0.055616261,0.101373069,0.078958494,0.087405117,3.174653058,-0.031964843,2.0,3.0,3.0,7.0,3.0,1.0,1.0,5.0,7.0,5.0,1.0,0.0,0.0,0.0,3.0,1.0,0.0,19.0,1.0,60.0,2.0,1.0,2.0,7.0,0.0
2019-03-19,-0.01358896,-1.9166253209114077,-0.0766650128364563,-0.032144,-0.8036,0.0384646464646464,0.9616161616161616,-0.006839344,0.079106244,-0.01502816,-0.156974235,0.298414,0.057757151,0.107622488,0.080963769,0.090819268,3.212595445,-0.036598943,2.0,2.0,2.0,7.0,3.0,1.0,1.0,6.0,9.0,5.0,2.0,0.0,0.0,0.0,2.0,1.0,0.0,18.0,1.0,58.0,1.0,0.0,1.0,8.0,0.0
2019-03-26,0.016443568,-10.967786610126495,-0.4387114644050598,0.0110479999999999,0.2761999999999999,0.024,0.6,-0.019630409,0.061638627,-0.011255917,-0.204369337,0.2867,0.053453966,0.104511502,0.071716275,0.081102253,3.187866179,-0.043342271,2.0,2.0,3.0,8.0,3.0,1.0,1.0,5.0,9.0,4.0,2.0,0.0,0.0,0.0,2.0,1.0,0.0,18.0,1.0,59.0,2.0,0.0,1.0,7.0,0.0
2019-04-02,0.018781842,-13.077586352825165,-0.5231034541130066,-0.017616,-0.4404,0.0,0.0,-0.014588372,0.075603348,-0.127709071,-0.180279994,0.319507,0.054425841,0.107709741,0.07983678,0.088732329,3.191791179,-0.075280933,2.0,2.0,3.0,8.0,3.0,1.0,1.0,5.0,9.0,4.0,3.0,0.0,0.0,0.0,4.0,1.0,0.0,18.0,1.0,60.0,2.0,0.0,1.0,6.0,0.0
2019-04-09,-0.000480458,-9.164341509342194,-0.4165609776973724,0.0400363636363636,0.8808,-0.0393939393939394,-0.8666666666666667,0.061519767,0.082447093,-0.081711722,-0.138477553,0.275178,0.049617712,0.09815334,0.076264012,0.087998508,3.184120409,-0.131184544,2.0,3.0,3.0,9.0,2.0,1.0,0.0,6.0,9.0,4.0,2.0,0.0,0.0,0.0,4.0,1.0,0.0,16.0,2.0,60.0,1.0,0.0,2.0,7.0,0.0
2019-04-16,0.008402382,-1.2098479866981506,-0.048393919467926,-0.03904,-0.976,-0.0118787878787878,-0.296969696969697,0.020273418,0.084052024,0.022267236,0.009692488,0.282247,0.048182358,0.096754779,0.065025506,0.07577833,3.16293382,-0.083668705,2.0,3.0,3.0,9.0,3.0,1.0,0.0,6.0,9.0,5.0,1.0,0.0,0.0,1.0,3.0,1.0,0.0,14.0,1.0,63.0,0.0,0.0,1.0,6.0,0.0
2019-04-23,0.004936457,-1.8842163681983948,-0.0753686547279357,0.01354,0.3385,0.0559999999999999,1.4,-0.051683626,0.072258843,-0.169849158,-0.272309488,0.247004,0.051004479,0.099564975,0.077551604,0.089392971,3.149802835,-0.081375436,2.0,2.0,3.0,9.0,3.0,1.0,0.0,7.0,8.0,6.0,1.0,0.0,0.0,1.0,3.0,1.0,0.0,14.0,1.0,65.0,0.0,0.0,1.0,7.0,0.0
2019-04-30,-0.001448031,-7.72175920009613,-0.3088703680038452,-0.015884,-0.3971,-0.016,-0.4,0.035993989,0.095636363,-0.11322155,-0.097048071,0.304873,0.053527917,0.105998505,0.086670541,0.100608675,3.148349305,-0.065582775,2.0,3.0,3.0,10.0,3.0,1.0,0.0,6.0,7.0,5.0,1.0,0.0,0.0,1.0,3.0,1.0,1.0,16.0,1.0,63.0,0.0,0.0,1.0,7.0,0.0
2019-05-07,-0.02168576,-3.763225615024567,-0.1505290246009826,-0.043628,-1.0906999999999998,-0.013,-0.325,0.024255,0.066826943,-0.009016604,-0.047498489,0.285036,0.048375621,0.102346942,0.087662817,0.100998328,3.126239241,-0.005071158,2.0,3.0,5.0,12.0,3.0,1.0,0.0,7.0,7.0,3.0,1.0,0.0,0.0,1.0,3.0,1.0,1.0,17.0,1.0,68.0,0.0,0.0,1.0,5.0,0.0
2019-05-14,-0.006923226,-10.159854114055634,-0.4063941645622253,0.037728,0.9432,0.064,1.6,-0.007502793,0.085748055,-0.096725453,-0.154442773,0.310011,0.052117307,0.102177366,0.073276619,0.081319669,3.154734075,-0.018715735,2.0,3.0,4.0,11.0,3.0,1.0,0.0,6.0,8.0,5.0,1.0,0.0,0.0,1.0,3.0,1.0,2.0,17.0,1.0,64.0,0.0,1.0,2.0,7.0,0.0
2019-05-21,-0.00696913,-1.910124242305756,-0.0795885100960731,0.01835,0.4404,-0.0166666666666666,-0.4,0.054310303,0.088634253,-0.133107621,-0.11400025,0.318741,0.059058071,0.109420417,0.081092925,0.086368819,3.123083481,0.036225646,2.0,4.0,4.0,11.0,3.0,1.0,0.0,6.0,8.0,5.0,1.0,0.0,0.0,1.0,3.0,1.0,2.0,16.0,1.0,61.0,0.0,2.0,2.0,8.0,0.0
2019-05-28,-0.031055763,-7.185365319252014,-0.3991869621806674,0.0018833333333333,0.0339,0.0055555555555555,0.1,0.020687013,0.066144082,-0.021170024,0.003727108,0.252172,0.049451606,0.092873599,0.075053246,0.080238393,3.105139205,0.028012223,3.0,4.0,4.0,14.0,3.0,1.0,1.0,7.0,7.0,4.0,1.0,0.0,0.0,1.0,2.0,0.0,1.0,14.0,1.0,62.0,0.0,2.0,2.0,7.0,0.0
2019-06-04,0.044985479,1.957336127758026,0.078293445110321,0.0210679999999999,0.5267,0.012,0.3,-0.03508956,0.061832299,-0.002256084,-0.071353552,0.236157,0.043109406,0.079539136,0.06981944,0.076547641,3.090615668,0.058073454,4.0,4.0,3.0,10.0,3.0,1.0,1.0,6.0,5.0,4.0,1.0,0.0,0.0,1.0,4.0,0.0,2.0,15.0,2.0,63.0,0.0,2.0,2.0,7.0,0.0
2019-06-11,0.004050271,-8.443995416164398,-0.3377598166465759,-0.031364,-0.7841,-0.0430833333333333,-1.0770833333333334,-0.032546951,0.075923625,-0.003657999,-0.09994136,0.27132,0.039159601,0.075968905,0.054973174,0.058210755,3.095474186,0.054716688,5.0,3.0,4.0,10.0,4.0,1.0,1.0,4.0,5.0,5.0,1.0,0.0,0.0,1.0,4.0,0.0,1.0,14.0,2.0,62.0,0.0,2.0,2.0,7.0,0.0
2019-06-18,0.023560647,4.117029190063477,0.164681167602539,-0.01954,-0.4884999999999999,0.032,0.8,-0.020403012,0.091953929,-0.005296496,-0.037851825,0.288691,0.052130253,0.087270374,0.053878736,0.064242858,3.118453414,0.141558179,4.0,2.0,0.0,7.0,4.0,1.0,1.0,3.0,5.0,5.0,1.0,0.0,0.0,1.0,5.0,0.0,2.0,13.0,2.0,67.0,0.0,2.0,1.0,8.0,1.0
2019-06-25,-0.004480082,-4.985009670257568,-0.207708736260732,0.0,0.0,0.0,0.0,-0.006972,0.059454439,-0.00605905,-0.117185132,0.315604,0.048886921,0.089370705,0.056489761,0.065948353,3.14734273,0.126624974,3.0,2.0,1.0,8.0,4.0,1.0,1.0,2.0,6.0,5.0,1.0,0.0,0.0,1.0,5.0,0.0,2.0,13.0,2.0,71.0,0.0,2.0,1.0,7.0,0.0
2019-07-02,0.011966368,-7.066942512989044,-0.2826777005195617,0.020424,0.5106,0.024,0.6,0.067516766,0.061068588,-0.010492399,-0.088343521,0.371669,0.050063994,0.090729761,0.051494977,0.060763355,3.150129043,0.10943057,4.0,3.0,0.0,8.0,4.0,1.0,1.0,2.0,7.0,4.0,1.0,0.0,0.0,1.0,5.0,0.0,2.0,14.0,2.0,70.0,0.0,2.0,1.0,7.0,0.0
2019-07-09,0.014997422,-10.203446686267853,-0.4081378674507141,-0.05044,-1.261,0.012,0.3,0.031905233,0.088168961,-0.014203923,-0.0275953,0.333615,0.054392546,0.092421134,0.040941632,0.045073135,3.135924889,0.0611363,3.0,4.0,1.0,8.0,4.0,1.0,1.0,2.0,6.0,4.0,1.0,0.0,0.0,1.0,5.0,0.0,2.0,13.0,2.0,68.0,0.0,2.0,2.0,7.0,0.0
2019-07-16,-0.006548895,-4.088837802410126,-0.163553512096405,0.004232,0.1058,0.0069090909090909,0.1727272727272727,-0.047374211,0.061287969,-0.013702752,-0.020850529,0.311978,0.044858587,0.07843469,0.029418319,0.033527188,3.093280276,0.026094302,3.0,4.0,3.0,12.0,4.0,1.0,1.0,2.0,6.0,4.0,1.0,0.0,0.0,1.0,5.0,0.0,2.0,13.0,2.0,69.0,0.0,2.0,1.0,6.0,0.0
2019-07-23,0.00140664,3.1392476558685303,0.1255699062347412,-0.0099039999999999,-0.2476,0.04,1.0,0.03666125,0.067200389,-0.014555286,-0.058216905,0.311708,0.047889483,0.084723224,0.032332557,0.040564963,3.103769317,0.027012615,3.0,5.0,1.0,9.0,4.0,1.0,1.0,2.0,4.0,4.0,1.0,0.0,0.0,1.0,4.0,0.0,2.0,15.0,2.0,67.0,0.0,2.0,1.0,6.0,0.0
2019-07-30,-0.026710958,-2.187481641769409,-0.0874992656707763,0.039512,0.9878,-0.0006060606060606,-0.0151515151515151,-0.113459394,0.071576308,-0.0151799,-0.258468967,0.286804,0.036909662,0.070486156,0.025853614,0.032674048,3.074800752,-0.051049447,2.0,5.0,2.0,11.0,4.0,1.0,1.0,3.0,3.0,3.0,1.0,0.0,0.0,1.0,4.0,0.0,2.0,14.0,2.0,68.0,0.0,2.0,1.0,7.0,0.0
2019-08-06,-0.007515757,-1.3286904096603394,-0.0531476163864135,0.01,0.25,0.0,0.0,-0.075883735,0.059035551,0.01995526,-0.006195616,0.348289,0.041582075,0.075886674,0.026587371,0.030736406,3.06038741,-0.138252873,2.0,4.0,2.0,10.0,4.0,1.0,2.0,5.0,3.0,3.0,0.0,0.0,0.0,1.0,5.0,0.0,2.0,13.0,2.0,62.0,0.0,2.0,1.0,7.0,0.0
2019-08-13,-0.015507604,2.2234912514686584,0.0889396500587463,-0.022484,-0.5621,-0.013,-0.325,-0.031391275,0.074731556,-0.086217861,-0.081896278,0.387597,0.035268931,0.07177189,0.016439871,0.019643058,3.038004393,-0.160658002,2.0,4.0,4.0,13.0,3.0,2.0,1.0,2.0,4.0,4.0,0.0,0.0,0.0,0.0,4.0,0.0,2.0,12.0,2.0,60.0,0.0,1.0,1.0,8.0,0.0
2019-08-20,-0.010032034,1.246688723564148,0.0498675489425659,0.078304,1.9576,0.1,2.5,-0.016452667,0.084792729,-0.006640103,-0.064975732,0.222839,0.020843044,0.047957044,0.005432379,0.008219235,3.024346754,-0.162927127,2.0,4.0,3.0,11.0,3.0,1.0,2.0,4.0,4.0,4.0,0.0,0.0,0.0,0.0,3.0,0.0,2.0,11.0,1.0,64.0,0.0,1.0,1.0,8.0,0.0
2019-08-27,0.029328932,-4.981909096240997,-0.1992763638496399,0.019328,0.4831999999999999,-0.016,-0.3999999999999999,0.034305161,0.078258662,-0.049042777,-0.097131879,0.183063,0.01826745,0.043612183,0.011628495,0.019670195,3.037565531,-0.12496309,4.0,4.0,5.0,11.0,2.0,1.0,2.0,5.0,3.0,5.0,0.0,0.0,0.0,0.0,3.0,0.0,2.0,13.0,1.0,62.0,0.0,1.0,1.0,8.0,0.0
2019-09-03,0.014709603,-12.112934231758118,-0.4845173692703247,-0.019068,-0.4767,-0.004,-0.1,-0.016091107,0.079260982,-0.047300247,-0.08133463,0.224942,0.022183145,0.052773806,0.02476175,0.035489246,3.077190997,-0.100971144,3.0,6.0,3.0,11.0,2.0,1.0,1.0,3.0,4.0,5.0,1.0,0.0,0.0,0.0,4.0,0.0,3.0,12.0,1.0,57.0,1.0,1.0,1.0,9.0,0.0
2019-09-10,0.015505784,-9.905988812446594,-0.3962395524978637,0.0,0.0,-0.0025454545454545,-0.0636363636363636,0.052720161,0.075128979,0.152774729,-0.076171824,0.165847,0.023216379,0.045061375,0.024799412,0.034414146,3.034543949,-0.098649499,2.0,6.0,5.0,13.0,2.0,1.0,1.0,3.0,3.0,3.0,2.0,0.0,0.0,0.0,3.0,0.0,2.0,14.0,1.0,62.0,0.0,1.0,1.0,7.0,0.0
2019-09-17,-0.010560581,-8.422581851482391,-0.382844629612836,0.0,0.0,-0.0085227272727272,-0.1875,0.033053684,0.087655376,-0.049804864,-0.106821119,0.111542,0.004680299,0.025391071,0.006883347,0.014151231,3.02266788,-0.160457458,2.0,3.0,4.0,12.0,2.0,1.0,2.0,4.0,4.0,3.0,3.0,0.0,0.0,0.0,4.0,0.0,1.0,11.0,1.0,61.0,0.0,1.0,1.0,8.0,0.0
2019-09-24,-0.004281094,-1.8568739891052248,-0.0742749595642089,0.133476,3.3369,0.0,0.0,-0.013945902,0.06184291,0.072239265,0.045594341,0.092999,0.001992641,0.022014262,0.001634543,0.010760735,2.983521235,-0.178207372,1.0,3.0,6.0,13.0,2.0,1.0,2.0,4.0,3.0,3.0,4.0,0.0,0.0,0.0,4.0,0.0,1.0,10.0,1.0,62.0,0.0,1.0,1.0,9.0,0.0
2019-10-01,-0.009277211,-0.299113392829895,-0.0149556696414947,0.0064,0.128,0.0,0.0,-0.022,0.052201069,-0.045846057,-0.040067319,0.149202,0.012046379,0.034749441,0.02199325,0.034905071,3.013474617,-0.124667913,1.0,3.0,6.0,13.0,2.0,1.0,2.0,4.0,3.0,3.0,4.0,0.0,0.0,0.0,4.0,0.0,1.0,11.0,1.0,62.0,0.0,1.0,1.0,8.0,0.0
2019-10-08,0.009056707,-10.87000596523285,-0.4348002386093139,0.072572,1.8143,0.0,0.0,0.010374713,0.035615777,-0.13233742,-0.08272466,0.071847,0.000502073,0.016174795,0.018500032,0.028653717,2.956760707,-0.221060278,1.0,5.0,8.0,13.0,3.0,1.0,1.0,4.0,3.0,2.0,3.0,0.0,0.0,0.0,2.0,0.0,1.0,12.0,0.0,66.0,0.0,0.0,1.0,5.0,0.0
2019-10-15,-0.001732897,-10.867509245872498,-0.4347003698348999,0.0,0.0,0.0,0.0,0.012860571,0.082477141,-0.040494686,-0.070846834,0.193619,0.020951199,0.053124242,0.033574794,0.043736881,3.05180373,-0.146405866,1.0,6.0,8.0,13.0,3.0,1.0,0.0,5.0,5.0,2.0,3.0,0.0,0.0,0.0,1.0,0.0,1.0,15.0,0.0,62.0,1.0,0.0,1.0,5.0,0.0
2019-10-22,0.006968602,-9.254698872566223,-0.3701879549026489,0.017616,0.4404,0.0414545454545454,1.0363636363636362,0.011409375,0.063407707,-0.12994113,-0.132601895,0.093873,0.010036346,0.033226919,0.039565016,0.047937415,3.01811536,-0.167483974,1.0,6.0,8.0,14.0,2.0,1.0,1.0,5.0,5.0,1.0,3.0,0.0,0.0,0.0,1.0,0.0,1.0,13.0,0.0,60.0,1.0,0.0,2.0,6.0,0.0
2019-10-29,0.014235378,-6.991061449050903,-0.2796424579620361,-0.03904,-0.976,0.008,0.2,-0.043836413,0.058924758,-0.122327286,-0.136092006,0.137142,0.019988189,0.047988251,0.049739942,0.056602488,3.041199957,-0.137484347,1.0,5.0,9.0,14.0,2.0,1.0,1.0,5.0,5.0,2.0,3.0,0.0,0.0,0.0,1.0,0.0,1.0,17.0,0.0,58.0,1.0,0.0,2.0,6.0,0.0
2019-11-05,0.012061598,-7.483057141304016,-0.2993222856521606,-0.0114959999999999,-0.2873999999999999,-0.0366666666666666,-0.9166666666666666,0.003836095,0.050154673,0.008698051,-0.00152912,0.275293,0.038199473,0.098379468,0.07141522,0.081521592,3.18004017,-0.095451386,1.0,5.0,8.0,12.0,1.0,3.0,1.0,5.0,4.0,1.0,3.0,0.0,0.0,0.0,2.0,0.0,1.0,15.0,0.0,59.0,1.0,0.0,2.0,7.0,0.0
2019-11-12,0.01155691,-5.681475937366486,-0.2272590374946594,0.011492,0.2873,0.0213333333333333,0.5333333333333333,-0.049027072,0.057917352,-0.194270583,-0.181303689,0.175111,0.034379177,0.076030245,0.071935243,0.081668573,3.115259614,-0.170825682,1.0,5.0,8.0,11.0,2.0,2.0,1.0,5.0,5.0,2.0,2.0,0.0,0.0,0.0,2.0,0.0,0.0,17.0,0.0,56.0,1.0,0.0,1.0,7.0,0.0
2019-11-19,-0.004637386,-9.409664034843445,-0.3763865613937378,0.014244,0.3560999999999999,0.0146666666666666,0.3666666666666666,0.062072159,0.085678228,-0.02127278,-0.167042962,0.175987,0.035295034,0.073532657,0.080310439,0.091358144,3.105913294,-0.101865271,1.0,6.0,7.0,9.0,1.0,1.0,1.0,7.0,4.0,2.0,3.0,0.0,0.0,0.0,2.0,0.0,0.0,16.0,0.0,57.0,1.0,0.0,1.0,8.0,0.0
2019-11-26,0.006266708,-5.33824360370636,-0.2135297441482544,0.0210679999999999,0.5267,-0.0146666666666666,-0.3666666666666667,0.038649432,0.080576534,-0.033103788,-0.150802541,0.195882,0.025887424,0.064593202,0.077164829,0.089078567,3.080135566,-0.103869627,2.0,4.0,7.0,9.0,1.0,1.0,1.0,8.0,5.0,4.0,4.0,0.0,0.0,0.0,2.0,1.0,0.0,16.0,0.0,55.0,1.0,0.0,2.0,8.0,0.0
2019-12-03,-0.001297516,-8.5052969455719,-0.340211877822876,0.0457519999999999,1.1438,0.0306666666666666,0.7666666666666669,0.057816149,0.073300266,0.079208308,-0.023852414,0.214194,0.035111035,0.078773686,0.083827514,0.096455574,3.127672775,-0.09739463,2.0,5.0,8.0,7.0,2.0,1.0,1.0,7.0,6.0,4.0,4.0,0.0,0.0,2.0,4.0,0.0,4.0,16.0,0.0,49.0,1.0,0.0,1.0,10.0,0.0
2019-12-10,0.004276466,-7.146196007728577,-0.285847840309143,-0.032068,-0.8017,-0.0025454545454545,-0.0636363636363636,0.007867284,0.07120705,-0.163866155,-0.160171078,0.219151,0.041881524,0.0990841,0.084272345,0.098830425,3.171663676,0.033927474,1.0,4.0,8.0,5.0,1.0,1.0,1.0,6.0,6.0,4.0,2.0,0.0,0.0,4.0,5.0,0.0,6.0,15.0,0.0,54.0,1.0,0.0,1.0,8.0,0.0
2019-12-17,0.0112356,-9.750225126743317,-0.3900090050697327,0.0210679999999999,0.5267,-0.016,-0.4,0.036184667,0.07920072,-0.164525614,-0.214673389,0.268945,0.052500828,0.116701704,0.085260529,0.099370392,3.199409886,0.046242726,2.0,3.0,5.0,3.0,1.0,1.0,2.0,4.0,6.0,6.0,2.0,0.0,0.0,3.0,4.0,0.0,6.0,17.0,0.0,54.0,1.0,0.0,0.0,10.0,0.0
2019-12-24,0.006638795,-13.823454678058624,-0.552938187122345,0.0127959999999999,0.3198999999999999,0.0095,0.2375,0.1336504,0.087785142,0.183923739,0.088995062,0.285731,0.051603251,0.120603825,0.094221725,0.107999704,3.198695712,-0.00336899,2.0,3.0,6.0,5.0,1.0,1.0,3.0,3.0,6.0,6.0,3.0,0.0,0.0,4.0,5.0,0.0,6.0,16.0,0.0,54.0,1.0,0.0,1.0,8.0,0.0
2019-12-31,-0.000362495,-10.993136703968048,-0.4397254681587219,0.0128759999999999,0.3218999999999999,0.0159545454545454,0.3988636363636363,0.046561404,0.089688979,0.070490876,0.091081069,0.385061,0.067971243,0.154437778,0.108192626,0.132727961,3.301214336,0.162443209,3.0,2.0,5.0,3.0,1.0,0.0,1.0,3.0,7.0,4.0,2.0,1.0,0.0,4.0,4.0,0.0,8.0,16.0,0.0,55.0,2.0,0.0,0.0,7.0,0.0
2020-01-07,0.006553272,-8.789302587509155,-0.3515721035003662,-0.023976,-0.5994,0.012,0.3,-0.059322222,0.054930465,-0.035124602,-0.131172753,0.251766,0.045118425,0.085395681,0.079014745,0.090763711,3.083263608,-0.074003355,2.0,4.0,6.0,5.0,1.0,0.0,2.0,6.0,6.0,5.0,2.0,0.0,0.0,0.0,4.0,0.0,0.0,18.0,0.0,57.0,2.0,0.0,1.0,7.0,0.0
2020-01-14,0.017865893,-8.155141770839691,-0.3262056708335876,0.067296,1.6824,-0.024,-0.6000000000000001,0.050230409,0.100078163,0.092987826,-0.01721829,0.215858,0.042254412,0.080510374,0.081297023,0.09455711,3.085751917,-0.104733192,2.0,2.0,9.0,9.0,1.0,0.0,2.0,7.0,6.0,5.0,1.0,0.0,0.0,0.0,4.0,0.0,0.0,19.0,0.0,57.0,3.0,0.0,1.0,8.0,0.0
2020-01-21,-0.012361964,-3.329482316970825,-0.133179292678833,-0.0522359999999999,-1.3058999999999998,-0.0279999999999999,-0.6999999999999998,-0.044825568,0.087941878,-0.109310224,-0.138274139,0.255597,0.04849117,0.090684932,0.086387886,0.103464199,3.099629373,-0.116679299,2.0,2.0,6.0,7.0,1.0,0.0,1.0,7.0,6.0,5.0,1.0,0.0,0.0,0.0,4.0,0.0,0.0,19.0,0.0,59.0,3.0,0.0,3.0,9.0,0.0
2020-01-28,-0.025966139,-10.520547091960909,-0.4208218836784362,-0.1480759999999999,-3.7019,-0.0025454545454545,-0.0636363636363636,0.004110881,0.080637841,0.12887115,0.073214989,0.264312,0.046446006,0.092915266,0.073280892,0.087571756,3.0351445,-0.1642187,2.0,4.0,10.0,13.0,1.0,2.0,0.0,4.0,5.0,5.0,3.0,0.0,0.0,0.0,2.0,0.0,0.0,17.0,0.0,60.0,3.0,0.0,2.0,8.0,0.0
2020-02-04,0.029086151,-8.803648293018341,-0.3521459317207336,0.11988,2.997,0.0706666666666666,1.7666666666666666,0.005485795,0.090582444,-0.039892506,-0.196407209,0.247142,0.046975804,0.096111411,0.07197551,0.091278584,3.067600289,-0.119417603,1.0,3.0,9.0,10.0,2.0,1.0,0.0,4.0,6.0,6.0,3.0,0.0,0.0,0.0,3.0,0.0,0.0,19.0,0.0,58.0,3.0,0.0,2.0,7.0,0.0
2020-02-11,0.010054058,-3.005879163742065,-0.1202351665496826,0.0,0.0,0.0,0.0,-0.00757217,0.06286514,-0.044089021,-0.103892126,0.199536,0.039348362,0.075792389,0.071335077,0.09247645,3.046991084,-0.152397541,1.0,2.0,9.0,9.0,1.0,0.0,0.0,4.0,6.0,6.0,3.0,0.0,0.0,0.0,3.0,0.0,0.0,19.0,0.0,62.0,3.0,0.0,2.0,7.0,0.0
2020-02-18,-0.013992283,-6.369029104709625,-0.254761164188385,0.0228759999999999,0.5719,0.0374545454545454,0.9363636363636364,0.002031013,0.061658906,-0.045832289,-0.021973922,0.25332,0.045459888,0.088333127,0.078356801,0.098807777,3.064915256,-0.167722626,2.0,2.0,9.0,9.0,3.0,0.0,0.0,3.0,6.0,5.0,2.0,0.0,0.0,0.0,3.0,0.0,0.0,18.0,0.0,62.0,3.0,0.0,1.0,8.0,0.0
2020-02-25,-0.141012997,-9.041351735591888,-0.3616540694236755,-0.0915039999999999,-2.2876,0.0,0.0,0.031222527,0.083694995,-0.049170323,-0.185742012,0.226717,0.042303812,0.085292061,0.069822957,0.089711063,3.027075085,-0.151031778,2.0,1.0,8.0,11.0,2.0,0.0,1.0,3.0,6.0,6.0,2.0,0.0,0.0,0.0,2.0,0.0,0.0,18.0,0.0,61.0,3.0,0.0,1.0,9.0,0.0
2020-03-03,0.017607728,-10.49024748802185,-0.419609899520874,0.065568,1.6392000000000002,0.0631666666666666,1.5791666666666666,0.145436723,0.082318797,-0.054305105,-0.089435416,0.148187,0.028484294,0.06895204,0.067527168,0.087305611,2.973048487,-0.177052774,2.0,0.0,9.0,10.0,0.0,0.0,2.0,3.0,6.0,5.0,2.0,0.0,0.0,0.0,1.0,0.0,0.0,15.0,0.0,66.0,3.0,0.0,1.0,8.0,0.0
2020-03-10,-0.115552657,-13.813558161258698,-0.552542326450348,0.043732,1.0933000000000002,0.1093333333333333,2.7333333333333334,0.011937278,0.047410111,-0.049683628,-0.160608407,0.041425,0.024004649,0.03884171,0.057226339,0.071126569,2.887607671,-0.195251508,2.0,0.0,9.0,11.0,1.0,1.0,2.0,3.0,7.0,3.0,2.0,0.0,0.0,0.0,1.0,0.0,2.0,12.0,0.0,70.0,2.0,0.0,1.0,7.0,0.0
2020-03-17,-0.209223124,-8.951875686645508,-0.3443029110248272,-0.017616,-0.4404,-0.004,-0.1,-0.008280349,0.081742178,-0.044929897,-0.328419104,0.157843,0.040988582,0.063902719,0.06871498,0.086867685,2.940084314,-0.272112395,2.0,0.0,6.0,9.0,1.0,1.0,1.0,2.0,6.0,5.0,3.0,0.0,0.0,0.0,1.0,0.0,2.0,9.0,0.0,73.0,2.0,0.0,2.0,7.0,0.0
2020-03-24,0.1138247,-6.738013863563538,-0.2695205545425415,0.021196,0.5299,-0.0020454545454545,-0.0511363636363636,-0.041238172,0.051071702,-0.043907798,-0.256806534,0.168081,0.041094952,0.071514584,0.059428028,0.081585931,2.955598134,-0.373304953,1.0,0.0,7.0,10.0,1.0,1.0,1.0,2.0,6.0,4.0,2.0,0.0,0.0,0.0,1.0,0.0,2.0,9.0,0.0,72.0,2.0,0.0,1.0,8.0,0.0
2020-03-31,-0.027752009,-9.464674592018127,-0.3785869836807251,-0.017616,-0.4404,0.02,0.5,0.034957396,0.103206912,-0.043724485,-0.315751313,0.072596,0.028471199,0.045796049,0.047515398,0.068547663,2.977262567,-0.358238401,1.0,0.0,9.0,11.0,1.0,1.0,1.0,3.0,5.0,6.0,3.0,0.0,0.0,0.0,3.0,0.0,2.0,10.0,0.0,66.0,2.0,0.0,2.0,13.0,0.0
2020-04-07,-0.027676913,-9.32895851135254,-0.3731583404541015,0.022296,0.5574,0.0,0.0,-0.011331472,0.090838345,-0.114695718,-0.1828299,0.174794,0.035852373,0.065191716,0.064408313,0.084018719,2.987582969,-0.247317148,1.0,1.0,8.0,11.0,2.0,1.0,0.0,2.0,5.0,5.0,3.0,0.0,0.0,0.0,4.0,0.0,2.0,11.0,0.0,66.0,3.0,0.0,3.0,10.0,0.0
2020-04-14,0.131585493,-6.685454249382019,-0.2674181699752808,-0.0005959999999999,-0.0148999999999999,0.0723333333333333,1.808333333333333,0.00053641,0.068622137,-0.050592654,-0.244984241,0.146537,0.034515056,0.069129963,0.074608933,0.090645512,2.996217387,-0.363441842,1.0,2.0,7.0,9.0,1.0,1.0,0.0,1.0,5.0,5.0,3.0,0.0,0.0,0.0,3.0,0.0,2.0,9.0,0.0,69.0,3.0,0.0,3.0,9.0,0.0
2020-04-21,-0.019651512,-13.702010810375214,-0.5480804324150086,-0.032296,-0.8074,0.0,0.0,0.059068687,0.105302011,-0.049994087,-0.165493015,0.170073,0.03266912,0.063464494,0.07863912,0.097090417,2.999067438,-0.342341951,1.0,2.0,9.0,12.0,2.0,1.0,1.0,1.0,6.0,5.0,3.0,0.0,0.0,0.0,4.0,0.0,2.0,9.0,1.0,68.0,2.0,0.0,2.0,8.0,0.0
2020-04-28,-0.002174198,-9.46095222234726,-0.3784380888938903,-0.000708,-0.0177,0.044,1.1,0.004256354,0.087333008,-0.048421745,-0.19477273,0.174773,0.039046824,0.066233786,0.078663141,0.099497859,3.004050764,-0.409808223,1.0,3.0,7.0,11.0,2.0,1.0,1.0,2.0,5.0,7.0,3.0,0.0,0.0,0.0,4.0,0.0,1.0,11.0,1.0,70.0,2.0,0.0,2.0,9.0,0.0
2020-05-05,0.024973162,-0.0789058208465576,-0.0031562328338623,0.009652,0.2413,0.024,0.6,0.026244944,0.057477494,-0.061105524,-0.151454488,0.238489,0.050032923,0.085345099,0.080865501,0.101795356,3.026287047,-0.377093022,1.0,2.0,6.0,9.0,1.0,1.0,1.0,2.0,7.0,8.0,3.0,1.0,0.0,0.0,5.0,0.0,1.0,10.0,2.0,70.0,3.0,0.0,2.0,11.0,0.0
2020-05-12,-0.027269941,-2.773154318332672,-0.1109261727333068,0.033024,0.8255999999999999,0.0565,1.4125,-0.032649468,0.043234939,-0.098257745,-0.159031332,0.258444,0.052219402,0.085495249,0.070621541,0.088330879,2.982937242,-0.37021022,2.0,2.0,6.0,9.0,2.0,1.0,2.0,0.0,4.0,7.0,3.0,0.0,0.0,0.0,4.0,0.0,1.0,9.0,2.0,74.0,2.0,0.0,2.0,9.0,0.0
2020-05-19,0.031871445,-5.463549077510834,-0.2185419631004333,0.017616,0.4404,0.032,0.7999999999999999,-0.042402395,0.045253857,-0.088921658,-0.154340615,0.138951,0.037643714,0.06212471,0.068925082,0.085500175,2.968086267,-0.340325032,1.0,3.0,7.0,11.0,1.0,1.0,1.0,0.0,5.0,9.0,3.0,0.0,0.0,0.0,5.0,0.0,1.0,9.0,2.0,73.0,2.0,0.0,2.0,10.0,0.0
2020-05-26,0.036163811,-2.624492108821869,-0.1141083525574725,0.0590434782608695,1.358,0.0608695652173913,1.4,0.023069863,0.077617411,-0.115113322,-0.112893492,0.06644,0.026189033,0.044054798,0.056531821,0.073390988,2.931641304,-0.356440357,2.0,2.0,10.0,14.0,2.0,1.0,1.0,0.0,3.0,5.0,5.0,0.0,0.0,0.0,5.0,0.0,1.0,9.0,2.0,74.0,2.0,0.0,1.0,7.0,0.0
2020-06-02,0.063733218,-11.195431232452393,-0.4478172492980957,-0.081164,-2.0291,0.0073333333333333,0.1833333333333333,-0.083976647,0.078457931,-0.047624047,-0.202764466,0.1165,0.037292689,0.064505301,0.067481732,0.088997355,2.944918308,-0.315472444,2.0,2.0,7.0,11.0,1.0,1.0,1.0,0.0,3.0,5.0,3.0,0.0,0.0,0.0,5.0,0.0,1.0,10.0,2.0,77.0,2.0,0.0,1.0,6.0,0.0
2020-06-09,-0.058793527,-10.26508343219757,-0.4106033372879028,-0.0055879999999999,-0.1396999999999999,-0.0276666666666666,-0.6916666666666667,-0.053472121,0.049610776,-0.046026447,-0.174703086,0.211745,0.051847102,0.081819675,0.073455146,0.092819039,3.007993328,-0.284493121,2.0,2.0,7.0,9.0,3.0,1.0,2.0,0.0,4.0,5.0,3.0,0.0,0.0,0.0,5.0,0.0,1.0,12.0,2.0,74.0,2.0,0.0,1.0,5.0,0.0
2020-06-16,0.010278508,-7.8698617815971375,-0.3147944712638855,-0.01,-0.25,0.0,0.0,-0.02168239,0.081110525,-0.037910779,-0.137784389,0.246502,0.056027172,0.093528498,0.070886949,0.088331057,3.036935917,-0.270480544,2.0,2.0,6.0,9.0,3.0,1.0,1.0,1.0,5.0,6.0,3.0,0.0,0.0,0.0,5.0,1.0,1.0,11.0,2.0,73.0,2.0,0.0,1.0,5.0,0.0
2020-06-23,-0.034215118,-4.8055115938186646,-0.1922204637527466,0.0024519999999999,0.0612999999999999,0.0054545454545454,0.1363636363636363,-0.15518,0.04547573,-0.037520774,-0.311806485,0.216184,0.046837242,0.080323105,0.06851947,0.085856776,2.985914455,-0.27502354,3.0,2.0,8.0,9.0,4.0,1.0,1.0,1.0,3.0,6.0,3.0,0.0,0.0,0.0,6.0,0.0,1.0,9.0,2.0,73.0,2.0,0.0,1.0,5.0,0.0
2020-06-30,-0.00481826,-9.629741549491882,-0.4814870774745941,-0.021075,-0.4215,0.025,0.5,0.034586813,0.096546322,-0.041330492,-0.112401238,0.295093,0.055979824,0.098580802,0.075380164,0.089815422,2.991214657,-0.246366282,3.0,2.0,7.0,9.0,4.0,1.0,1.0,2.0,3.0,3.0,4.0,0.0,0.0,0.0,6.0,0.0,1.0,10.0,2.0,73.0,2.0,0.0,1.0,4.0,0.0
2020-07-07,0.021970025,-0.2345517873764038,-0.0093820714950561,0.0228759999999999,0.5719,0.0293333333333333,0.7333333333333334,-0.016104737,0.109972866,-0.038740476,-0.060784597,0.305159,0.056855064,0.103780628,0.076201822,0.094254666,3.020902567,-0.208307107,2.0,3.0,8.0,10.0,4.0,1.0,0.0,2.0,3.0,3.0,3.0,0.0,0.0,0.0,3.0,0.0,1.0,11.0,1.0,74.0,1.0,0.0,1.0,5.0,0.0
2020-07-14,0.022369943,-0.8574305176734924,-0.0342972207069397,0.003956,0.0988999999999999,0.008,0.2,-0.028159302,0.081450036,-0.029796384,-0.183479873,0.304073,0.059040405,0.098195765,0.07570355,0.081604438,2.944186343,-0.30454685,2.0,6.0,8.0,10.0,4.0,1.0,0.0,1.0,2.0,3.0,2.0,0.0,0.0,0.0,2.0,0.0,1.0,11.0,0.0,74.0,1.0,0.0,0.0,3.0,0.0
2020-07-21,-0.007633579,-0.1340583562850952,-0.0063837312516712,-0.0258238095238095,-0.5423,0.0,0.0,-0.063080337,0.019601924,-0.021245045,-0.142296535,0.198886,0.051274678,0.081949002,0.061658163,0.076201534,2.98973782,-0.3640717,3.0,4.0,9.0,11.0,4.0,1.0,0.0,2.0,2.0,7.0,2.0,0.0,0.0,0.0,5.0,0.0,1.0,12.0,1.0,64.0,2.0,1.0,0.0,8.0,1.0
2020-07-28,-0.001572934,-5.393530786037445,-0.2157412314414978,0.013116,0.3279000000000001,-0.016,-0.4,-0.021783425,0.062899279,-0.012020892,-0.166277546,0.240565,0.053647535,0.089922544,0.086324626,0.099243981,3.015907216,-0.331872211,3.0,2.0,9.0,11.0,4.0,1.0,0.0,2.0,2.0,7.0,2.0,0.0,0.0,0.0,5.0,0.0,1.0,12.0,1.0,65.0,2.0,1.0,0.0,8.0,1.0
2020-08-04,0.036639901,-9.024408996105194,-0.3609763598442078,-0.019208,-0.4802,-0.0126666666666666,-0.3166666666666666,-0.040065644,0.070197787,-0.299479888,-0.283094529,0.242938,0.049945692,0.089011241,0.076824989,0.090739007,2.98085667,-0.322696636,2.0,3.0,8.0,11.0,3.0,0.0,1.0,2.0,2.0,5.0,3.0,0.0,0.0,0.0,3.0,0.0,1.0,13.0,1.0,65.0,2.0,0.0,0.0,7.0,0.0
2020-08-11,0.01781317,-10.127310812473295,-0.4050924324989319,0.0210679999999999,0.5267,-0.02,-0.5,0.005599515,0.124662999,-0.093082288,-0.152871321,0.326729,0.061647292,0.11298611,0.094479594,0.109640996,2.986710123,-0.320299777,2.0,3.0,8.0,10.0,3.0,0.0,1.0,2.0,2.0,4.0,3.0,0.0,0.0,0.0,3.0,0.0,1.0,13.0,1.0,67.0,2.0,0.0,0.0,6.0,0.0
2020-08-18,-2.47e-05,-6.03349506855011,-0.2413398027420044,0.025468,0.6367,-0.0058333333333333,-0.1458333333333333,-0.010955172,0.091275513,-0.02569917,-0.089118209,0.31283,0.060204064,0.109092613,0.104288893,0.12330921,3.012077486,-0.357896336,2.0,4.0,8.0,13.0,3.0,0.0,1.0,2.0,2.0,4.0,3.0,0.0,0.0,0.0,3.0,0.0,1.0,10.0,1.0,68.0,2.0,0.0,0.0,6.0,0.0
2020-08-25,0.025251039,-5.805154979228973,-0.2322061991691589,-0.0136,-0.34,-0.016,-0.4,0.033121579,0.089429291,-0.116659095,-0.081615546,0.251953,0.060466663,0.107980599,0.096592811,0.116375514,3.00473431,-0.378678502,2.0,3.0,8.0,12.0,3.0,0.0,1.0,3.0,2.0,3.0,4.0,0.0,0.0,0.0,3.0,0.0,1.0,10.0,1.0,69.0,2.0,0.0,0.0,6.0,0.0
2020-09-01,-0.018503333,-8.077736914157867,-0.3231094765663147,-0.04992,-1.248,-0.0225454545454545,-0.5636363636363637,-0.065904372,0.078196757,-0.057269097,-0.149606412,0.215727,0.056868498,0.098684462,0.09417157,0.113101314,2.977821636,-0.407875898,2.0,3.0,8.0,12.0,3.0,0.0,1.0,3.0,2.0,4.0,3.0,0.0,0.0,0.0,2.0,0.0,1.0,9.0,0.0,71.0,2.0,0.0,0.0,5.0,0.0
2020-09-08,-0.016904362,-4.9351648688316345,-0.1974065947532653,-0.0136,-0.34,0.0,0.0,-0.054424855,0.096343201,-0.169520336,-0.170468261,0.287897,0.065847155,0.115786679,0.09699055,0.113909541,2.989843642,-0.365902908,3.0,4.0,9.0,11.0,3.0,1.0,0.0,3.0,2.0,4.0,2.0,0.0,0.0,0.0,2.0,0.0,1.0,10.0,0.0,70.0,2.0,0.0,0.0,4.0,0.0
2020-09-15,-0.000297208,-6.145311713218689,-0.2458124685287475,0.070644,1.7661,0.0,0.0,-0.011220725,0.076019549,-0.116020568,-0.188482323,0.256231,0.055746302,0.101791513,0.090982901,0.105469904,2.958744951,-0.31404242,3.0,3.0,8.0,12.0,4.0,1.0,0.0,3.0,2.0,3.0,2.0,0.0,0.0,0.0,3.0,0.0,0.0,9.0,0.0,73.0,2.0,0.0,0.0,3.0,0.0
2020-09-22,-0.017791297,-4.9100053906440735,-0.1964002156257629,0.0,0.0,0.0,0.0,0.013461404,0.052450896,-0.146063238,-0.158838065,0.208381,0.045188754,0.085547762,0.083790753,0.098328593,2.935705198,-0.402089787,2.0,3.0,9.0,11.0,2.0,2.0,0.0,3.0,3.0,3.0,1.0,0.0,0.0,0.0,2.0,0.0,0.0,8.0,0.0,72.0,2.0,0.0,0.0,3.0,0.0
2020-09-29,0.018381443,-6.616291582584381,-0.2646516633033752,0.0,0.0,0.0,0.0,0.042334513,0.064806309,-0.017845981,-0.109705856,0.258682,0.051713106,0.098900534,0.088017274,0.10758683,2.969763685,-0.327798579,2.0,3.0,9.0,11.0,3.0,3.0,0.0,3.0,2.0,4.0,2.0,0.0,0.0,0.0,2.0,0.0,0.0,8.0,0.0,72.0,3.0,0.0,0.0,4.0,0.0
2020-10-06,0.031626025,1.7149779200553894,0.0685991168022155,0.036684,0.9171,0.032,0.8,-0.031533019,0.046974696,0.004689083,0.007777776,0.290648,0.060039353,0.106923555,0.094238281,0.114189992,2.999065236,-0.31525984,2.0,3.0,9.0,12.0,2.0,3.0,0.0,4.0,2.0,6.0,2.0,0.0,0.0,0.0,2.0,0.0,0.0,9.0,0.0,70.0,2.0,0.0,0.0,4.0,0.0
2020-10-13,0.000678522,-9.213261306285858,-0.3685304522514343,-0.0315999999999999,-0.79,-0.008,-0.2,0.06535907,0.072160934,0.003799553,-0.140517872,0.217662,0.047661881,0.093344228,0.094875321,0.113534907,3.014352599,-0.316645827,2.0,4.0,9.0,9.0,2.0,1.0,1.0,5.0,1.0,4.0,2.0,0.0,0.0,0.0,3.0,0.0,0.0,9.0,0.0,73.0,2.0,0.0,0.0,3.0,1.0
2020-10-20,-0.009554775,-7.045709431171417,-0.2818283772468566,0.084064,2.1016000000000004,0.0094545454545454,0.2363636363636363,-0.066210303,0.081645174,0.003672952,-0.253347825,0.236894,0.056365531,0.103328055,0.107855065,0.128136652,3.051700956,-0.217635829,2.0,4.0,7.0,8.0,2.0,2.0,0.0,5.0,2.0,5.0,2.0,0.0,0.0,0.0,3.0,0.0,0.0,10.0,0.0,70.0,3.0,0.0,0.0,3.0,1.0
2020-10-27,-0.069202237,-6.140383005142212,-0.2456153202056884,0.0228759999999999,0.5719,0.016,0.4,0.024954634,0.071408091,-0.006896221,-0.094051036,0.24036,0.057556892,0.107063296,0.104586359,0.123029174,3.03671055,-0.241056247,2.0,4.0,8.0,10.0,2.0,1.0,0.0,4.0,1.0,6.0,2.0,0.0,0.0,0.0,3.0,0.0,0.0,10.0,0.0,71.0,3.0,0.0,0.0,4.0,1.0
2020-11-03,0.064321374,-10.953713297843931,-0.4381485319137573,0.0421359999999999,1.0534,0.04,1.0,-0.000921088,0.215730969,0.465408116,-0.350592508,0.316678,0.068236829,0.127300319,0.115143477,0.137206667,3.072225769,-0.285607237,1.0,3.0,7.0,8.0,3.0,2.0,0.0,4.0,0.0,4.0,2.0,0.0,0.0,0.0,4.0,0.0,0.0,10.0,0.0,74.0,3.0,1.0,0.0,2.0,2.0
2020-11-10,0.039227186,-12.019398272037506,-0.4807759308815002,0.0794719999999999,1.9868,0.0,0.0,0.143919048,0.113067296,0.112293615,0.006617801,0.354018,0.074050894,0.128100916,0.107161792,0.12757031,3.103125079,-0.276678283,1.0,3.0,4.0,9.0,3.0,1.0,1.0,6.0,0.0,4.0,2.0,0.0,0.0,0.0,4.0,0.0,0.0,15.0,0.0,68.0,2.0,1.0,0.0,2.0,1.0
2020-11-17,-0.007392491,-2.140609622001648,-0.0856243848800659,0.00176,0.044,-0.0142222222222222,-0.3555555555555556,-0.004048039,0.061368025,-0.023252384,-0.033060697,0.256364,0.061465615,0.108273624,0.111158367,0.130996395,3.054434184,-0.357168114,1.0,5.0,6.0,10.0,3.0,1.0,1.0,6.0,0.0,5.0,3.0,0.0,0.0,0.0,2.0,0.0,0.0,11.0,0.0,70.0,2.0,1.0,0.0,2.0,1.0
2020-11-24,0.021627616,-2.858118712902069,-0.1143247485160827,0.018352,0.4588,0.0059999999999999,0.1499999999999999,0.054803409,0.098351472,0.000737683,0.043916033,0.269172,0.058196274,0.104027667,0.102504937,0.119830562,3.050736459,-0.318266254,1.0,4.0,4.0,9.0,2.0,1.0,0.0,5.0,2.0,4.0,3.0,0.0,0.0,0.0,2.0,0.0,1.0,10.0,0.0,73.0,2.0,1.0,0.0,2.0,1.0
2020-12-01,0.010188873,-5.368061423301697,-0.2147224569320678,0.088088,2.2022,0.062,1.55,0.111411728,0.113807694,0.065809932,0.015210632,0.314757,0.061787333,0.126891522,0.123951328,0.145247008,3.030103822,-0.190154459,1.0,2.0,6.0,10.0,2.0,1.0,0.0,6.0,2.0,5.0,3.0,0.0,0.0,1.0,3.0,0.0,3.0,10.0,0.0,69.0,2.0,1.0,0.0,2.0,1.0
2020-12-08,-0.005720824,-7.721410274505615,-0.3088564109802246,0.041216,1.0304,-0.016,-0.4,0.048823913,0.064376188,-0.161844337,-0.154814963,0.283534,0.069481608,0.132580009,0.118716353,0.14864979,3.188324882,0.06774106,2.0,0.0,4.0,8.0,2.0,1.0,0.0,4.0,3.0,3.0,3.0,0.0,0.0,6.0,3.0,0.0,9.0,11.0,0.0,65.0,1.0,1.0,0.0,1.0,1.0
2020-12-15,0.004396427,-10.404310762882233,-0.4161724305152893,0.021692,0.5423,0.0,0.0,0.08874709,0.088908561,0.035491597,0.057921964,0.432988,0.087098156,0.181606276,0.131674678,0.16306553,3.314594829,0.00640017,2.0,0.0,2.0,7.0,3.0,1.0,0.0,4.0,3.0,3.0,3.0,0.0,0.0,7.0,4.0,0.0,12.0,12.0,0.0,61.0,1.0,1.0,0.0,2.0,1.0
2020-12-22,0.00013972,-5.602537214756012,-0.2154822005675389,0.042612,1.0653,0.032,0.8,0.041400641,0.055827289,-0.094741736,-0.192015936,0.423798,0.074919307,0.156496119,0.120068095,0.141110252,3.332536066,0.006732776,1.0,0.0,2.0,9.0,3.0,1.0,0.0,2.0,3.0,7.0,4.0,0.0,0.0,7.0,2.0,0.0,11.0,4.0,0.0,67.0,1.0,0.0,2.0,6.0,0.0
2020-12-29,0.006376559,1.7766892313957214,0.0710675692558288,0.001936,0.0484,0.0,0.0,-0.004484034,0.065558723,-0.087504567,-0.087660472,0.392349,0.083143779,0.192784028,0.136762116,0.161981917,3.418643878,0.042619923,1.0,0.0,1.0,7.0,2.0,3.0,0.0,3.0,3.0,3.0,3.0,1.0,0.0,10.0,3.0,0.0,13.0,7.0,0.0,66.0,1.0,0.0,0.0,3.0,0.0
2021-01-05,0.029549196,-5.442646682262421,-0.2177058672904968,0.02206,0.5515,0.0614545454545454,1.5363636363636364,0.00939906,0.225581551,0.501907726,-0.493122586,0.320628283,0.054100228,0.116036809,0.103927621,0.120344099,3.124800988,-0.242575759,2.0,0.0,3.0,9.0,2.0,3.0,0.0,5.0,2.0,3.0,3.0,0.0,0.0,2.0,3.0,0.0,4.0,8.0,0.0,68.0,1.0,1.0,0.0,3.0,0.0
2021-01-12,-0.009207101,-5.114709734916687,-0.2045883893966674,0.0,0.0,0.0,0.0,-0.032203302,0.05412383,-0.282440942,-0.254631201,0.267491919,0.045116484,0.094239337,0.102100138,0.122441396,3.036285713,-0.322921189,2.0,1.0,5.0,10.0,2.0,3.0,0.0,6.0,0.0,4.0,3.0,0.0,0.0,0.0,3.0,0.0,0.0,12.0,0.0,70.0,2.0,1.0,0.0,4.0,1.0
2021-01-19,0.005894768,-10.450896978378296,-0.4180358791351318,-0.014448,-0.3612,-0.02,-0.5,-0.057354737,0.054454503,-0.054506334,-0.112923724,0.245525253,0.044337786,0.085788401,0.090078204,0.106251594,2.981108233,-0.424061898,1.0,2.0,4.0,11.0,2.0,3.0,2.0,5.0,0.0,6.0,3.0,0.0,0.0,0.0,2.0,0.0,0.0,10.0,0.0,74.0,1.0,1.0,0.0,3.0,1.0
2021-01-26,-0.0338316,-7.782973527908325,-0.311318941116333,0.008164,0.2041,-0.0012121212121212,-0.0303030303030303,0.032337234,0.098676236,-0.137628442,-0.006067991,0.249559596,0.044810563,0.08670618,0.096019724,0.11461206,2.989403732,-0.366468563,1.0,0.0,4.0,9.0,2.0,3.0,0.0,4.0,1.0,5.0,2.0,0.0,0.0,0.0,2.0,0.0,0.0,12.0,0.0,73.0,2.0,1.0,0.0,5.0,0.0
2021-02-02,0.037421697,-12.863636374473572,-0.5145454549789429,0.0136,0.34,0.0,0.0,0.00878877,0.078272525,-0.181488466,-0.193184673,0.263828283,0.042929734,0.084459187,0.094584815,0.113646219,2.980927629,-0.350785082,1.0,0.0,5.0,9.0,2.0,4.0,0.0,5.0,1.0,5.0,2.0,0.0,0.0,0.0,2.0,0.0,0.0,12.0,0.0,73.0,2.0,1.0,0.0,5.0,0.0
2021-02-09,0.00985937,-6.075418591499329,-0.2430167436599731,0.216808,5.4202,0.1066666666666666,2.6666666666666665,0.037435122,0.060133854,-0.01989284,-0.089856697,0.18550202,0.031580525,0.063896973,0.071682267,0.087655524,2.935692189,-0.404525011,1.0,1.0,4.0,10.0,2.0,4.0,0.0,4.0,1.0,5.0,2.0,0.0,0.0,0.0,2.0,0.0,0.0,11.0,0.0,74.0,2.0,1.0,0.0,5.0,0.0
2021-02-16,0.001140523,-2.641293525695801,-0.105651741027832,0.0162199999999999,0.4054999999999999,0.0427878787878787,1.0696969696969696,-0.032915244,0.05255957,-0.143882004,-0.180287198,0.214679798,0.033668666,0.070331891,0.090774265,0.110643897,2.946762449,-0.366157167,1.0,1.0,5.0,10.0,2.0,3.0,0.0,3.0,1.0,5.0,2.0,0.0,0.0,0.0,2.0,0.0,1.0,10.0,0.0,75.0,2.0,1.0,0.0,5.0,0.0
2021-02-23,-0.018167053,-6.518235146999359,-0.2607294058799743,0.040824,1.0206,-0.016,-0.4,-0.116994475,0.069225892,-0.061934203,-0.086556251,0.303023232,0.043004621,0.087396391,0.099439569,0.11898393,2.985634681,-0.320852443,1.0,1.0,6.0,11.0,3.0,3.0,0.0,4.0,0.0,5.0,2.0,0.0,0.0,0.0,2.0,0.0,1.0,10.0,0.0,73.0,2.0,1.0,0.0,8.0,0.0
2021-03-02,0.017904643,-8.709618210792542,-0.3958917368542064,0.0,0.0,0.0295454545454545,0.6499999999999999,-0.023742541,0.078071215,0.034761818,-0.037836145,0.282335354,0.038294313,0.082574909,0.102555579,0.123233205,2.96483739,-0.267283813,1.0,1.0,7.0,12.0,3.0,3.0,0.0,5.0,0.0,5.0,2.0,0.0,0.0,0.0,2.0,0.0,1.0,9.0,0.0,75.0,2.0,0.0,0.0,7.0,0.0
2021-03-09,0.039121208,-1.969072699546814,-0.0787629079818725,-0.019068,-0.4767,-0.016,-0.4,-0.026171429,0.061639201,-0.106979428,-0.099852221,0.257432323,0.037827482,0.074517594,0.095375521,0.108776568,2.965712962,-0.283860477,1.0,2.0,5.0,9.0,3.0,3.0,0.0,3.0,0.0,5.0,2.0,0.0,0.0,0.0,2.0,0.0,1.0,9.0,0.0,75.0,2.0,0.0,0.0,7.0,0.0
2021-03-16,-0.004617817,-6.713424205780029,-0.2685369682312011,0.019068,0.4767,0.0,0.0,-0.033152121,0.076540251,-0.022509146,-0.098679422,0.329773737,0.038649756,0.082101672,0.097047479,0.112669425,2.986659778,-0.233036932,1.0,3.0,5.0,11.0,3.0,3.0,0.0,3.0,0.0,5.0,2.0,0.0,0.0,0.0,2.0,0.0,1.0,10.0,0.0,76.0,1.0,0.0,0.0,8.0,0.0
2021-03-23,0.013452412,-8.252354681491852,-0.3300941872596741,-0.028432,-0.7108000000000001,0.0101212121212121,0.253030303030303,-0.016680628,0.08878876,-0.081411709,-0.111636791,0.352249495,0.039114888,0.083133653,0.094207609,0.107799363,2.994237737,-0.220122741,1.0,3.0,6.0,12.0,4.0,3.0,1.0,5.0,1.0,5.0,1.0,0.0,0.0,0.0,2.0,0.0,1.0,9.0,0.0,72.0,1.0,0.0,0.0,7.0,0.0
2021-03-30,0.005622115,-0.8390055298805237,-0.0399526442800249,0.0088380952380952,0.1856,0.0333333333333333,0.7,-0.003725767,0.071481199,0.018337439,-0.115171466,0.403749495,0.053363945,0.101967231,0.105453648,0.121057824,3.021188879,-0.209056432,1.0,1.0,5.0,11.0,5.0,3.0,2.0,4.0,1.0,7.0,2.0,0.0,0.0,0.0,3.0,0.0,1.0,11.0,0.0,69.0,1.0,0.0,0.0,9.0,0.0
2021-04-06,0.021529795,-3.785866558551788,-0.1514346623420715,0.04708,1.1769999999999996,0.078,1.9500000000000004,-0.001597537,0.063343776,-0.152017847,-0.194116806,0.302526263,0.039570036,0.078757607,0.07144137,0.084979801,2.985478724,-0.356485892,1.0,1.0,8.0,20.0,3.0,3.0,1.0,3.0,0.0,9.0,1.0,0.0,0.0,0.0,2.0,0.0,1.0,8.0,0.0,72.0,1.0,0.0,1.0,10.0,0.0
2021-04-13,0.011697724,3.18035101890564,0.1272140407562255,-0.036616,-0.9154,-0.0219999999999999,-0.5499999999999998,-0.093963043,0.076776892,-0.020178843,-0.079963134,0.298080808,0.041616922,0.084737249,0.076589806,0.085490416,2.979156789,-0.239287692,1.0,3.0,5.0,13.0,4.0,3.0,1.0,3.0,0.0,8.0,1.0,0.0,0.0,0.0,3.0,0.0,1.0,10.0,0.0,71.0,1.0,0.0,0.0,10.0,0.0
2021-04-20,-0.004617035,-7.153089761734009,-0.2861235904693603,0.0062079999999999,0.1552,-0.0146666666666666,-0.3666666666666665,-0.001189189,0.054253268,0.019313233,-0.024270309,0.287607071,0.039486181,0.084099061,0.082131251,0.095858147,2.978577862,-0.281456457,2.0,4.0,6.0,14.0,4.0,2.0,1.0,3.0,0.0,9.0,1.0,0.0,0.0,0.0,3.0,0.0,1.0,11.0,0.0,69.0,1.0,0.0,0.0,13.0,0.0
2021-04-27,-0.004978325,-2.116308569908142,-0.0846523427963256,-0.0152719999999999,-0.3818,0.016,0.4,0.05694472,0.066160363,-0.232815693,-0.209514538,0.323770707,0.050190828,0.097538032,0.079264153,0.088736291,2.981088656,-0.30781635,1.0,2.0,5.0,11.0,4.0,3.0,1.0,3.0,0.0,8.0,1.0,0.0,0.0,0.0,4.0,0.0,1.0,11.0,0.0,72.0,1.0,0.0,0.0,10.0,0.0
2021-05-04,0.025962282,-0.1390901207923889,-0.0055636048316955,0.008228,0.2057,0.004,0.1,0.040637705,0.089507226,0.001376154,-0.051558621,0.308186,0.041578737,0.083148277,0.07731933,0.087311556,2.938172116,-0.308323401,1.0,4.0,5.0,14.0,4.0,2.0,1.0,3.0,0.0,9.0,1.0,0.0,0.0,0.0,3.0,0.0,1.0,11.0,0.0,73.0,1.0,0.0,0.0,9.0,1.0
2021-05-11,-0.01150685,-1.6860259771347046,-0.0674410390853881,0.043356,1.0839,0.096,2.4000000000000004,0.020000629,0.091910425,-0.157538691,-0.088666808,0.290192,0.043878561,0.086495867,0.076052798,0.092351009,2.939812909,-0.326177009,3.0,4.0,4.0,18.0,4.0,1.0,1.0,3.0,0.0,7.0,1.0,0.0,0.0,0.0,3.0,1.0,1.0,9.0,0.0,74.0,1.0,0.0,1.0,8.0,1.0
2021-05-18,-0.005095031,-3.001177966594696,-0.1200471186637878,-0.031396,-0.7848999999999999,0.016,0.3999999999999999,-0.071881319,0.069335607,-0.105978279,-0.214220927,0.296736,0.051374528,0.098123889,0.08282729,0.09879517,2.959067586,-0.285697861,2.0,4.0,3.0,16.0,3.0,1.0,1.0,3.0,1.0,8.0,1.0,0.0,0.0,0.0,4.0,0.0,1.0,11.0,0.0,74.0,2.0,0.0,0.0,10.0,1.0
2021-05-25,0.009314078,-1.4063898921012878,-0.0562555956840515,0.053812,1.3453,0.016,0.3999999999999999,0.055472327,0.088136461,-0.058910086,-0.031175189,0.284386,0.046866595,0.092215638,0.085352199,0.100520139,2.962222998,-0.388016816,2.0,4.0,1.0,16.0,3.0,0.0,1.0,2.0,1.0,9.0,0.0,0.0,0.0,0.0,4.0,0.0,1.0,10.0,1.0,75.0,2.0,0.0,0.0,10.0,1.0
2021-06-01,0.006529447,-6.244291067123413,-0.2497716426849365,0.0156399999999999,0.3909999999999999,0.0,0.0,0.033927211,0.102526388,0.075856075,0.085159792,0.285345,0.043950388,0.083894774,0.090760957,0.106503622,3.004559606,-0.398080166,2.0,3.0,1.0,15.0,3.0,1.0,2.0,2.0,3.0,9.0,0.0,0.0,0.0,0.0,3.0,0.0,1.0,12.0,1.0,71.0,2.0,0.0,1.0,10.0,1.0
2021-06-08,-0.008027645,-6.295504212379456,-0.2518201684951782,0.041228,1.0307,0.0139999999999999,0.35,0.030073684,0.093889165,-0.052142963,-0.066112201,0.309361,0.050989263,0.090317045,0.080121121,0.094230939,3.009300343,-0.332248477,2.0,4.0,1.0,14.0,3.0,1.0,3.0,2.0,3.0,7.0,0.0,0.0,0.0,0.0,3.0,0.0,1.0,12.0,1.0,73.0,2.0,0.0,1.0,10.0,1.0
2021-06-15,-0.035731966,0.591953694820404,0.0236781477928161,-0.012728,-0.3182,0.0,0.0,0.088827473,0.107962068,0.042950927,-0.018577423,0.201903,0.041113608,0.075150728,0.071343858,0.09316683,2.941117095,-0.39428144,1.0,4.0,4.0,22.0,3.0,1.0,3.0,2.0,2.0,8.0,0.0,0.0,0.0,0.0,3.0,0.0,1.0,11.0,1.0,72.0,2.0,0.0,1.0,9.0,1.0
2021-06-22,0.033216162,-0.722928524017334,-0.0289171409606933,0.068944,1.7235999999999998,0.0794545454545454,1.9863636363636363,-0.009751572,0.073489426,0.008891991,-0.026020673,0.18767,0.034260084,0.064097266,0.048285753,0.064798351,2.905228589,-0.394629966,1.0,2.0,2.0,18.0,2.0,0.0,4.0,1.0,3.0,7.0,0.0,1.0,0.0,0.0,5.0,0.0,2.0,8.0,1.0,74.0,1.0,0.0,1.0,8.0,1.0
2021-06-29,0.010133573,-4.183415949344635,-0.1673366379737854,-0.1033039999999999,-2.5826,0.008,0.2,-0.023797297,0.047789429,-0.097157388,-0.144706338,0.311398,0.053272556,0.095695496,0.064678023,0.083782731,2.974484675,-0.370591026,1.0,4.0,2.0,12.0,3.0,0.0,3.0,2.0,2.0,11.0,1.0,0.0,0.0,0.0,4.0,0.0,1.0,10.0,1.0,72.0,1.0,0.0,1.0,10.0,1.0
2021-07-06,0.002403488,-4.92629086971283,-0.1970516347885131,-0.044832,-1.1208000000000002,0.032,0.8,-0.063177778,0.086944936,0.061197429,-0.02028187,0.377295,0.049275915,0.090615051,0.061116768,0.078210707,2.991723165,-0.275132939,2.0,5.0,2.0,11.0,2.0,0.0,3.0,1.0,3.0,10.0,1.0,0.0,0.0,0.0,3.0,0.0,1.0,9.0,0.0,72.0,1.0,1.0,1.0,9.0,1.0
2021-07-13,-0.005255731,-2.0291998982429504,-0.081167995929718,0.0,0.0,-0.0066666666666666,-0.1666666666666666,-0.004230857,0.08594697,0.00239399,0.010027798,0.398378,0.053619744,0.099862165,0.056024182,0.070656555,3.027752667,-0.311813447,1.0,3.0,1.0,9.0,2.0,0.0,4.0,4.0,3.0,10.0,1.0,0.0,0.0,0.0,3.0,0.0,1.0,10.0,0.0,71.0,1.0,1.0,1.0,11.0,1.0
2021-07-20,0.010658399,-4.654188930988312,-0.1861675572395324,0.010012,0.2503,0.0,0.0,0.038308824,0.067836543,-0.042820109,-0.05884085,0.346771,0.04644849,0.08552891,0.042717216,0.060537538,2.996160562,-0.285068099,1.0,4.0,3.0,13.0,2.0,0.0,4.0,2.0,3.0,10.0,1.0,0.0,0.0,0.0,3.0,0.0,1.0,8.0,0.0,70.0,1.0,2.0,1.0,9.0,1.0
2021-07-27,-0.00360894,-3.867874443531037,-0.1547149777412414,0.038136,0.9534,0.0273333333333333,0.6833333333333333,0.027165169,0.070641968,-0.178426429,-0.285340573,0.367111,0.049778481,0.097130364,0.055919468,0.074159987,2.998217989,-0.321712645,1.0,5.0,3.0,14.0,2.0,0.0,4.0,3.0,2.0,9.0,0.0,0.0,0.0,0.0,4.0,0.0,1.0,9.0,0.0,71.0,1.0,2.0,1.0,8.0,1.0
2021-08-03,0.007754943,-4.945254743099213,-0.1978101897239685,0.0,0.0,-0.024,-0.6000000000000001,0.015184956,0.089565235,-0.087071662,-0.067587391,0.38504,0.050493511,0.098913245,0.064424835,0.082618023,2.96546434,-0.281831419,1.0,5.0,3.0,13.0,2.0,0.0,3.0,2.0,2.0,10.0,2.0,0.0,0.0,0.0,3.0,0.0,1.0,8.0,0.0,69.0,1.0,2.0,1.0,8.0,1.0
2021-08-10,0.008640482,-5.060853362083435,-0.2024341344833374,-0.0940599999999999,-2.3515,0.0,0.0,-0.004041718,0.083598337,-0.118787921,-0.177307056,0.390437,0.047673587,0.098777626,0.059481101,0.07543104,2.968549575,-0.230329835,1.0,5.0,2.0,12.0,2.0,0.0,2.0,1.0,3.0,11.0,2.0,0.0,0.0,0.0,3.0,0.0,1.0,8.0,0.0,66.0,1.0,2.0,2.0,10.0,1.0
2021-08-17,-0.011255669,-10.531689941883087,-0.4212675976753235,0.0466119999999999,1.1653000000000002,-0.0139999999999999,-0.35,-0.060913014,0.055125511,-0.036656258,-0.171450377,0.354209,0.043506014,0.091178036,0.056129522,0.070470558,3.012075184,-0.202655907,1.0,5.0,2.0,9.0,2.0,0.0,2.0,1.0,2.0,7.0,1.0,0.0,0.0,0.0,3.0,0.0,1.0,8.0,0.0,72.0,1.0,2.0,1.0,8.0,1.0
2021-08-24,0.009468691,-1.083535134792328,-0.0433414053916931,0.022748,0.5687,0.068,1.7,-0.00132,0.075557243,-0.089461358,-0.173421524,0.398156,0.049410992,0.102472747,0.061503179,0.076208482,2.998455041,-0.235669948,1.0,6.0,4.0,9.0,2.0,0.0,2.0,1.0,2.0,6.0,1.0,0.0,0.0,0.0,3.0,0.0,2.0,9.0,0.0,72.0,1.0,2.0,1.0,8.0,1.0
2021-08-31,-0.002451576,-11.047750294208528,-0.441910011768341,0.01686,0.4215,0.0054545454545454,0.1363636363636363,-0.022636111,0.07443589,-0.119184182,-0.210465965,0.413511,0.051375529,0.106240229,0.062566873,0.074139405,2.996826685,-0.163907604,1.0,4.0,9.0,14.0,2.0,0.0,3.0,1.0,2.0,7.0,1.0,0.0,0.0,0.0,3.0,1.0,2.0,10.0,0.0,67.0,0.0,2.0,1.0,7.0,1.0
2021-09-07,-0.022000005,-5.473917722702026,-0.218956708908081,-0.006124,-0.1531,0.004,0.1,0.006382394,0.068685154,0.132780967,-0.006229598,0.467243,0.056125296,0.117310946,0.064368207,0.072972303,3.111694607,-0.208958458,1.0,4.0,3.0,8.0,1.0,0.0,3.0,3.0,1.0,3.0,3.0,0.0,0.0,0.0,2.0,4.0,1.0,8.0,0.0,74.0,1.0,2.0,1.0,4.0,1.0
2021-09-14,-0.000660404,-6.747749030590057,-0.2699099612236023,0.0074679999999999,0.1866999999999999,0.0,0.0,0.062839153,0.070470446,0.050798997,0.03940511,0.397953,0.048812752,0.098252509,0.066620344,0.07732238,3.054429826,-0.219491583,2.0,4.0,4.0,10.0,1.0,0.0,4.0,3.0,1.0,2.0,2.0,0.0,0.0,1.0,2.0,0.0,1.0,11.0,0.0,70.0,1.0,2.0,3.0,6.0,1.0
2021-09-21,0.00612449,-4.030363738536835,-0.2370802199139314,0.0,0.0,0.0147058823529411,0.25,0.031425444,0.081850496,-0.062176607,-0.01635415,0.40265,0.047899837,0.105380755,0.067749541,0.077720749,3.04145045,-0.210110133,2.0,2.0,5.0,10.0,1.0,0.0,2.0,3.0,1.0,2.0,1.0,0.0,0.0,0.0,2.0,0.0,1.0,12.0,0.0,73.0,0.0,2.0,3.0,5.0,1.0
2021-09-28,-0.013736925,2.7764585614204407,0.1110583424568176,-0.000948,-0.0237,-0.022,-0.55,0.027942405,0.054887028,-0.173664581,-0.17473209,0.375396,0.045437462,0.098688622,0.052684846,0.067664146,3.031839771,-0.203911667,2.0,2.0,6.0,11.0,1.0,0.0,2.0,4.0,2.0,2.0,2.0,0.0,0.0,0.0,3.0,0.0,1.0,12.0,1.0,69.0,0.0,2.0,3.0,6.0,1.0
2021-10-05,0.012081592,-9.396111249923706,-0.3758444499969482,0.0,0.0,-0.0208888888888888,-0.5222222222222224,0.003115698,0.062264154,-0.089036672,-0.167660379,0.21162,0.028960379,0.066734656,0.046725942,0.056471835,2.969758185,-0.30782386,1.0,2.0,5.0,14.0,1.0,0.0,2.0,3.0,2.0,1.0,0.0,0.0,0.0,0.0,1.0,0.0,1.0,11.0,0.0,70.0,0.0,2.0,5.0,9.0,1.0
2021-10-12,0.015540834,-10.682734608650208,-0.4273093843460083,-0.0616959999999999,-1.5423999999999998,0.0,0.0,0.007243902,0.086349338,-0.082832898,-0.027984856,0.290601,0.037412732,0.085860917,0.050777206,0.062714446,2.994575343,-0.189627981,1.0,2.0,4.0,11.0,0.0,0.0,2.0,3.0,2.0,2.0,0.0,0.0,0.0,1.0,1.0,0.0,1.0,12.0,0.0,72.0,0.0,2.0,4.0,7.0,1.0
2021-10-19,0.01071446,-4.920218825340271,-0.21392255762349,0.0567652173913043,1.3056,0.0,0.0,0.026316279,0.091382894,-0.079564886,-0.106796863,0.391059,0.051378237,0.11213004,0.058037428,0.07217188,3.042107907,-0.179825144,1.0,2.0,3.0,8.0,1.0,0.0,2.0,2.0,3.0,2.0,0.0,0.0,0.0,0.0,1.0,0.0,1.0,12.0,0.0,73.0,1.0,2.0,4.0,7.0,1.0
2021-10-26,0.00397939,-10.184513449668884,-0.4073805379867554,0.052092,1.3023,0.0,0.0,-0.042996053,0.054797055,-0.163630865,-0.09236582,0.31039,0.04010459,0.096415475,0.066823374,0.083670481,2.970277503,-0.207944245,1.0,2.0,4.0,11.0,1.0,0.0,2.0,2.0,3.0,4.0,0.0,0.0,0.0,0.0,1.0,0.0,1.0,11.0,0.0,73.0,1.0,2.0,3.0,7.0,1.0
2021-11-02,0.013994459,-9.551316380500792,-0.3820526552200317,0.023824,0.5956000000000001,-0.004,-0.1,0.020443192,0.071575252,-0.038895507,-0.042703353,0.338374,0.038441052,0.092752835,0.07184985,0.089497414,2.987256919,-0.265103496,1.0,3.0,4.0,10.0,1.0,0.0,2.0,4.0,3.0,4.0,0.0,0.0,0.0,0.0,1.0,0.0,1.0,8.0,0.0,76.0,1.0,2.0,2.0,7.0,1.0
2021-11-09,-0.006305763,0.7030496597290039,0.0281219863891601,0.045232,1.1308,0.0269090909090909,0.6727272727272727,-0.038868874,0.06830086,-0.094611928,-0.135704505,0.395672,0.042227135,0.100392634,0.078011863,0.095078068,3.011977443,-0.226188937,1.0,4.0,3.0,8.0,0.0,0.0,3.0,4.0,3.0,4.0,0.0,0.0,0.0,0.0,3.0,0.0,1.0,9.0,1.0,74.0,1.0,2.0,1.0,7.0,1.0
2021-11-16,-0.013997255,-0.6928019523620605,-0.0277120780944824,0.028432,0.7108000000000001,0.0,0.0,0.023755102,0.086261782,0.050183274,-0.013216906,0.314831,0.041537551,0.090310634,0.069166362,0.081290907,3.004250378,-0.377206842,1.0,4.0,6.0,14.0,0.0,0.0,1.0,3.0,3.0,7.0,1.0,0.0,0.0,0.0,0.0,0.0,1.0,8.0,0.0,68.0,1.0,2.0,1.0,8.0,1.0
2021-11-23,-0.020133332,-2.7357088923454285,-0.1094283556938171,0.0474599999999999,1.1865,0.0139999999999999,0.35,0.022770621,0.074481746,0.105060082,-0.034117288,0.521704,0.072142933,0.151105482,0.113483294,0.148733673,3.195218233,-0.112519524,2.0,2.0,5.0,8.0,0.0,0.0,0.0,2.0,8.0,6.0,0.0,0.0,0.0,2.0,1.0,0.0,4.0,13.0,0.0,61.0,1.0,3.0,1.0,13.0,1.0
2021-11-30,-0.009232483,-6.561406314373016,-0.2624562525749206,0.038148,0.9537,0.0221212121212121,0.5530303030303031,0.088106731,0.109305363,-0.067437492,-0.116493943,0.435526,0.061434417,0.123952199,0.100839052,0.120155562,3.17990912,-0.103853189,1.0,1.0,6.0,10.0,0.0,0.0,0.0,2.0,5.0,7.0,0.0,0.0,0.0,3.0,3.0,0.0,5.0,13.0,1.0,62.0,3.0,2.0,1.0,12.0,1.0
2021-12-07,0.038667548,-4.490720272064209,-0.1796288108825683,0.034428,0.8607,0.0103999999999999,0.2599999999999999,0.059150676,0.10391821,0.093199272,-0.067146516,0.47369,0.070763784,0.149600955,0.105725467,0.128668892,3.262689322,-0.051848572,2.0,1.0,5.0,11.0,0.0,0.0,0.0,2.0,8.0,4.0,0.0,0.0,0.0,4.0,2.0,0.0,8.0,9.0,0.0,63.0,2.0,2.0,1.0,8.0,1.0
2021-12-14,-0.017122649,-5.7395899295806885,-0.2295835971832275,0.035516,0.8878999999999999,-0.04,-1.0,0.048623529,0.076390851,-0.079048427,-0.108109556,0.453457,0.070148315,0.155486017,0.108748133,0.135205454,3.273415068,-0.094761177,2.0,1.0,5.0,10.0,0.0,0.0,0.0,0.0,9.0,5.0,0.0,0.0,0.0,4.0,2.0,0.0,8.0,9.0,0.0,63.0,1.0,2.0,1.0,8.0,1.0
2021-12-21,0.002893099,-8.71810632944107,-0.3487242531776428,-0.02544,-0.636,0.0104,0.26,0.041512977,0.07859102,-0.123149265,-0.165962136,0.444457,0.076948303,0.169940852,0.110891417,0.137866309,3.335991217,-0.080683307,2.0,3.0,6.0,13.0,0.0,0.0,1.0,1.0,10.0,4.0,0.0,1.0,0.0,5.0,3.0,0.0,9.0,10.0,0.0,56.0,1.0,2.0,1.0,8.0,0.0
2021-12-28,0.026772304,3.005734145641327,0.120229365825653,0.0297839999999999,0.7445999999999999,0.0,0.0,-0.046021875,0.088267911,-0.134867235,-0.108113407,0.489811,0.085185849,0.19118579,0.114858269,0.142026336,3.461090349,-0.030398108,2.0,1.0,4.0,13.0,0.0,1.0,1.0,1.0,10.0,4.0,0.0,1.0,0.0,7.0,2.0,0.0,12.0,9.0,0.0,57.0,2.0,2.0,1.0,8.0,0.0
