real_date_trends_songs,percent_change,NYT_vader,NYT_textblob,NYT_bert,NYT_flair,BB_weight_bert,BB_weight_vader,BB_weight_textblob,BB_weight_flair
1/3/17,0.010078242,0.022296622,0.071347053,0.011698801,0.059468429,0.342109542,0.232977127,0.081413147,0.088964107
1/10/17,-0.003925931,0.087536508,0.094456349,0.054493264,0.007536067,0.345245033,0.224518424,0.067118058,0.038188127
1/17/17,-0.002949476,0.034522159,0.092090328,0.034319873,0.046848101,0.341569985,0.19680219,0.062893995,0.051184222
1/24/17,0.013264304,0.019754913,0.064662778,-0.054306772,-0.089692084,0.346937111,0.238553903,0.07216701,0.082033117
1/31/17,-0.001112027,0.028894118,0.08608561,0.033067432,-0.02180335,0.348301295,0.249722574,0.068099001,0.089190815
2/7/17,0.009763994,-0.025818994,0.081002179,-0.073717951,-0.091978076,0.347138661,0.308380141,0.077650584,0.092873466
2/14/17,0.017197398,0.058297248,0.073156736,0.06788089,0.086926557,0.346527155,0.242046563,0.071441668,0.097878219
2/21/17,0.009495355,0.006594709,0.06895276,0.014642663,0.125484578,0.348504904,0.249146969,0.065267491,0.055371068
2/28/17,0.008757143,0.058428042,0.069557119,0.013371323,-0.001128097,0.351091571,0.2524226,0.065413273,0.106453713
3/7/17,-0.00491461,0.043177778,0.065890821,-0.142418973,-0.224364296,0.352845488,0.257301045,0.071580309,0.017778568
3/14/17,0.000556548,0.067877228,0.072602028,-0.035148552,-0.012241767,0.353538244,0.243235703,0.069161554,0.077020918
3/21/17,-0.015434496,0.015354011,0.051784495,0.120341458,0.061995838,0.361893524,0.284762269,0.094592106,0.126469268
3/28/17,0.003218279,0.007505291,0.046314983,-0.11752652,-0.079763481,0.362858699,0.184701167,0.069212706,0.046636081
4/4/17,-0.000344692,-0.01251,0.079542149,-0.089302164,-0.022100262,0.367157931,0.2776963,0.087695906,0.005769974
4/11/17,-0.001360305,-0.069721687,0.074076906,-0.214421012,-0.168906477,0.365751152,0.24405577,0.074131574,-0.006236619
4/18/17,-0.005272594,0.06109321,0.090055068,-0.01179417,-0.088154104,0.362730903,0.171939571,0.062657624,-0.039284652
4/25/17,0.018755513,0.053660109,0.071696333,-0.110301791,-0.065446392,0.358568462,0.150859727,0.055653272,-0.040061008
5/2/17,0.003162288,0.041970053,0.090614206,0.069081639,-0.001502027,0.36341924,0.053349682,0.062834064,-0.007352189
5/9/17,-0.005279804,0.050606383,0.085448024,-0.039073207,0.048348607,0.367282146,0.128935652,0.060904123,-0.000298907
5/16/17,-0.004410993,-0.050462712,0.078432616,-0.210407783,-0.237730105,0.369447601,0.106582397,0.062418519,0.066600212
5/23/17,0.01306624,0.023748913,0.090269872,-0.02297944,-0.067872118,0.366932213,0.101135388,0.058845586,0.041867338
5/30/17,0.005942105,0.058032738,0.068264927,-0.039901828,0.020234118,0.364611043,0.087981015,0.057972723,0.065467494
6/6/17,0.003087631,0.010124865,0.088568042,-0.069523326,0.000363289,0.358821585,0.094336439,0.054546442,0.064245982
6/13/17,0.005251989,0.018799485,0.085173232,-0.109990274,-0.067197581,0.368903047,0.135560954,0.055327565,0.031902851
6/20/17,0.00048984,-0.000941398,0.063119891,-0.062838196,0.017895495,0.371880017,0.158391393,0.056291079,0.11438429
6/27/17,-0.002113854,0.054903867,0.102296505,-0.004989079,-0.001761826,0.371678403,0.147007468,0.054695375,0.116414479
7/4/17,0.003021807,-0.062168224,0.083032688,0.053446743,-0.004179301,0.370904991,0.14302918,0.055675702,0.105643789
7/11/17,0.010324553,0.017805348,0.056702759,0.046259589,-0.016314842,0.373698835,0.150580678,0.060282342,0.112050463
7/18/17,-0.002672373,0.010663226,0.066855984,-0.047054908,-0.043223423,0.374047582,0.12468218,0.056427989,0.130743886
7/25/17,0.011462961,0.032714674,0.073997453,-0.072799664,-0.02772853,0.365077838,0.131349016,0.051575003,0.104778534
8/1/17,0.011881694,0.012734132,0.062529269,-0.056005017,0.015392451,0.373217819,0.131817508,0.052034329,0.162269127
8/8/17,-0.010727723,-0.003881132,0.051356756,-0.082128305,0.015454286,0.370871261,0.076112729,0.044922275,0.127735118
8/15/17,-0.008480469,-0.055038182,0.038861341,-0.09951759,0.017933518,0.3709753,0.179332742,0.054017453,0.113882541
8/22/17,0.006379486,-0.032154749,0.046951926,-0.1438219,0.011940001,0.37048258,0.122843667,0.050885896,0.105090412
8/29/17,0.007908563,-0.009062092,0.066409642,-0.019141636,0.010391438,0.367586797,0.148188,0.052652201,0.073026512
9/5/17,-0.008705928,0.028615152,0.061786316,0.040656829,0.012393971,0.367640848,0.162602338,0.056427275,0.0379627
9/12/17,0.021130897,0.044004523,0.079051866,0.122664169,0.149508222,0.374880419,0.065904231,0.039375223,-0.102812063
9/19/17,0.003635413,-0.058912429,0.067068188,-0.019733235,0.038135708,0.373883047,0.129288448,0.051206799,-0.007446078
9/26/17,0.002477116,-0.019101579,0.070734405,0.033445273,0.009190236,0.372049836,0.120993587,0.046299109,0.000946064
10/3/17,0.01618448,-0.002572165,0.074162487,0.008201448,0.067421772,0.375207022,0.152737656,0.055160395,0.022930102
10/10/17,0.004286953,0.030512821,0.066014733,-0.045132171,-0.079888663,0.374643113,0.19646577,0.056805695,0.018576749
10/17/17,0.019585805,-0.031388889,0.049464859,-0.137852271,-0.104052219,0.36865697,0.182265613,0.051426273,-0.034364194
10/24/17,0.004504529,0.080037563,0.085197324,0.036026924,0.184060915,0.370557899,0.237912367,0.057756248,-0.034502332
10/31/17,0.004460646,-0.035161576,0.082355914,0.047273214,0.070270342,0.369052367,0.257474262,0.050643443,-0.017537822
11/7/17,-0.004994405,0.034638095,0.06733699,-0.021426163,0.055299215,0.366294882,0.236745081,0.058054453,-0.074022595
11/14/17,-0.002738648,0.037296296,0.094231183,-0.062453134,-0.089071465,0.365395355,0.19150435,0.047471221,-0.059515982
11/21/17,0.008479077,-0.04804734,0.081054597,-0.109238825,-0.054284109,0.367548482,0.166830684,0.046698181,-0.076415253
11/28/17,0.027798423,-0.036702273,0.080586503,-0.098893832,-0.039041179,0.3628921,0.124114117,0.041800147,-0.125867435
12/5/17,0.004010414,0.043864948,0.106947968,-0.064879042,-0.054264694,0.361794103,0.08270425,0.037664735,-0.119067955
12/12/17,0.013085486,-0.09123046,0.08657035,-0.213019344,-0.093334205,0.35453854,0.107729644,0.043231078,-0.051314566
12/19/17,0.004133463,0.022373684,0.106550965,-0.067624754,-0.010761401,0.353554534,0.084260839,0.05556098,-0.044738469
12/26/17,-0.00140943,0.066872727,0.057741789,0.193123621,0.197642622,0.352966873,0.115605758,0.057748498,-0.07118834
1/2/18,0.022796211,-0.006468333,0.0668451,-0.079790143,-0.107616336,0.346208082,0.167935639,0.067752715,-0.062998943
1/9/18,0.019661135,0.032674857,0.058776452,-0.01147723,0.030707555,0.344154179,0.071584633,0.060042007,-0.039664761
1/16/18,0.010299666,-0.015123899,0.054625064,-0.113775341,-0.135931393,0.34210815,0.099713,0.06562496,-0.040765335
1/23/18,0.020475483,0.007185185,0.074297981,-0.031327361,0.010714246,0.344277895,0.054169949,0.053687369,-0.059343643
1/30/18,-0.042935297,0.067079592,0.086399484,-0.069641904,-0.164938182,0.340431801,0.060179629,0.046022568,-0.092853598
2/6/18,-0.054981832,-0.026676923,0.060726267,-0.050078721,0.020370137,0.337404012,0.021584517,0.04353787,-0.139628509
2/13/18,0.040781336,0.092600521,0.067250699,-0.060409711,0.022970564,0.332281063,0.070805661,0.048851717,-0.061039708
2/20/18,0.003580009,-0.017112834,0.065925564,0.027159487,0.078001187,0.337135954,0.058408677,0.049626373,-0.065494039
2/27/18,-0.031458477,0.078315882,0.072564744,-0.015041356,-0.036883689,0.341944048,0.060636828,0.050626361,-0.087533466
3/6/18,0.031484377,0.010957895,0.063027629,-0.007070272,-0.008334008,0.339013737,0.025618109,0.042209616,-0.097168922
3/13/18,-0.015602583,0.007611765,0.060489469,-0.059082383,-0.060534522,0.3343152,-0.029853308,0.029794498,-0.147475679
3/20/18,-0.060056006,-0.056179899,0.067486084,-0.111037637,-0.041463207,0.329304035,-0.026609418,0.022985177,-0.137442459
3/27/18,0.003541027,-0.054498876,0.055429626,-0.085043698,-0.076129422,0.341967179,0.006212594,0.023196992,-0.149076916
4/3/18,0.016695107,-0.002335404,0.074896172,-0.114086325,-0.122753833,0.335275407,0.0271771,0.031895298,-0.133397167
4/10/18,0.017544234,-0.004220606,0.075056553,-0.244622289,-0.160264634,0.341308905,0.092878069,0.041150962,-0.09016723
4/17/18,0.004202275,-0.007910363,0.076063765,0.004343169,0.044087743,0.339549335,0.05222511,0.042623076,-0.125488001
4/24/18,-0.006241982,0.048621637,0.081745177,-0.132593296,-0.142200242,0.333410061,0.059500123,0.04645862,-0.11895899
5/1/18,-0.002006388,0.05844491,0.08603713,-0.002191528,0.037286368,0.332903791,0.093426414,0.051700295,-0.093968421
5/8/18,0.022901055,0.046183246,0.0884018,-0.08656433,0.049968299,0.334128967,0.101290254,0.048487884,-0.154827723
5/15/18,-0.004696726,0.002731088,0.086785521,-0.095142215,-0.10741636,0.335018385,0.127174899,0.048403811,-0.115242801
5/22/18,0.001535162,-0.021034239,0.075215026,-0.058178634,-0.075520758,0.342320605,0.125659652,0.048371435,-0.169702424
5/29/18,-0.004785021,0.025211875,0.076561427,-0.165154866,-0.086734716,0.334150688,0.06054603,0.050919035,-0.198652443
6/5/18,0.026912061,0.08868866,0.099130094,0.01797118,0.067840306,0.337733952,0.131326016,0.053579754,-0.193564638
6/12/18,-0.009009393,0.070189848,0.058565326,-0.004973303,-0.069677618,0.345474186,0.122963885,0.046833762,-0.120562564
6/19/18,-0.020731145,0.011953927,0.075054333,-0.081735158,-0.052903409,0.343892701,0.14576729,0.04595426,-0.091542723
6/26/18,-0.012750804,0.010522086,0.096986795,-0.060321445,-0.012544195,0.342645091,0.073237076,0.032514189,-0.119104073
7/3/18,0.00756732,0.077327381,0.077410557,0.052061098,0.047568713,0.345901389,0.095859844,0.033141893,-0.184492442
7/10/18,0.022499731,0.115247647,0.059693813,0.001225726,0.043336733,0.348188796,0.161516877,0.029100828,-0.231002187
7/17/18,0.001544809,0.026026286,0.078880305,-0.05334842,-0.058002599,0.345784898,0.141563812,0.0291184,-0.210357071
7/24/18,0.015439043,0.024069182,0.064310366,-0.180188082,-0.107475944,0.35397452,0.227481238,0.040293639,-0.085700566
7/31/18,0.000452429,0.027459459,0.077515819,-0.223301945,-0.13447633,0.356983675,0.289775152,0.037910917,-0.058748446
8/7/18,-0.005903653,-0.016491837,0.067657692,-0.135149768,-0.000713104,0.355914167,0.337049254,0.033931031,-0.063924354
8/14/18,0.013875708,0.052265823,0.092106643,-0.152146374,-0.083670051,0.359190948,0.306761944,0.02650869,-0.09153353
8/21/18,0.004692841,-0.017276023,0.082429167,-0.009197429,-0.011916327,0.356063857,0.298151086,0.025135019,-0.11131897
8/28/18,0.006719477,-0.036069851,0.12842835,-0.522154979,-0.015754515,0.346755615,0.324861271,0.03400792,-0.090658933
9/4/18,-0.001862903,-0.001780357,0.065884461,0.015719633,0.038495743,0.346017388,0.249539522,0.023018605,-0.092813669
9/11/18,0.009104684,0.047637895,0.087866987,-0.043655689,0.017062369,0.340682743,0.285031477,0.025342667,-0.111022876
9/18/18,0.022017687,0.067759341,0.100474753,0.085354991,0.051030162,0.343804452,0.279619493,0.020244812,-0.124382533
9/25/18,-0.010778844,-0.051459116,0.073620536,-0.081504127,0.202793923,0.33868839,0.196947986,0.017217768,-0.164074606
10/2/18,-0.000425756,0.034822652,0.07634471,-0.121657549,-0.002115274,0.339452291,0.210789942,0.015947647,-0.141191239
10/9/18,-0.043688257,0.119041379,0.037588594,0.168413345,0.197906332,0.322513269,0.123396567,0.008410637,-0.160344196
10/16/18,0.004101109,-0.010311386,0.080905706,-0.042085369,0.004000096,0.33509217,0.059031145,0.01583905,-0.126377617
10/23/18,-0.030622995,0.007243169,0.070725212,-0.226339826,0.003788417,0.336244022,0.121626295,0.0144763,-0.10905403
10/30/18,0.023051083,-0.052768553,0.043175923,-0.162117785,0.204694295,0.345719366,0.103133903,0.008430701,-0.131795375
11/6/18,0.027644838,0.02768383,0.112025905,-0.17787992,0.00196335,0.347743,0.037583016,0.009438641,-0.157480686
11/13/18,-0.022668517,-0.004120225,0.057442504,-0.064866108,0.20131895,0.349428345,0.104003407,0.016927252,-0.164543471
11/20/18,-0.046416549,0.008131443,0.064536728,-0.197087607,0.009790904,0.350294103,0.177576164,0.016775154,-0.12042341
11/27/18,0.049044069,0.001864626,0.076858522,-0.193636689,0.000798694,0.346029053,0.170863839,0.027948683,-0.102607171
12/4/18,-0.04713241,-0.005678421,0.062310251,-0.153954933,-0.062879785,0.341814297,0.235119444,0.04158792,-0.055218031
12/11/18,-0.011968211,0.054846703,0.123927963,0.012998267,0.08343347,0.332474651,0.159875758,0.031615012,-0.150949446
12/18/18,-0.07374082,-0.006439181,0.067144183,-0.134641299,-0.15122148,0.338011124,0.276587824,0.043248211,-0.015314553
12/25/18,0.026754804,0.003588525,0.062371411,0.094432317,0.037300916,0.32642317,0.338456225,0.064960283,0.047876548
1/1/19,0.015822023,-0.04011358,0.071361261,-0.208734076,-0.0372464,0.321346415,0.284487753,0.061865968,-0.000388785
1/8/19,0.023453541,0.010335625,0.054845384,-0.197521568,-0.143669203,0.34815579,0.252864754,0.040459433,-0.069937402
1/15/19,0.028753741,0.075884211,0.057492477,-0.115125214,0.183903096,0.345844516,0.205080696,0.043976225,-0.090546992
1/22/19,0.00124711,0.00838908,0.0870493,-0.04749819,0.180457623,0.337830515,0.166813085,0.038288669,-0.101057288
1/29/19,0.01303429,-0.005958025,0.058305815,-0.19357987,0.175037521,0.327939774,0.166714176,0.041595934,-0.076901241
2/5/19,0.00169041,-0.007863291,0.059382394,-0.006332223,0.175855938,0.337571529,0.205847306,0.038548816,-0.095588874
2/12/19,0.030016323,0.03446802,0.075134239,-0.064091536,-0.025227608,0.337156338,0.129379959,0.038749061,-0.072434678
2/19/19,0.005706864,-0.017443506,0.074846134,-0.012593476,-0.026663292,0.333615853,0.168523077,0.046607722,-0.130661624
2/26/19,-0.00021094,0.009865269,0.092159292,-0.052471118,-0.023635041,0.335324397,0.226784936,0.054259407,-0.065545659
3/5/19,-0.022635543,-0.056610759,0.027560249,-0.102857556,-0.021384442,0.331396244,0.1255066,0.04454907,-0.076965393
3/12/19,0.015421564,-0.097478919,0.072288461,-0.161380819,-0.01922636,0.334094978,0.143253123,0.053921902,-0.023446263
3/19/19,-0.01358896,-0.006839344,0.079106244,-0.156974235,-0.01502816,0.335405051,0.16948625,0.053509632,-0.03938819
3/26/19,0.016443568,-0.019630409,0.061638627,-0.204369337,-0.011255917,0.332984366,0.168411074,0.050008632,-0.05079382
4/2/19,0.018781842,-0.014588372,0.075603348,-0.180279994,-0.127709071,0.334802554,0.199340795,0.057369069,-0.065153697
4/9/19,-0.000480458,0.061519767,0.082447093,-0.138477553,-0.081711722,0.350859169,0.238455658,0.057069756,-0.11539319
4/16/19,0.008402382,0.020273418,0.084052024,0.009692488,0.022267236,0.349133335,0.211583507,0.052185832,-0.055575444
4/23/19,0.004936457,-0.051683626,0.072258843,-0.272309488,-0.169849158,0.348936613,0.207912413,0.056081839,-0.055110306
4/30/19,-0.001448031,0.035993989,0.095636363,-0.097048071,-0.11322155,0.343641091,0.229662831,0.059614543,-0.052388081
5/7/19,-0.02168576,0.024255,0.066826943,-0.047498489,-0.009016604,0.344021591,0.204362027,0.059333585,-0.00392232
5/14/19,-0.006923226,-0.007502793,0.085748055,-0.154442773,-0.096725453,0.33701275,0.213433169,0.051750196,0.002884797
5/21/19,-0.00696913,0.054310303,0.088634253,-0.11400025,-0.133107621,0.346836555,0.215667447,0.054669295,-0.005420999
5/28/19,-0.031055763,0.020687013,0.066144082,0.003727108,-0.021170024,0.344821694,0.234849315,0.055220558,-0.027417518
6/4/19,0.044985479,-0.03508956,0.061832299,-0.071353552,-0.002256084,0.344578737,0.187401726,0.050806082,0.047754726
6/11/19,0.004050271,-0.032546951,0.075923625,-0.09994136,-0.003657999,0.340045434,0.255198554,0.044706847,0.053075456
6/18/19,0.023560647,-0.020403012,0.091953929,-0.037851825,-0.005296496,0.335415701,0.26498913,0.049542854,0.076738165
6/25/19,-0.004480082,-0.006972,0.059454439,-0.117185132,-0.00605905,0.338634606,0.308241027,0.055113938,0.082096099
7/2/19,0.011966368,0.067516766,0.061068588,-0.088343521,-0.010492399,0.329174951,0.294383153,0.048186305,0.063169426
7/9/19,0.014997422,0.031905233,0.088168961,-0.0275953,-0.014203923,0.325359989,0.287163431,0.043478343,0.055924499
7/16/19,-0.006548895,-0.047374211,0.061287969,-0.020850529,-0.013702752,0.324891639,0.305989466,0.043178379,0.04880131
7/23/19,0.00140664,0.03666125,0.067200389,-0.058216905,-0.014555286,0.32071908,0.311723507,0.04072629,0.023083589
7/30/19,-0.026710958,-0.113459394,0.071576308,-0.258468967,-0.0151799,0.31551287,0.2956183,0.036896603,-0.032131846
8/6/19,-0.007515757,-0.075883735,0.059035551,-0.006195616,0.01995526,0.3096277,0.297349211,0.035685073,-0.035400102
8/13/19,-0.015507604,-0.031391275,0.074731556,-0.081896278,-0.086217861,0.302322701,0.287598851,0.025272232,-0.050583142
8/20/19,-0.010032034,-0.016452667,0.084792729,-0.064975732,-0.006640103,0.296275581,0.199107208,0.019597917,-0.079912962
8/27/19,0.029328932,0.034305161,0.078258662,-0.097131879,-0.049042777,0.309956092,0.189732029,0.024475163,-0.042140181
9/3/19,0.014709603,-0.016091107,0.079260982,-0.08133463,-0.047300247,0.337170775,0.233777897,0.031440172,-0.064479437
9/10/19,0.015505784,0.052720161,0.075128979,-0.076171824,0.152774729,0.322762153,0.252945347,0.032260981,-0.075877057
9/17/19,-0.010560581,0.033053684,0.087655376,-0.106821119,-0.049804864,0.324234559,0.165791466,0.023048933,-0.07181628
9/24/19,-0.004281094,-0.013945902,0.06184291,0.045594341,0.072239265,0.327446096,0.138830534,0.019960764,-0.097454369
10/1/19,-0.009277211,-0.022,0.052201069,-0.040067319,-0.045846057,0.330237422,0.183204342,0.032790885,-0.057043226
10/8/19,0.009056707,0.010374713,0.035615777,-0.08272466,-0.13233742,0.326031664,0.128078358,0.032002299,-0.108455453
10/15/19,-0.001732897,0.012860571,0.082477141,-0.070846834,-0.040494686,0.323778066,0.227850667,0.04328184,-0.054728661
10/22/19,0.006968602,0.011409375,0.063407707,-0.132601895,-0.12994113,0.322842058,0.1609245,0.040105884,-0.108372709
10/29/19,0.014235378,-0.043836413,0.058924758,-0.136092006,-0.122327286,0.317060167,0.192076644,0.048229553,-0.086846482
11/5/19,0.012061598,0.003836095,0.050154673,-0.00152912,0.008698051,0.312533851,0.233989,0.054510027,-0.066877785
11/12/19,0.01155691,-0.049027072,0.057917352,-0.181303689,-0.194270583,0.314793866,0.193420653,0.05599797,-0.103581454
11/19/19,-0.004637386,0.062072159,0.085678228,-0.167042962,-0.02127278,0.307201694,0.174139312,0.062478552,-0.071152791
11/26/19,0.006266708,0.038649432,0.080576534,-0.150802541,-0.033103788,0.31870415,0.200380347,0.066227687,-0.043971555
12/3/19,-0.001297516,0.057816149,0.073300266,-0.023852414,0.079208308,0.32647231,0.240331082,0.079004494,-0.02528528
12/10/19,0.004276466,0.007867284,0.07120705,-0.160171078,-0.163866155,0.317006551,0.243965355,0.073518646,0.029143743
12/17/19,0.0112356,0.036184667,0.07920072,-0.214673389,-0.164525614,0.332472004,0.289240167,0.079801671,0.043486576
12/24/19,0.006638795,0.1336504,0.087785142,0.088995062,0.183923739,0.334036678,0.278310429,0.085668612,0.00857645
12/31/19,-0.000362495,0.046561404,0.089688979,0.091081069,0.070490876,0.31439049,0.312964737,0.089404218,0.116817678
1/7/20,0.006553272,-0.059322222,0.054930465,-0.131172753,-0.035124602,0.347632867,0.243139203,0.076031102,0.004996157
1/14/20,0.017865893,0.050230409,0.100078163,-0.01721829,0.092987826,0.343466379,0.182216667,0.072245427,-0.044861567
1/21/20,-0.012361964,-0.044825568,0.087941878,-0.138274139,-0.109310224,0.337527954,0.179095886,0.067295272,-0.066571077
1/28/20,-0.025966139,0.004110881,0.080637841,0.073214989,0.12887115,0.334056459,0.167666986,0.053514657,-0.115842368
2/4/20,0.029086151,0.005485795,0.090582444,-0.196407209,-0.039892506,0.330648534,0.151952122,0.050529999,-0.073753887
2/11/20,0.010054058,-0.00757217,0.06286514,-0.103892126,-0.044089021,0.322254556,0.118411905,0.04656479,-0.125202389
2/18/20,-0.013992283,0.002031013,0.061658906,-0.021973922,-0.045832289,0.330042431,0.142944324,0.048589825,-0.119449459
2/25/20,-0.141012997,0.031222527,0.083694995,-0.185742012,-0.049170323,0.323866553,0.153459986,0.047886063,-0.116042236
3/3/20,0.017607728,0.145436723,0.082318797,-0.089435416,-0.054305105,0.331280697,0.089758189,0.042248656,-0.118444961
3/10/20,-0.115552657,0.011937278,0.047410111,-0.160608407,-0.049683628,0.336714589,0.018170343,0.043698724,-0.09873708
3/17/20,-0.209223124,-0.008280349,0.081742178,-0.328419104,-0.044929897,0.325983033,0.02016604,0.05166897,-0.151872088
3/24/20,0.1138247,-0.041238172,0.051071702,-0.256806534,-0.043907798,0.323453536,0.040322786,0.038782926,-0.200563905
3/31/20,-0.027752009,0.034957396,0.103206912,-0.315751313,-0.043724485,0.330275888,0.006195141,0.030891498,-0.217705769
4/7/20,-0.027676913,-0.011331472,0.090838345,-0.1828299,-0.114695718,0.331360183,0.003614623,0.038351871,-0.137112416
4/14/20,0.131585493,0.00053641,0.068622137,-0.244984241,-0.050592654,0.326019349,0.02346274,0.045584333,-0.247168817
4/21/20,-0.019651512,0.059068687,0.105302011,-0.165493015,-0.049994087,0.335329842,0.070597549,0.046017929,-0.257866793
4/28/20,-0.002174198,0.004256354,0.087333008,-0.19477273,-0.048421745,0.328339714,0.061060537,0.053153757,-0.275762714
5/5/20,0.024973162,0.026244944,0.057477494,-0.151454488,-0.061105524,0.336844378,0.106950696,0.053006365,-0.224512603
5/12/20,-0.027269941,-0.032649468,0.043234939,-0.159031332,-0.098257745,0.325645778,0.14110794,0.044959762,-0.238032197
5/19/20,0.031871445,-0.042402395,0.045253857,-0.154340615,-0.088921658,0.336772846,0.056696452,0.044398686,-0.238359676
5/26/20,0.036163811,0.023069863,0.077617411,-0.112893492,-0.115113322,0.338729872,-0.02629819,0.040821935,-0.237615321
6/2/20,0.063733218,-0.083976647,0.078457931,-0.202764466,-0.047624047,0.338591624,0.059980475,0.035858526,-0.21072538
6/9/20,-0.058793527,-0.053472121,0.049610776,-0.174703086,-0.046026447,0.343378673,0.136226667,0.038886546,-0.201906062
6/16/20,0.010278508,-0.02168239,0.081110525,-0.137784389,-0.037910779,0.335030671,0.116699672,0.037490451,-0.171319966
6/23/20,-0.034215118,-0.15518,0.04547573,-0.311806485,-0.037520774,0.334266819,0.115373338,0.038031059,-0.177642699
6/30/20,-0.00481826,0.034586813,0.096546322,-0.112401238,-0.041330492,0.336267617,0.185651333,0.044803447,-0.173355704
7/7/20,0.021970025,-0.016104737,0.109972866,-0.060784597,-0.038740476,0.340588032,0.212235127,0.045771506,-0.113169683
7/14/20,0.022369943,-0.028159302,0.081450036,-0.183479873,-0.029796384,0.33886252,0.237367368,0.053003802,-0.143651846
7/21/20,-0.007633579,-0.063080337,0.019601924,-0.142296535,-0.021245045,0.340524041,0.025764459,0.02997188,-0.193373236
7/28/20,-0.001572934,-0.021783425,0.062899279,-0.166277546,-0.012020892,0.339413379,0.110569456,0.045063401,-0.180818296
8/4/20,0.036639901,-0.040065644,0.070197787,-0.283094529,-0.299479888,0.347082123,0.133876338,0.034500276,-0.180017089
8/11/20,0.01781317,0.005599515,0.124662999,-0.152871321,-0.093082288,0.340955795,0.235807063,0.053775108,-0.165641588
8/18/20,-2.47E-05,-0.010955172,0.091275513,-0.089118209,-0.02569917,0.327715397,0.198674119,0.057482339,-0.183482825
8/25/20,0.025251039,0.033121579,0.089429291,-0.081615546,-0.116659095,0.331482736,0.181076467,0.06110684,-0.220405697
9/1/20,-0.018503333,-0.065904372,0.078196757,-0.149606412,-0.057269097,0.334406461,0.201547596,0.064053602,-0.228077738
9/8/20,-0.016904362,-0.054424855,0.096343201,-0.170468261,-0.169520336,0.331817271,0.258115368,0.064921494,-0.202110675
9/15/20,-0.000297208,-0.011220725,0.076019549,-0.188482323,-0.116020568,0.329647499,0.181291889,0.057022286,-0.156336187
9/22/20,-0.017791297,0.013461404,0.052450896,-0.158838065,-0.146063238,0.324761992,0.156324433,0.048482122,-0.227289789
9/29/20,0.018381443,0.042334513,0.064806309,-0.109705856,-0.017845981,0.3271865,0.173079673,0.054208518,-0.121817263
10/6/20,0.031626025,-0.031533019,0.046974696,0.007777776,0.004689083,0.318574653,0.199101636,0.057509788,-0.122136637
10/13/20,0.000678522,0.06535907,0.072160934,-0.140517872,0.003799553,0.335993434,0.259226511,0.070721548,-0.029018659
10/20/20,-0.009554775,-0.066210303,0.081645174,-0.253347825,0.003672952,0.333065254,0.263073294,0.0712222,0.007306018
10/27/20,-0.069202237,0.024954634,0.071408091,-0.094051036,-0.006896221,0.327036828,0.243950058,0.075274327,-0.028115121
11/3/20,0.064321374,-0.000921088,0.215730969,-0.350592508,0.465408116,0.346594106,0.244639804,0.076903014,-0.055442823
11/10/20,0.039227186,0.143919048,0.113067296,0.006617801,0.112293615,0.348752083,0.245570466,0.076778091,-0.11635152
11/17/20,-0.007392491,-0.004048039,0.061368025,-0.033060697,-0.023252384,0.356807613,0.190534075,0.082687423,-0.148384332
11/24/20,0.021627616,0.054803409,0.098351472,0.043916033,0.000737683,0.355346469,0.217581604,0.08225486,-0.11000958
12/1/20,0.010188873,0.111411728,0.113807694,0.015210632,0.065809932,0.349707613,0.191760017,0.089464071,-0.10882335
12/8/20,-0.005720824,0.048823913,0.064376188,-0.154814963,-0.161844337,0.331411217,0.259768435,0.09439397,0.011195924
12/15/20,0.004396427,0.08874709,0.088908561,0.057921964,0.035491597,0.322981292,0.271283015,0.091446694,0.016986041
12/22/20,0.00013972,0.041400641,0.055827289,-0.192015936,-0.094741736,0.318054578,0.267640986,0.081024476,0.038164229
12/29/20,0.006376559,-0.004484034,0.065558723,-0.087660472,-0.087504567,0.30551737,0.231293289,0.088188247,0.040376777
1/5/21,0.029549196,0.00939906,0.225581551,-0.493122586,0.501907726,0.342683749,0.205805634,0.080226085,-0.10776385
1/12/21,-0.009207101,-0.032203302,0.05412383,-0.254631201,-0.282440942,0.350729057,0.163287118,0.075658434,-0.200695166
1/19/21,0.005894768,-0.057354737,0.054454503,-0.112923724,-0.054506334,0.354145341,0.146458648,0.064914855,-0.283437711
1/26/21,-0.0338316,0.032337234,0.098676236,-0.006067991,-0.137628442,0.345278143,0.151075304,0.064697067,-0.232714105
2/2/21,0.037421697,0.00878877,0.078272525,-0.193184673,-0.181488466,0.357551341,0.169145897,0.060925523,-0.246959343
2/9/21,0.00985937,0.037435122,0.060133854,-0.089856697,-0.01989284,0.354083721,0.108307169,0.050441743,-0.257855729
2/16/21,0.001140523,-0.032915244,0.05255957,-0.180287198,-0.143882004,0.356290731,0.095503058,0.059468505,-0.268415934
2/23/21,-0.018167053,-0.116994475,0.069225892,-0.086556251,-0.061934203,0.351161867,0.168775101,0.06402638,-0.24626897
3/2/21,0.017904643,-0.023742541,0.078071215,-0.037836145,0.034761818,0.352501381,0.21241625,0.073962714,-0.182428787
3/9/21,0.039121208,-0.026171429,0.061639201,-0.099852221,-0.106979428,0.350965969,0.149296186,0.06266735,-0.210492619
3/16/21,-0.004617817,-0.033152121,0.076540251,-0.098679422,-0.022509146,0.34782008,0.19601094,0.061358481,-0.223343826
3/23/21,0.013452412,-0.016680628,0.08878876,-0.111636791,-0.081411709,0.340836114,0.227019493,0.061969272,-0.174364066
3/30/21,0.005622115,-0.003725767,0.071481199,-0.115171466,0.018337439,0.353182003,0.279647773,0.068155522,-0.242696601
4/6/21,0.021529795,-0.001597537,0.063343776,-0.194116806,-0.152017847,0.331771452,0.143361549,0.044629198,-0.296802333
4/13/21,0.011697724,-0.093963043,0.076776892,-0.079963134,-0.020178843,0.330966172,0.171757612,0.046342158,-0.231943531
4/20/21,-0.004617035,-0.001189189,0.054253268,-0.024270309,0.019313233,0.336478691,0.203665324,0.059071188,-0.233867135
4/27/21,-0.004978325,0.05694472,0.066160363,-0.209514538,-0.232815693,0.338082684,0.228359061,0.053704506,-0.255814986
5/4/21,0.025962282,0.040637705,0.089507226,-0.051558621,0.001376154,0.322573136,0.178806343,0.049000247,-0.256239975
5/11/21,-0.01150685,0.020000629,0.091910425,-0.088666808,-0.157538691,0.327756083,0.154548547,0.049643216,-0.317402728
5/18/21,-0.005095031,-0.071881319,0.069335607,-0.214220927,-0.105978279,0.317469068,0.151909971,0.04968457,-0.277288978
5/25/21,0.009314078,0.055472327,0.088136461,-0.031175189,-0.058910086,0.317873504,0.191908621,0.050202149,-0.268096091
6/1/21,0.006529447,0.033927211,0.102526388,0.085159792,0.075856075,0.335468743,0.118609603,0.056802859,-0.280462121
6/8/21,-0.008027645,0.030073684,0.093889165,-0.066112201,-0.052142963,0.331165796,0.120429743,0.050971731,-0.231800206
6/15/21,-0.035731966,0.088827473,0.107962068,-0.018577423,0.042950927,0.324598272,0.126226462,0.039691955,-0.234159426
6/22/21,0.033216162,-0.009751572,0.073489426,-0.026020673,0.008891991,0.334868475,0.039275227,0.03125189,-0.283251074
6/29/21,0.010133573,-0.023797297,0.047789429,-0.144706338,-0.097157388,0.338077874,0.084164029,0.040174853,-0.279481634
7/6/21,0.002403488,-0.063177778,0.086944936,-0.02028187,0.061197429,0.348084937,0.146436286,0.037659761,-0.227700408
7/13/21,-0.005255731,-0.004230857,0.08594697,0.010027798,0.00239399,0.344233561,0.160023453,0.035921938,-0.241486484
7/20/21,0.010658399,0.038308824,0.067836543,-0.05884085,-0.042820109,0.345045615,0.14625106,0.039545729,-0.220365392
7/27/21,-0.00360894,0.027165169,0.070641968,-0.285340573,-0.178426429,0.351474745,0.206775476,0.043695764,-0.247901861
8/3/21,0.007754943,0.015184956,0.089565235,-0.067587391,-0.087071662,0.351245688,0.217910516,0.043105576,-0.201899995
8/10/21,0.008640482,-0.004041718,0.083598337,-0.177307056,-0.118787921,0.363069231,0.242215365,0.047910649,-0.211930648
8/17/21,-0.011255669,-0.060913014,0.055125511,-0.171450377,-0.036656258,0.349552373,0.243696828,0.043998085,-0.162982085
8/24/21,0.009468691,-0.00132,0.075557243,-0.173421524,-0.089461358,0.345628566,0.241049769,0.040474816,-0.180627682
8/31/21,-0.002451576,-0.022636111,0.07443589,-0.210465965,-0.119184182,0.354149498,0.304686921,0.04158518,-0.155967417
9/7/21,-0.022000005,0.006382394,0.068685154,-0.006229598,0.132780967,0.340482036,0.366560806,0.046868689,-0.16454026
9/14/21,-0.000660404,0.062839153,0.070470446,0.03940511,0.050798997,0.360274461,0.308614148,0.049014848,-0.185717099
9/21/21,0.00612449,0.031425444,0.081850496,-0.01635415,-0.062176607,0.357856895,0.28337805,0.048019743,-0.12929785
9/28/21,-0.013736925,0.027942405,0.054887028,-0.17473209,-0.173664581,0.357829198,0.243500891,0.040645546,-0.152941478
10/5/21,0.012081592,0.003115698,0.062264154,-0.167660379,-0.089036672,0.351519694,0.168977696,0.031926801,-0.216094528
10/12/21,0.015540834,0.007243902,0.086349338,-0.027984856,-0.082832898,0.359759428,0.205300092,0.039673277,-0.115292473
10/19/21,0.01071446,0.026316279,0.091382894,-0.106796863,-0.079564886,0.366569445,0.266588109,0.041881462,-0.110540442
10/26/21,0.00397939,-0.042996053,0.054797055,-0.09236582,-0.163630865,0.356273359,0.188984138,0.044596317,-0.135823674
11/2/21,0.013994459,0.020443192,0.071575252,-0.042703353,-0.038895507,0.362218446,0.208487703,0.056733295,-0.161721926
11/9/21,-0.006305763,-0.038868874,0.06830086,-0.135704505,-0.094611928,0.362218446,0.208487703,0.056733295,-0.161721926
11/16/21,-0.013997255,0.023755102,0.086261782,-0.013216906,0.050183274,0.362218446,0.208487703,0.056733295,-0.161721926
11/23/21,-0.020133332,0.022770621,0.074481746,-0.034117288,0.105060082,0.362218446,0.208487703,0.056733295,-0.161721926
11/30/21,-0.009232483,0.088106731,0.109305363,-0.116493943,-0.067437492,0.362218446,0.208487703,0.056733295,-0.161721926
12/7/21,0.038667548,0.059150676,0.10391821,-0.067146516,0.093199272,0.362218446,0.208487703,0.056733295,-0.161721926
12/14/21,-0.017122649,0.048623529,0.076390851,-0.108109556,-0.079048427,0.362218446,0.208487703,0.056733295,-0.161721926
12/21/21,0.002893099,0.041512977,0.07859102,-0.165962136,-0.123149265,0.362218446,0.208487703,0.056733295,-0.161721926
12/28/21,0.026772304,-0.046021875,0.088267911,-0.108113407,-0.134867235,0.362218446,0.208487703,0.056733295,-0.161721926