date,textblob,textblob_full,vader,vader_full,textblob_weight,textblob_full_weight,vader_weight,vader_full_weight,close
2017-01-07,1.117463430969072,1.0364452768041237,1.093508096041237,1.0687390532989691,0.5794635269899999,0.5254010079804123,0.5730548223190722,0.5439205471082474,117.230003
2017-01-14,1.0805457567789474,1.0269920521052631,1.0667316290631579,1.065358996,0.5608161511422105,0.5319227840042106,0.5628212693493684,0.5502550502010526,117.220001
2017-01-21,1.0996644520842105,1.028235406,1.0499661999157894,1.0565929794736841,0.5565307300966316,0.5271947335726316,0.5522315739053684,0.5411642592231579,116.910004
2017-01-28,1.08345952728125,1.0325844552083334,1.0557787819895832,1.0567024840625001,0.5625064256288542,0.5272972017197917,0.5538816533558334,0.539510607728125,118.160004
2017-02-04,1.0835999446489362,1.029130834680851,1.0726359713404254,1.0579574665957447,0.5740679187854255,0.53616760845,0.5708154933131915,0.549760456580851,118.419998
2017-02-11,1.0982398411382979,1.0366795240425533,1.089955745212766,1.065368364574468,0.5747103659195745,0.5291273222468085,0.5709164714865957,0.5438096475180851,119.540001
2017-02-18,1.1064225580215052,1.0348358332258063,1.1252013915268817,1.0673171711827956,0.5752895960864516,0.5340108264473118,0.5864716166012903,0.5511070399559139,121.309998
2017-02-25,1.088817435212766,1.0346231175531915,1.099829134606383,1.0653500232978723,0.5647096354918085,0.52991232285,0.5754685052760639,0.5463309522393617,121.980003
2017-03-04,1.1644988357311827,1.0247955710752688,1.3623165722473118,1.0590170966666665,0.5878322292370968,0.5325336512526881,0.618465314122043,0.550188447555914,122.75
2017-03-11,1.0855236782526316,1.023465238631579,1.2595086079263158,1.0556506336842106,0.5511436054412632,0.5237208257031579,0.6754455610164211,0.5434848814873684,122.040001
2017-03-18,1.1024623194623657,1.024190505591398,1.3049941632150537,1.05941906,0.5629492540269893,0.5206111728806452,0.6957273638295699,0.542286752111828,122.57
2017-03-25,1.158230568106383,1.0302353919148937,1.3252046973404255,1.0685293538297873,0.5720650416959574,0.5240211033042553,0.7092605965501064,0.5471399577021276,120.160004
2017-04-01,1.140391236268817,1.0238062761290323,1.3369401255913977,1.0677027703225805,0.5575790128141935,0.5240002415236559,0.7235356155635483,0.5518486860376344,121.32
2017-04-08,1.10287126234375,1.0240196346875001,1.2982741882604167,1.0614903207291666,0.549041779364375,0.517406404003125,0.7040642822212501,0.54183603133125,120.879997
2017-04-15,1.0759526141770832,1.02092765375,1.2794710079791667,1.06975692875,0.5369889802461458,0.5140204530854167,0.7069470700341666,0.5414595565885417,
2017-04-22,1.0882139180315789,1.0216885711578947,1.2917704883789474,1.0697351068421053,0.5408628927822106,0.5180041981631579,0.7146041713675789,0.5457125064273685,120.830002
2017-04-29,1.0766827134736843,1.0169750196842104,1.2681262262210526,1.070119118,0.5419483607191579,0.517719918136842,0.7175668880588421,0.5452571144757895,122.610001
2017-05-06,1.0784476300412371,1.0200910717525773,1.2509003484536083,1.060853116597938,0.5350917847728865,0.5121478125958763,0.6856911727325774,0.5346119053206185,123.330002
2017-05-13,1.0680496350721649,1.0188434106185567,1.320131339845361,1.0600891341237113,0.5363036439825773,0.5109218858051546,0.7181080634649484,0.5324808748886598,122.769997
2017-05-20,1.0832957576458333,1.0224012423958333,1.2882043519166666,1.0638445003125,0.5459877917921875,0.5170845365166666,0.7082818806372916,0.53813794631875,122.370003
2017-05-27,1.1003826671958763,1.0201432158762886,1.2779259170618555,1.0560333224742267,0.5484399958309278,0.5196662102226804,0.7118426341154639,0.5408762902494845,124.089996
2017-06-03,1.12250055540625,1.0223367445833333,1.3304068857916667,1.0588835170833333,0.5609464414361458,0.5249223220229167,0.725458194284375,0.54558010468125,125.410004
2017-06-10,1.16684221615625,1.0186799389583332,1.3535742147291667,1.0637695236458333,0.5996172423820834,0.52332163173125,0.7414797419771876,0.547910781875,125.190002
2017-06-17,1.1544244602680411,1.0217627940206186,1.3489476636701032,1.0649830249484535,0.5758877132826804,0.514504111528866,0.7322902928734022,0.5391233183721649,125.25
2017-06-24,1.1594561829583332,1.0235019078125,1.3670576800520833,1.0722045477083333,0.5809567223372917,0.5167274804229166,0.7279198945701042,0.5404466918052083,125.050003
2017-07-01,1.1503386432916667,1.0239692247916665,1.3606753378645833,1.0721999425,0.58277452755875,0.5185612686104166,0.7252245893478125,0.5424814928322916,124.449997
2017-07-08,1.140904418736842,1.0229476066315788,1.337835954063158,1.0668696855789475,0.5875765505022105,0.5196371741821053,0.7209423900208421,0.5445521134021053,124.519997
2017-07-15,1.1465199530206185,1.0250030354639175,1.3786480871958764,1.0709948741237112,0.5917131814143299,0.5169353682505154,0.7388661705050517,0.5423923129247422,126.230003
2017-07-22,1.1542294400421054,1.0232811681052632,1.381649368,1.0638193078947369,0.5900162779796841,0.5221510431473684,0.7327407420547368,0.5477258418168421,126.949997
2017-07-29,1.1782020873402062,1.0231427816494845,1.4053537039381443,1.071546816185567,0.5595601823668042,0.5094314219505155,0.6931380549051547,0.5374483921463917,126.860001
2017-08-05,1.1648283992659574,1.0198278330851065,1.4238066826382978,1.067512960212766,0.5558002965478723,0.5197911084202127,0.7067453650430852,0.5483294569319148,126.910004
2017-08-12,1.0525452614021737,1.0127191169565217,1.375296440945652,1.0596739251086955,0.5216440789811956,0.520513820352174,0.6775455958386957,0.5485913884913043,125.040001
2017-08-19,1.1299066144408603,1.0198964121505376,1.4139331168494624,1.0676133753763442,0.5251493954337634,0.5113990209731183,0.6915032356615054,0.5411800932301075,124.209999
2017-08-26,1.1346578943297874,1.0202506211702127,1.3189539201702127,1.070249825319149,0.5348392370930851,0.5097897896425532,0.6537476339693618,0.5400321160308511,125.360001
2017-09-02,1.1512505196,1.0228696462105262,1.3150947784421052,1.0698600482105263,0.5527567037094736,0.5055733214631579,0.6892287008623158,0.5336903358315789,127.269997
2017-09-09,1.13005117559375,1.0212977814583333,1.3167856520520833,1.0787861115625,0.5438390431707292,0.5011754714166666,0.6820613026876042,0.53209020243125,126.489998
2017-09-16,1.0851621584148936,1.0202758005319148,1.2966279564468084,1.068942960744681,0.5370401423685106,0.5105419864063829,0.6908481406837235,0.5392510549914894,128.600006
2017-09-23,1.0911196960104166,1.0188538027083334,1.1944793580208335,1.0679604113541667,0.52366679884,0.5006266144395833,0.6168287263754166,0.528926993228125,128.369995
2017-09-30,1.0691019738229166,1.0209485624999999,1.1600743250625,1.0651134379166667,0.5251090805777083,0.50231050645,0.6106329190469791,0.5288295718479167,129.520004
2017-10-07,1.079631620231579,1.0221203509473684,1.174783984568421,1.0684878253684211,0.5341803041745263,0.5061576073726316,0.6228528165590527,0.533237121928421,131.190002
2017-10-14,1.0774672667052632,1.0239016105263157,1.1683127249894738,1.072627976736842,0.5376543885995789,0.5055683561010526,0.6262259309972632,0.53393164768,131.360001
2017-10-21,1.0621568874,1.023154204,1.1857167128,1.0736263535789472,0.535163354083579,0.5015794038705264,0.6173078366803157,0.528093701848421,132.419998
2017-10-28,1.081010774787234,1.0247975370212765,1.2322631699893618,1.0840347143617022,0.5430554390829787,0.5012023089521277,0.6214903191248936,0.5291963621244681,132.639999
2017-11-04,1.0692827343125,1.0233650470833333,1.1981165662916666,1.0776974860416666,0.5529966007636459,0.5060927695427083,0.6392876637247916,0.5324258568947916,132.820007
2017-11-11,1.082909675,1.026121547113402,1.1649596605360826,1.0730717303092783,0.5421015416213402,0.5019393941082474,0.6025902600201031,0.5246344253680412,132.539993
2017-11-18,1.0760255326875001,1.0223180120833333,1.1771305039270834,1.0644969961458333,0.5481706158660417,0.5055529810822916,0.612984021514375,0.5281344582458333,132.639999
2017-11-25,1.0692073495520833,1.0192197589583334,1.2242391709479168,1.0618780361458333,0.5566992534788542,0.5066876609000001,0.630188682095,0.52937142914375,134.110001
2017-12-02,1.07921482378125,1.0224874069791667,1.1366893581770834,1.05887616625,0.5586293741878124,0.5080122893864584,0.6157312666294792,0.527965151275,136.070007
2017-12-09,1.0958511302708334,1.0229119738541665,1.15975196578125,1.0572415048958332,0.5605736222484375,0.5078479199322917,0.6101304363707292,0.5259041083520833,136.479996
2017-12-16,1.1038402071170212,1.023045229680851,1.154142306861702,1.0531884207446809,0.5705645084102128,0.5181654517893617,0.6165830420608511,0.5360598030202127,137.550003
2017-12-23,1.1338253073978495,1.0275070096774193,1.1465382999677418,1.0518280216129032,0.5988785693137634,0.5285519539634408,0.6077878507988171,0.5438203596817204,137.520004
2017-12-30,1.1608344887708333,1.0283253219791668,1.167772716875,1.0514218079166666,0.5872498585538541,0.5164046920822917,0.5917070970741667,0.53058315839375,137.25
2018-01-06,1.184721014631579,1.030731085894737,1.2515719111578947,1.0582378078947368,0.605876469354,0.5233912438673685,0.6142853526171579,0.5375792171473684,140.369995
2018-01-13,1.1350302957446807,1.0284019264893618,1.1940198155,1.0495114871276596,0.5876800606757446,0.5250670307797872,0.6123215168113829,0.5373568376425532,142.75
2018-01-20,1.1116250668297873,1.0309730727659574,1.0996691501063829,1.0508832363829788,0.56850023575,0.5291517057648936,0.5675633778744681,0.5425647415244681,143.919998
2018-01-27,1.0844993823297873,1.0256033124468085,1.1000588971702128,1.0468825535106383,0.5712088358431915,0.5359968347191489,0.5709921357708511,0.547956326080851,146.860001
2018-02-03,1.1077607132812501,1.0238476736458333,1.1172295136250001,1.0474807809375,0.565160437705,0.5266162813937499,0.5747819972257292,0.5402265638385416,141.300003
2018-02-10,1.0932477606354167,1.0187995772916667,1.1754334180729167,1.0481679366666665,0.5655779512122917,0.53050082640625,0.623486102376875,0.5490228472635417,134.229996
2018-02-17,1.0954477453510638,1.0212896324468084,1.148760317638298,1.0541539124468084,0.5670591775604255,0.5354083396212767,0.6118194660664894,0.5530315494234043,140.110001
2018-02-24,1.0761628292291667,1.0212843567708334,1.1298051634791666,1.0544006722916668,0.5585140070669792,0.52419390983125,0.6071687630478125,0.5407552465916666,140.860001
2018-03-03,1.0604442231263158,1.0221004665263158,1.0983446555157894,1.0562086099999999,0.5572949632129474,0.5276825295810527,0.5960087871025262,0.5447867096294736,138.240005
2018-03-10,1.073366107663158,1.0183765958947368,1.125797730505263,1.0482546262105263,0.5594813088897894,0.524650497488421,0.6015223207963158,0.5414778320557895,143.300003
2018-03-17,1.0416364794,1.0162057568421052,1.0965236470631579,1.0469471130526316,0.549091130381579,0.5247133545368421,0.6012935252609474,0.5410450083221052,141.660004
2018-03-24,1.0517363598041236,1.0132011108247423,1.1120137570206186,1.0383880807216495,0.5377248520208247,0.5148454539216495,0.5945896664737114,0.5305808118309279,133.100006
2018-03-31,1.0496055348350515,1.0120621997938144,1.080948765484536,1.0455215701030929,0.5424438907228867,0.5176316187721649,0.5990245482930928,0.5360160556329897,
2018-04-07,1.0425257327731958,1.016084638969072,1.076110699371134,1.045809392783505,0.5308197022987629,0.5168929145865979,0.5948855599372165,0.5360530602443299,133.869995
2018-04-14,1.0595921982886598,1.0191529453608248,1.124436750371134,1.0495915694845361,0.5362385325311341,0.5191946361876288,0.605283298638866,0.5385326022298969,136.580002
2018-04-21,1.100918848887755,1.016038302755102,1.1330253299489796,1.0491025739795918,0.5546743046888776,0.5148264554836735,0.617296462767347,0.5374779327224489,137.5
2018-04-28,1.0979895432959184,1.0199462939795918,1.1349990170714286,1.053040102857143,0.5669607249213265,0.5180119031673469,0.6190615308760204,0.5399661161234693,137.330002
2018-05-05,1.1431593961578947,1.0212579224210527,1.2376417002,1.0596143318947369,0.5643002640504211,0.5220860230442105,0.6914264997450527,0.5477280887147369,137.130005
2018-05-12,1.1230299338333334,1.01692029125,1.2071572545104166,1.0542861854166665,0.5529106843511459,0.5175230196041667,0.6185827921836459,0.5411444497947916,140.570007
2018-05-19,1.1258039831666666,1.014191499375,1.1472319119999999,1.0540659823958334,0.5510527447438541,0.5115089539427083,0.6067126357165625,0.5402451129604167,140.199997
2018-05-26,1.0681730682736843,1.0152847784210528,1.1446181652315788,1.0607725940000001,0.5515497711405263,0.5176418080821052,0.6052381256962105,0.5465806162873684,140.600006
2018-06-02,1.0749821741145833,1.0185793976041666,1.1318234615,1.0624530075,0.5519240772729167,0.5178807574020833,0.5906288263040625,0.5476078386333333,141.5
2018-06-09,1.0951687164479167,1.0182337159375001,1.12064414778125,1.064660805625,0.5503919836746874,0.5159452276760417,0.5864927183786458,0.5444598997552083,143.910004
2018-06-16,1.0729529745578947,1.0172879569473685,1.1166733063684209,1.0669426816842105,0.5570324491945263,0.5259432135178947,0.5774938288621052,0.5596729652210527,144.149994
2018-06-23,1.076137709606383,1.0174648474468084,1.1353597890212765,1.0710379962765957,0.5595008722032978,0.5284805048617022,0.5869655577239362,0.5645978318691489,142.449997
2018-06-30,1.0425189298421051,1.0194452075789473,1.057131053231579,1.0648741242105264,0.5213270751529474,0.5128185167694737,0.5362396632057894,0.5450294043989473,140.429993
2018-07-07,1.0672133474536083,1.0177629971134021,1.042744992783505,1.064763348453608,0.5256875499467011,0.5143051340927836,0.5353765498935051,0.5489410109989691,142.789993
2018-07-14,1.0371495248762885,1.0169225382474227,1.034443483298969,1.0644532522680412,0.5197646780294845,0.5204955406,0.5308649328672165,0.5527965618185566,144.699997
2018-07-21,1.0471213357244897,1.0167036624489796,1.0487715672142857,1.0645028697959185,0.5160397957490817,0.5141856544908163,0.5208866537727551,0.5465749745418368,144.839996
2018-07-28,1.04561599828125,1.0203655529166666,1.0250839816458333,1.0733985828125,0.5212120649320834,0.5169930574625,0.5213860393964583,0.5527525436635417,145.220001
2018-08-04,1.0578051423541666,1.0194721728125,1.0275254903229167,1.0769593778125,0.5327417225665625,0.5182394998395833,0.5235561998970834,0.5552774569239584,146.270004
2018-08-11,1.0465940162916667,1.0210198633333334,1.0419953451145834,1.0875898748958333,0.5349581840348958,0.5203907044322916,0.5286188619655209,0.5586578228572917,146.25
2018-08-18,1.0929523177216496,1.02071402185567,1.0574331929484535,1.0898027593814434,0.5697391651356701,0.5256897417742268,0.5453833714141237,0.5662622251989691,147.169998
2018-08-25,1.093086234265306,1.0198829796938775,1.0642074757040818,1.0819468586734693,0.5563180086054081,0.519491737167347,0.5414649909108163,0.5564232606551021,148.679993
2018-09-01,1.1825606867040817,1.037937197755102,1.132768278989796,1.0978000968367347,0.5676558305029592,0.522407155767347,0.5423993195763265,0.5583907527683674,150.070007
2018-09-08,1.1400681734329896,1.0265555875257732,1.0817747186804123,1.0826296557731958,0.5854675237993815,0.5260919128061855,0.5502251944748453,0.5599774386969072,148.580002
2018-09-15,1.1353281007755103,1.0295792964285713,1.0741995524489796,1.076566946122449,0.5697888269753061,0.5216622804938775,0.5504204929396939,0.5534851065091837,150.279999
2018-09-22,1.1372654860408162,1.027804036734694,1.089520342734694,1.0847727615306122,0.5788281948106123,0.521215830455102,0.5506497533817347,0.5549537072387755,151.160004
2018-09-29,1.14749180846,1.029024011,1.09806379429,1.0783972459,0.5836519059919,0.518088992438,0.5466739037974,0.548436959422,149.649994
2018-10-06,1.1555424808080808,1.0262220977777778,1.069532824020202,1.0733687194949495,0.6015326512652525,0.5234020635898989,0.5462847959715151,0.5522468801373737,147.630005
2018-10-13,1.16364642962,1.0225056243,1.081866464,1.0544756268,0.583131314677,0.514191612798,0.5404181048606,0.538155032664,141.369995
2018-10-20,1.21523514252,1.0259764328999998,1.15626515278,1.0569874613,0.6190868036807,0.516176286828,0.5578720870642,0.539747800516,141.350006
2018-10-27,1.2068541034646465,1.0266041754545454,1.1112614432222223,1.067018989191919,0.6209409637667677,0.5189524124242424,0.550627021130303,0.545103202039394,135.770004
2018-11-03,1.15638241404,1.0211877949,1.0287092150300001,1.0662326602,0.6183162565103,0.517101780208,0.5277439873649,0.543173057629,139.559998
2018-11-10,1.1927916463600001,1.020616428,1.04215756287,1.0623556931,0.627185352495,0.5178763128539999,0.537116036866,0.54405587593,142.169998
2018-11-17,1.1710849815757576,1.0273903766666668,1.0758730150505051,1.0695884707070709,0.6375895178841414,0.5244584480171717,0.5707955246525253,0.5519236596363636,140.080002
2018-11-24,1.198505430111111,1.0277248366666667,1.1229823431313133,1.0791644647474747,0.6413865684881818,0.5238744934010101,0.5720996872759596,0.5528527358434343,135.130005
2018-12-01,1.1922203438585859,1.0345268421212122,1.182732661020202,1.0790326,0.6408614268064646,0.5240436888323232,0.5820696065248485,0.5525231383949495,141.350006
2018-12-08,1.234655199020202,1.033493962121212,1.1914440987676767,1.0753533327272726,0.6687043423315152,0.5255721705333334,0.5989969152657576,0.5526979344,134.899994
2018-12-15,1.2423251435656566,1.0275255134343435,1.121054475171717,1.0670731072727273,0.6819126354348485,0.526449066010101,0.606583049949596,0.5501878065262626,133.119995
2018-12-22,1.2223780453979591,1.026693147142857,1.1207004821632653,1.0771675968367347,0.6719734415737756,0.5267549142938776,0.6100683762377551,0.5554764503948979,123.489998
2018-12-29,1.3215173622525251,1.037638022929293,1.2517328452020202,1.0935440951515152,0.7039079756462626,0.5282751593949495,0.6666186449961615,0.5603926746090909,126.43
2019-01-05,1.2932903187878786,1.0333007206060607,1.2657016619696968,1.0925845341414142,0.7287629205427273,0.5292039759,0.6901461747152525,0.5609941233292929,128.899994
2019-01-12,1.2068658630206186,1.0328922850515465,1.1799829120309278,1.0800273962886597,0.6561172176525772,0.5260439285835051,0.5963131373328866,0.5559297235278351,132.839996
2019-01-19,1.2099099479081632,1.032180500510204,1.1806752295918366,1.0777499554081633,0.6519099386365306,0.5219952468234693,0.5941304821285714,0.552092167267347,136.649994
2019-01-26,1.1881822086122449,1.030364965510204,1.2058626201530611,1.0769920821428571,0.6475930011080612,0.5213466703040817,0.5944420229021429,0.5497980006377551,136.470001
2019-02-02,1.18636030284375,1.0299608292708333,1.1003280258958335,1.0821010328125,0.6481657253139583,0.525978592753125,0.5935847804083333,0.5547127986635416,138.729996
2019-02-09,1.1762559495257732,1.0280150262886598,1.1222552277525775,1.0775737679381443,0.643459173433299,0.5221051951938145,0.5810551180046392,0.5493521012092784,138.970001
2019-02-16,1.165069508346939,1.0242325197959183,1.1893643185204081,1.0663691998979592,0.6377881190113265,0.5191196276724489,0.5787890979097959,0.5456419075836735,142.740005
2019-02-23,1.1559424033092784,1.0261400859793814,1.1538651946391751,1.076907554639175,0.6345504686795876,0.5248990600237113,0.610781296107732,0.556442070386598,143.770004
2019-03-02,1.1529489295510205,1.0295340454081632,1.158616079632653,1.0821584025510205,0.6267994351039796,0.5198728124255102,0.5999298374329591,0.5467814336744897,144.419998
2019-03-09,1.1369430085773196,1.028146314742268,1.1199185969278351,1.069315096701031,0.6282529412457731,0.524398956542268,0.5924609061399999,0.5475499669587629,140.990005
2019-03-16,1.172497794484536,1.0325677646391753,1.093763730154639,1.0777211725773195,0.6321531445146392,0.5236091325463917,0.5844880705552578,0.5500352071020619,145.009995
2019-03-23,1.17943629584375,1.0341002086458333,1.0625218069895832,1.0778419676041666,0.6349597338614583,0.5308211225697916,0.5805336202538541,0.557532836134375,143.559998
2019-03-30,1.1616442890729166,1.0286387847916667,1.0823399536770835,1.0737095604166667,0.6396118368910416,0.5288114116375,0.5812547549968751,0.5569607811135416,144.710007
2019-04-06,1.1744046265257733,1.030754257628866,1.0799299864845362,1.0723714317525772,0.6315022564281443,0.5245976855618557,0.5752800726061855,0.5513942791546391,147.779999
2019-04-13,1.1448281327857144,1.0270856326530613,1.146761488510204,1.0741779363265307,0.6098665731583673,0.5187765862877551,0.5629087731630612,0.5481122789020408,148.679993
2019-04-20,1.1258770173505155,1.024767250927835,1.1441297222783506,1.0763284593814433,0.6165903063995876,0.5241638845515464,0.5583897402616494,0.5567576135216494,
2019-04-27,1.125533921040404,1.0292128293939395,1.1320738685353535,1.0759892196969696,0.6111940089413131,0.5163849582919192,0.5546289081541413,0.5450728262616161,150.160004
2019-05-04,1.1575158995979382,1.034030828969072,1.1433638907216495,1.0828737325773194,0.6295061033190722,0.5244018959907216,0.5740619560265979,0.5522457416896907,150.630005
2019-05-11,1.1595824582916667,1.0340318368749999,1.1314118577708332,1.0745415292708334,0.6379040293357291,0.5284573474708333,0.5747506514116666,0.5562906650947916,147.529999
2019-05-18,1.2564439137052632,1.0305543729473685,1.2496341918210527,1.0756147684210526,0.6678065945187369,0.5269773722947368,0.6113414385371578,0.5577988948926316,146.240005
2019-05-25,1.2663892413578948,1.0316776641052632,1.260204917463158,1.0815144431578947,0.7090347434937895,0.5324135439905263,0.6570655596118947,0.5642500410252631,144.580002
2019-06-01,1.2568347395833335,1.0328993553125,1.13869399434375,1.0693264558333333,0.6922350770067709,0.5366118215135417,0.6233804965767707,0.5625755802468749,140.690002
2019-06-08,1.3044305403578949,1.030914388736842,1.3208465223578947,1.0614543622105264,0.7191829319662105,0.5360602901557895,0.6659119753681052,0.5578137769768421,146.789993
2019-06-15,1.2755074255729166,1.025717771875,1.30924248853125,1.0549589227083334,0.6969723194167708,0.5311794539875,0.6552615394342708,0.5527504934374999,147.630005
2019-06-22,1.2999674636666667,1.028753915376344,1.3945931411182795,1.0722005077419354,0.7437936385470968,0.5455948684881721,0.7064068849605376,0.5700151063591398,150.699997
2019-06-29,1.3103819350106383,1.030613055106383,1.3346113321595745,1.0641404160638297,0.7326544504227659,0.5402462436255319,0.6804816529835107,0.5620743665446809,150.089996
2019-07-06,1.3112051594526317,1.029195754736842,1.3502458307789473,1.061184028,0.7148538431951579,0.5344470488126315,0.6827005123988421,0.5553085642410526,152.550003
2019-07-13,1.3165119105999998,1.03762186,1.3532276006842106,1.0658818088421051,0.7277585980832632,0.5358050633178947,0.6760444162351579,0.554452944748421,153.610001
2019-07-20,1.331648936925532,1.0273325080851063,1.325327807851064,1.0582566707446808,0.7450160800174468,0.5403327023585106,0.6748931769473404,0.5601718618712765,151.800003
2019-07-27,1.3327444615106383,1.028239479255319,1.2304638082765957,1.0619115439361702,0.7432206003570213,0.5378607768340425,0.6729858962142553,0.557300370493617,154.410004
2019-08-03,1.3328856131702127,1.025644345638298,1.231595138819149,1.0530103295744682,0.7401772157960639,0.5356515465819149,0.6614057763348936,0.5530709564574469,149.580002
2019-08-10,1.321022280431579,1.0264957682105262,1.234245340431579,1.0545590258947368,0.7319273373658948,0.5254695925273685,0.6575825817332631,0.5432139457778947,148.919998
2019-08-17,1.2871819261458333,1.0194924465625,1.2064537287916666,1.0528916503124999,0.7105919655016666,0.5186899579677083,0.6474674093772916,0.5373938691458333,147.339996
2019-08-24,1.2899640223473685,1.0168870283157896,1.222741044894737,1.0417194172631579,0.7260116717526316,0.5219831409157895,0.6573310183249473,0.5376697708389474,145.309998
2019-08-31,1.2772201459791666,1.0125969695833332,1.2044245502291666,1.0378173283333334,0.7122665932021874,0.518468563440625,0.6485696378532292,0.5323774999854166,149.039993
2019-09-07,1.3053072475,1.0221927092708334,1.2364297672708333,1.0439360804166666,0.7186522640359375,0.5271991561447916,0.6697155925818751,0.5402769394979167,151.679993
2019-09-14,1.3069718301157895,1.0299665629473684,1.2438882633894737,1.0507931589473685,0.7219750602092632,0.5294217586305263,0.6558482636523159,0.5429534578126316,153.470001
2019-09-21,1.2600863568969072,1.0073113220618557,1.1780732996391752,1.0262347603092783,0.66150442602,0.516098489914433,0.5865756987294846,0.5252106010969072,152.039993
2019-09-28,1.2322358962164948,1.0045880065979382,1.1190885211237114,1.0221827070103093,0.6698292024573196,0.5167052672773196,0.596449431498866,0.5265842936134021,150.300003
2019-10-05,1.2426878208736842,1.0196605991578949,1.1310513404526314,1.0315500504210526,0.6882742940063158,0.5285247646842105,0.6110999094426316,0.5385561714252631,149.729996
2019-10-12,1.1638058246770833,1.0211602060416667,1.0229395068229168,1.0292199048958335,0.64158946529125,0.529586078690625,0.5609797977040625,0.5391714340364583,150.630005
2019-10-19,1.1073008325257732,1.0249013758762886,1.036527494443299,1.0431835893814434,0.5968405151115465,0.5280101550814433,0.5542399825658763,0.5391091336783506,151.580002
2019-10-26,1.1278660236185567,1.0218669195876289,1.0295286203092784,1.0315905219587629,0.6036626099407217,0.5276476541762887,0.5518637884176288,0.5346812284164949,153.449997
2019-11-02,1.1339829832061854,1.0304810912371134,1.023090674525773,1.045275993814433,0.6000803604317525,0.5308705649742268,0.5464300302847422,0.5410847667402062,155.830002
2019-11-09,1.1177438424444444,1.0319027117171717,1.05398284089899,1.06229947,0.5839105943809091,0.5249814824989899,0.5640653696836364,0.5460654120656566,157.160004
2019-11-16,1.1362360139899998,1.0346375915000001,1.05242946653,1.062806301,0.5892975846246999,0.519236759004,0.5286610447663,0.5325344505799999,158.550003
2019-11-23,1.133317930734694,1.0272773240816326,1.0160461090918367,1.054855732142857,0.594433909377449,0.5276326634142857,0.5328415129212245,0.5403771888489796,158.139999
2019-11-30,1.1053030018673469,1.0279588605102041,1.1605237288163266,1.0470794336734692,0.5859239123113266,0.5301540356438775,0.5434904045676531,0.5422295264316327,160.020004
2019-12-07,1.1310701614583334,1.0331157666666666,1.0723210234375,1.0598730322916667,0.5937422244085416,0.5288033269875,0.5493701726661459,0.5431942326947917,160.289993
2019-12-14,1.1458221337291665,1.0283525685416668,1.0867208877604166,1.0596002740625001,0.6200998868210417,0.5349331551072917,0.5653158829328125,0.5501094017729167,161.330002
2019-12-21,1.1498667867474748,1.0305715785858587,1.1307692062525252,1.058147135151515,0.6144978016202021,0.5259467530313131,0.5770578898074747,0.5394634247474748,164.190002
2019-12-28,1.190718624622449,1.03722988,1.0914848027755102,1.0548933739795918,0.6097778188683673,0.5273512259887755,0.5677072895466326,0.540570583255102,164.080002
2020-01-04,1.2291185680204082,1.0342000695918367,1.2395526070918368,1.0715504075510205,0.6555463507105103,0.5337930784540816,0.6651068708142858,0.5552852598397959,163.929993
2020-01-11,1.0845637360104166,1.0277725053125,1.1039242598020833,1.0628227122916667,0.5798337069542708,0.5278562447052083,0.5708723483905208,0.5457654383520832,165.460007
2020-01-18,1.0929139001734693,1.0272692406122448,1.0770842023775509,1.059763023877551,0.5740074507053061,0.5292665990806122,0.548720974480102,0.5478309139561225,168.759995
2020-01-25,1.0644595530816325,1.0304725013265306,1.0687669558469388,1.062242085,0.5535050380066326,0.5269687299295919,0.5465543536947959,0.5449252762214285,167.089996
2020-02-01,1.0945861302448978,1.0253231158163265,1.0749686705816326,1.0641962396938776,0.5430825526761225,0.5140490333602041,0.5305119307257142,0.5318628299877551,163.520004
2020-02-08,1.0718809268367349,1.0287720236734694,1.080740303612245,1.061253263367347,0.556073598044796,0.5241810739938775,0.5460472077833673,0.5403443726612245,168.710007
2020-02-15,1.0819794068854167,1.0290743625,1.070482202125,1.0608723201041668,0.5563873693245833,0.5233863269,0.5485398814382292,0.542022313609375,171.699997
2020-02-22,1.0975682057187501,1.0304643941666667,1.1449543930833335,1.0653672163541665,0.56374269973,0.5240694626489583,0.6015038530689584,0.5433467304625,169.889999
2020-02-29,1.0687686239263157,1.024645440631579,1.1135305504631579,1.0589606546315788,0.5457010673808421,0.5185445890957895,0.5997069987426316,0.5367510045431579,150.440002
2020-03-07,1.0658908301770833,1.0214013508333333,1.1798116432291665,1.0538279704166666,0.5495744494695833,0.521338542428125,0.5995595687710417,0.54066103506875,150.589996
2020-03-14,1.072429845172414,1.024239904367816,1.1188498660114943,1.053100631954023,0.5730564378621839,0.5370816990551724,0.6062779591710346,0.5529514699816092,135.929993
2020-03-21,1.0650477757608696,1.0257533227173914,1.1202170433369565,1.0679888576086958,0.5682611132988044,0.5400824624260869,0.6207131941843478,0.5641353435097826,115.190002
2020-03-28,1.05214928115625,1.0277944371875,1.1409772988229168,1.0669238711458333,0.5525109947506249,0.5309625115208333,0.6203168966879167,0.5519713006989583,126.93
2020-04-04,1.0719835598421052,1.0267288750526316,1.100487220431579,1.0611922948421053,0.5617611222197895,0.5304232444905264,0.6011834611731579,0.5508283467294737,123.379997
2020-04-11,1.0558873905376345,1.0245743532258065,1.131518768236559,1.0558252467741935,0.56485262544,0.5330651217806451,0.6183579970960215,0.5499621824344086,
2020-04-18,1.0320119283854166,1.0267443568749999,1.1373015935729167,1.0584388009374999,0.547077246416875,0.5208843618322917,0.5985037664896875,0.537034950128125,143.139999
2020-04-25,1.0483517698421052,1.0246451730526316,1.1167802494315788,1.0523811930526317,0.5553723731993684,0.5249807245926316,0.6058350789738947,0.5414824393947368,141.630005
2020-05-02,1.05545881790625,1.0319414577083335,1.0672455081666665,1.0619540655208333,0.5653994699892708,0.5283684752729166,0.5873165723145833,0.5432828989760417,141.809998
2020-05-09,1.1236865481752576,1.0364898741237114,1.056410909371134,1.0699597776288658,0.5813571162412371,0.5273083346948454,0.5791895963472165,0.545777898942268,147.470001
2020-05-16,1.0420350863814434,1.0307683420618556,1.0525716163195877,1.0627762034020618,0.54217803667433,0.5160023848309279,0.5704374948486598,0.5321379248195877,143.830002
2020-05-23,1.0179891153020832,1.0284765178125,1.0394802677291668,1.0526091532291668,0.5516664693584376,0.528028494946875,0.5736789624094791,0.5399549926041667,149.259995
2020-05-30,1.0869566562755102,1.0231623892857142,1.0817739080306124,1.0414658575510205,0.5612731097413265,0.5183941846530612,0.578131782267347,0.529428299877551,153.710007
2020-06-06,1.1362193633265305,1.0275914085714286,1.2457685405816328,1.0505134440816326,0.5536529153404082,0.5191637866826531,0.6049192857888775,0.5319724587275511,161.899994
2020-06-13,1.1493571665104165,1.032670943125,1.1462225143541667,1.0577429913541667,0.5575552622592709,0.5300097005885417,0.5860699686310417,0.5435367072166667,153.970001
2020-06-20,1.2443153056530611,1.0351444219387755,1.172776502265306,1.0623883048979592,0.5640552978264286,0.52123974305,0.5789788548018366,0.5331270757867347,157.080002
2020-06-27,1.2374716849489797,1.0344559973469387,1.1802413257040816,1.053335286122449,0.5714888016259184,0.5223290823918367,0.6159349944511224,0.5329105794040817,152.020004
2020-07-04,1.2389508300510204,1.0368433970408164,1.1730508185510204,1.062518785510204,0.5868190744560204,0.524268363422449,0.6102714497534694,0.5375343906489797,
2020-07-11,1.2523689546836734,1.0389223069387756,1.1992376570306122,1.0621904007142857,0.5905167042744898,0.5241482695653061,0.6141747962241837,0.5373046260285714,160.949997
2020-07-18,1.251122794329897,1.0393548077319588,1.3265441161340208,1.0719426582474227,0.5934260713284536,0.5326539263020619,0.680567441461031,0.5486422683319587,163.190002
2020-07-25,1.2542656014747475,1.038927765050505,1.1978593546262626,1.062802702020202,0.5855715935317172,0.5259631106161616,0.5907866517857575,0.5329891118454545,162.690002
2020-08-01,1.2835610288453607,1.0421084763917525,1.2071690256494845,1.062765794226804,0.5799627578413402,0.516779477815464,0.5984660467770103,0.5259694356567011,165.520004
2020-08-08,1.2785785478265306,1.036450741734694,1.2201309527959183,1.0556301208163266,0.5598042616343877,0.5155533126999999,0.5862096364553061,0.5247354006877551,169.800003
2020-08-15,1.2774571629183673,1.044125929897959,1.2107409911428573,1.0668265928571428,0.5789541193914286,0.5205117272408163,0.5903568631557143,0.5320044003030613,170.979996
2020-08-22,1.3465341557216495,1.0469395664948455,1.2131013480412371,1.0713241744329898,0.6311116710995875,0.5284398340247423,0.6091443968514433,0.5415074957907217,172.220001
2020-08-29,1.3594325705,1.0455944664583334,1.2320718368541665,1.0703538865625,0.6443242619538542,0.5328605907104167,0.6161812581341667,0.5470722982114583,177.679993
2020-09-05,1.3595604779684212,1.0455445994736843,1.2395024559157894,1.0711364664210528,0.6493334036654737,0.534615317331579,0.6230116079511578,0.54965071342,173.449997
2020-09-12,1.3499160887684212,1.0458550557894737,1.2350136376526315,1.079832744736842,0.6585277652987368,0.5338222185452631,0.6283333491601053,0.5510622426842106,169.119995
2020-09-19,1.3598571723723403,1.0433010975531916,1.2362164741595745,1.0734015184042554,0.6791916675682979,0.5327253736117021,0.643640451505851,0.5482942182670213,169.089996
2020-09-26,1.3467922519255318,1.0405724615957446,1.192043761138298,1.0662768752127658,0.6985248741080851,0.537743467737234,0.6239514723776596,0.5498215239936171,166.960007
2020-10-03,1.3708740985806451,1.0413539531182796,1.1994016654301076,1.0699518715053764,0.7402376614366667,0.5419010004741935,0.6519306648083871,0.5554193052774193,170.389999
2020-10-10,1.3583762264301076,1.0458413224731182,1.2035057034516128,1.0774167530107526,0.7214203825888172,0.5437218748075269,0.6558337721455915,0.5565747052107527,177.320007
2020-10-17,1.3692595370526315,1.045414565894737,1.2197374968526316,1.070527174105263,0.7009174013996843,0.5417573412178948,0.6534090690048421,0.5565590333589474,177.550003
2020-10-24,1.375410814968085,1.0472962645744681,1.2152021048404256,1.07234370393617,0.7148542353018085,0.5432780004595745,0.6595243153278724,0.5576110287925532,176.839996
2020-10-31,1.3189659686914894,1.0429227628723403,1.2336880240851065,1.0688264960638298,0.693572656170319,0.5425254263648936,0.6569561974327659,0.5576679981765957,166.990005
2020-11-07,1.3025461003052632,1.047140691263158,1.2506002571578947,1.0715752831578949,0.6792480332264211,0.5434783666442106,0.6539345591527369,0.5580781843863157,179.259995
2020-11-14,1.2958396171290323,1.0483668374193549,1.2645754533225806,1.0815997610752688,0.6863183233032258,0.5428594556397849,0.6820168642913977,0.5634370129021505,183.320007
2020-11-21,1.31728763393617,1.049149880425532,1.2697468388617021,1.0719256424468084,0.680804151858617,0.5371391557297872,0.6694347407290426,0.5530831176542553,183.229996
2020-11-28,1.3093868695319149,1.04213954,1.277566269,1.0729033396808512,0.6677755467168085,0.5375811602351064,0.6749650313448936,0.5577246293202127,188.179993
2020-12-05,1.4642818955520835,1.0527598860416667,1.24753935415625,1.0921633972916667,0.6976103817414584,0.5344226735114583,0.6421317783107292,0.5573473813677083,191.509995
2020-12-12,1.3868277111529412,1.0531042756470588,1.3299671727647058,1.0886697937647059,0.7352057584669411,0.5512401038811765,0.729895930974,0.5770908660388235,190.179993
2020-12-19,1.2811109242365593,1.0473489176344086,1.2246077858602151,1.0943186591397849,0.6378552879017204,0.5282176522193549,0.647200442287742,0.5552470771806451,193.470001
2020-12-26,1.166019780968085,1.0345252529787234,1.2215952329148936,1.0853173820212767,0.5930864103687233,0.5122577510882979,0.6307669175738297,0.5387284532840425,
2021-01-02,1.2041325915531915,1.0405640280851063,1.4150232127978724,1.088179084361702,0.6293084085114894,0.5180546645531915,0.7554575190992553,0.5521637962319149,
2021-01-09,1.3347614720105263,1.03930623,1.2553065420842107,1.071487716,0.6151285093381053,0.53027052502,0.5977015371227369,0.5487850524431579,199.25
2021-01-16,1.4079039279255319,1.0411790468085107,1.1946438909787234,1.0586322876595744,0.6447001713010638,0.5291169260042553,0.5909513686314893,0.5425582386425533,197.059998
2021-01-23,1.3171642659157896,1.0342675976842106,1.1741992932,1.0587451204210525,0.5994027460817895,0.5247019206694736,0.5577673576856842,0.5399787693610526,200.889999
2021-01-30,1.3033456173473685,1.0365797821052631,1.1593713944842106,1.0625911667368422,0.6365328593443158,0.52942581634,0.5836096236452631,0.5464293763052631,193.990005
2021-02-06,1.3224947974255319,1.033171895319149,1.169577729574468,1.0551498294680852,0.6638226778991488,0.5308596837510638,0.5980522148505318,0.5459332518914893,204.110001
2021-02-13,1.2844791578645833,1.0275021526041666,1.1489093997291666,1.0499176513541666,0.6541452833035416,0.5222728041416667,0.5875401943715625,0.5367178285395834,207.490005
2021-02-20,1.2820728813333333,1.031390116875,1.1277946725833334,1.0509869423958333,0.6539077712883333,0.5244023882260417,0.5900287266614583,0.5382592813416667,205.970001
2021-02-27,1.2964547285368422,1.0325637051578946,1.1431844058842107,1.0580224990526315,0.6621514770624211,0.5276874666452631,0.6043861240703158,0.5446805478136841,200.080002
2021-03-06,1.2679728480421053,1.0313795968421053,1.1283180935894737,1.0531262242105264,0.6694822405041052,0.5219544792157895,0.6088794488642105,0.5381328082073684,200.75
2021-03-13,1.2779581990638298,1.0324326159574468,1.1425516898829786,1.056487740319149,0.6786323007101064,0.5268484879542553,0.6167474288145744,0.5429958227925532,207.399994
2021-03-20,1.276324117705263,1.0340347924210527,1.1778739695578946,1.055655352,0.6576774870543157,0.5238738399578947,0.6314557266117895,0.5394045285663157,205.259995
2021-03-27,1.2695893850638298,1.030765159574468,1.169831442819149,1.0563318722340425,0.6516301037605319,0.5275243256595744,0.633478825477766,0.5449793587042553,206.470001
2021-04-03,1.2590500689042554,1.032073755106383,1.1687273058510639,1.0714920374468087,0.6367329542442554,0.5279218163457446,0.622414055436383,0.5463998610574468,
2021-04-10,1.2617390383020834,1.0233573120833335,1.1834859648958334,1.0589485436458335,0.6113174984103125,0.5215637602052083,0.6098827071803125,0.5399039252604166,214.139999
2021-04-17,1.248109726031579,1.0257011177894737,1.165323933294737,1.0602301096842106,0.6146023760585263,0.5255526698578947,0.611041600864842,0.5434676543431579,217.149994
2021-04-24,1.2204257613229166,1.0285071090625,1.17604339028125,1.0563241758333333,0.62274823146625,0.5251965991020834,0.6173988663532292,0.5394850884,217.210007
2021-05-01,1.2654696476875,1.0272540105208334,1.2042713212083334,1.0593138591666666,0.6273499267813542,0.5232504219958333,0.6221070835056249,0.5420990116510417,217.100006
2021-05-08,1.2296184449270833,1.0253363002083333,1.1543223772604165,1.05464996125,0.5945832961664583,0.5199653651072916,0.5868070807936459,0.53740140318125,218.75
2021-05-15,1.2303404147916666,1.0248869401041667,1.1853063279895835,1.0591181877083333,0.5987112389777084,0.5222518649989584,0.5895206375845833,0.54014770071875,215.539993
2021-05-22,1.2450989693958332,1.0300250077083333,1.1877624815104166,1.0643462089583333,0.6090163601276042,0.525039155428125,0.6010405445217708,0.544069086109375,214.970001
2021-05-29,1.0621218564081634,1.025289931734694,1.0554054286938777,1.058005134897959,0.5506150158584694,0.5213807714500001,0.5552196603918367,0.5343512035734694,218.089996
2021-06-05,1.0966924425151516,1.0276791348484848,1.1004812424444443,1.0575944022222223,0.5749720523264646,0.5214850707060606,0.5801711368466667,0.5375125923595959,219.389999
2021-06-12,1.0945072030206187,1.0269445476288661,1.1038849043608248,1.0639960565979383,0.5775011262013402,0.5273959114237113,0.5850754246435051,0.5467037403989691,221.020004
2021-06-19,1.0970967270927834,1.0276393348453607,1.1128463600309277,1.0603588078350517,0.5643871320108247,0.5147943185989691,0.5748044282690722,0.5308741100103093,216.75
2021-06-26,1.0954783472708334,1.0231363804166667,1.1230451347708332,1.0539012273958333,0.5702328747755209,0.517367751796875,0.5814078451467708,0.5348869864260416,222.550003
2021-07-03,1.1014726926458334,1.026717386875,1.128298863125,1.0688429875,0.5599379707760417,0.5141917832229167,0.57947365391125,0.5348319044552083,225.270004
2021-07-10,1.111480462861702,1.024479434361702,1.1485724733723404,1.065158744468085,0.5687432146530851,0.516541912230851,0.5724819700259575,0.5356531631106383,225.880005
2021-07-17,1.1386954399578948,1.0266085222105263,1.1483774913473683,1.0665665382105263,0.5698446884076842,0.5174788254642105,0.5803766414704211,0.5363377425905264,222.389999
2021-07-24,1.1417859246666666,1.0256034149462365,1.1362004040430107,1.0649289240860216,0.5852606849962365,0.5293169721623655,0.5881293462610753,0.5489594181903226,227.460007
2021-07-31,1.1458268078297873,1.0267890503191488,1.1550013559680852,1.0657136486170213,0.5702906998889362,0.5187285254095745,0.5816676279475531,0.5386325738968085,226.690002
2021-08-07,1.1474570378709676,1.0289829206451613,1.1245012559784946,1.0668486486021507,0.596782092318172,0.5286161614709677,0.586192493266344,0.5482242516107526,228.869995
2021-08-14,1.1761241168913044,1.0291618036956522,1.1316825907065218,1.0659418670652174,0.5893261682457609,0.5295206081076087,0.5874730105192392,0.5499598997347827,230.149994
2021-08-21,1.1613734305434782,1.025422279347826,1.148883588173913,1.058301690326087,0.5840711326960869,0.5257192686967391,0.5875425108504347,0.5464312945826088,228.110001
2021-08-28,1.1426200960212765,1.0250385241489361,1.1489867864255319,1.0556383348936171,0.5794994580602127,0.5214084812404256,0.5832251673,0.5416265023372341,232.729996
2021-09-04,1.137488679074468,1.0256061947872341,1.1604213396276595,1.0615168644680852,0.5812342564429788,0.5250626479234042,0.5904485345424467,0.5474565534244681,234.289993
2021-09-11,1.159086970376344,1.0257389783870967,1.1812261862688174,1.0693793912903227,0.6106825397445161,0.5382646368408602,0.604943756373871,0.5635414194419355,230.080002
2021-09-18,1.1902746206170214,1.0301575585106384,1.1785246047340425,1.0667858723404255,0.6252135698047872,0.5324558554893617,0.6320754420307446,0.5538080083744681,229.039993
2021-09-25,1.1843271669462365,1.03029639,1.2247473434193548,1.0680395812903227,0.6354703749754839,0.5403453104698924,0.6474323425755913,0.5635695131634408,229.639999
2021-10-02,1.150005262152174,1.025320325326087,1.1974608016304347,1.0675041873913043,0.6326065325270652,0.5362863740054348,0.6415407958459783,0.560363427977174,225.119995
2021-10-09,1.1625052139255319,1.020820784680851,1.2282307310319147,1.054636370425532,0.6399510827020213,0.5293906686734042,0.6576016175210638,0.548622554619149,226.389999
2021-10-16,1.2140216979673912,1.024537905,1.259364110478261,1.0622728583695653,0.6555677024416304,0.5329001594836956,0.6611486454659782,0.5537327889456521,230.729996
2021-10-23,1.1795522948901098,1.02360546978022,1.2285037007142856,1.0668258692307693,0.6389058350930769,0.5275470498219781,0.6562617323956044,0.5493416839736264,234.360001
2021-10-30,1.2080660223516484,1.0237571617582417,1.2280124336813187,1.0657082797802198,0.6493008245927473,0.5343924539824175,0.658500376353956,0.5551685575527473,236.910004
2021-11-06,1.2098343041086956,1.0236239745652174,1.220760476978261,1.0600503095652174,0.6473450706177174,0.5329453305326087,0.6578185607616305,0.5549342337869565,242.360001
