date,DJIA_percent_change,trends_bert_sum,trends_bert_mean,trends_vader_mean,trends_vader_sum,trends_textblob_mean,trends_textblob_sum,NYT_vader,NYT_textblob,NYT_flair,NYT_bert,whole_song_vader,song_mean_by_sentence_vader,song_mean_by_sentence_without_0_vader,whole_song_textblob,song_by_sentence_without_0_textblob,song_bert,song_flair,WEIGHTED_whole_song_score,WEIGHTED_mean_by_sentence_song_score,WEIGHTED_mean_without_0_by_sentence_song_score,WEIGHTED_tb_whole_song,WEIGHTED_tb_song_by_sentence,WEIGHTED_tb_song_by_sentence_without_0,WEIGHTED_bert,WEIGHTED_flair,,vader,textblob,textblob_full,vader_full
1/3/17,0.010078242,-1.251681983,-0.050067279,0.055956,1.3989,0.130909091,3.272727273,0.022296622,0.071347053,0.059468429,0.011698801,0.342644,0.058717405,0.113224206,0.102330329,0.118448238,3.330889383,0.132211426,0.346191283,0.058468301,0.112700409,0.108016498,0.045995225,0.124024521,3.597214101,0.091059729,,1.095073458,1.118784351,1.036156958,1.06846245
1/10/17,-0.003925931,-4.271749616,-0.170869985,0.031796,0.7949,0.067333333,1.683333333,0.087536508,0.094456349,0.007536067,0.054493264,0.282988,0.048846632,0.085448719,0.075832646,0.087923541,3.197612319,0.018187199,0.315919805,0.053936598,0.099118343,0.08519775,0.037470649,0.097302973,3.486711152,-0.009069534,,1.068608524,1.082278755,1.026796198,1.065111839
1/17/17,-0.002949476,-13.03508681,-0.521403472,0.005624,0.1406,-0.021212121,-0.53030303,0.034522159,0.092090328,0.046848101,0.034319873,0.24816,0.039356385,0.070404304,0.072616219,0.084230845,3.180948054,0.057724767,0.282875891,0.043809376,0.083093351,0.081238155,0.035957755,0.092516479,3.433035639,0.035991853,,1.052017735,1.101198297,1.0280266,1.056437135
1/24/17,0.013264304,2.774017632,0.110960705,0,0,0.009454545,0.236363636,0.019754913,0.064662778,-0.089692084,-0.054306772,0.313874,0.046611237,0.091588635,0.086640109,0.098249304,3.214145358,0.095629327,0.343877401,0.050085105,0.098743374,0.093071711,0.039853029,0.104948278,3.521329992,0.068947719,,1.057749244,1.085144621,1.032332966,1.056547118
1/31/17,-0.001112027,-7.994503856,-0.319780154,-0.050028,-1.2507,-0.018484848,-0.462121212,0.028894118,0.08608561,-0.02180335,0.033067432,0.29395,0.04505506,0.090661791,0.080233825,0.095805595,3.190644186,0.108502529,0.32383388,0.048548793,0.098918292,0.087103131,0.038584265,0.103588252,3.501793867,0.084611966,,1.074470472,1.085319036,1.028910405,1.057785619
2/7/17,0.009763994,-4.093242466,-0.163729699,0.11878,2.9695,0.058666667,1.466666667,-0.025818994,0.081002179,-0.091978076,-0.073717951,0.397111,0.054598829,0.113099671,0.093411946,0.114321764,3.236636251,0.090160969,0.449192117,0.062372835,0.128502155,0.10557401,0.047414105,0.127307354,3.556382163,0.070567704,,1.091607933,1.099804828,1.036379634,1.065118508
2/14/17,0.017197398,2.436474979,0.097458999,0.089448,2.2362,0.094,2.35,0.058297248,0.073156736,0.086926557,0.06788089,0.344772,0.055539812,0.110314021,0.092687966,0.111704641,3.227970508,0.088777893,0.38707897,0.062110137,0.122311715,0.101602706,0.044502093,0.122460944,3.529949483,0.088505379,,1.126496202,1.107917143,1.034552367,1.067043924
2/21/17,0.009495355,-5.432894289,-0.217315772,0.02734,0.6835,0.008181818,0.204545455,0.006594709,0.06895276,0.125484578,0.014642663,0.415443,0.058202148,0.117517879,0.085400246,0.102642422,3.219632647,0.077700514,0.461155036,0.065401111,0.131537316,0.094748504,0.040193475,0.111881254,3.508982711,0.065930793,,1.101377392,1.090481605,1.034344875,1.065100359
2/28/17,0.008757143,3.559927642,0.142397106,0.047932,1.1983,0,0,0.058428042,0.069557119,-0.001128097,0.013371323,0.380286,0.049646731,0.100777496,0.075004034,0.090776493,3.212367881,0.145366615,0.428271568,0.056546894,0.114009857,0.085017433,0.036150409,0.103533454,3.549791878,0.135520195,,1.912658703,1.175251524,1.024795571,1.059017097
3/7/17,-0.00491461,-8.607940197,-0.358664175,0.0244125,0.5859,0,0,0.043177778,0.065890821,-0.224364296,-0.142418973,0.347911,0.048057688,0.096886435,0.077959609,0.091592993,3.212717414,0.033159288,0.400771031,0.055656063,0.110821438,0.088406723,0.035997163,0.104573456,3.5687637,0.023000166,,1.787738273,1.085523678,1.023465239,1.055650633
3/14/17,0.000556548,-14.32066172,-0.572826469,0.002808,0.0702,0.022666667,0.566666667,0.067877228,0.072602028,-0.012241767,-0.035148552,0.377545,0.051470056,0.099859759,0.0767385,0.093285767,3.250635374,0.065791107,0.425674487,0.059546659,0.114275201,0.087870799,0.036779481,0.107437578,3.624684052,0.057794585,,1.822417703,1.095920023,1.022849655,1.057704752
3/21/17,-0.015434496,-5.453407228,-0.218136289,-0.005976,-0.1494,0.045454545,1.136363636,0.015354011,0.051784495,0.061995838,0.120341458,0.438685,0.064427246,0.128901804,0.099353505,0.118898488,3.340098706,0.123055721,0.504000405,0.075901176,0.151357122,0.114116664,0.044068247,0.135545876,3.754992649,0.115032105,,1.836817356,1.150594582,1.028782573,1.066643105
3/28/17,0.003218279,-4.538812757,-0.412619342,-0.072263636,-0.7949,0,0,0.007505291,0.046314983,-0.079763481,-0.11752652,0.342683,0.054922286,0.10086136,0.076684637,0.09153692,3.261804257,0.043568406,0.40400588,0.063675382,0.11877642,0.087500449,0.035195939,0.104319695,3.677479975,0.026772927,,1.853691119,1.133050436,1.022473515,1.065814068
4/4/17,-0.000344692,-15.67282754,-0.626913102,-0.012728,-0.3182,0.005454545,0.136363636,-0.01251,0.079542149,-0.022100262,-0.089302164,0.43423,0.055158649,0.106317467,0.083267785,0.098646204,3.213437172,0.00197283,0.516806066,0.067609534,0.130730911,0.098463317,0.039009359,0.115765224,3.623708137,-0.015866368,,1.813963184,1.098307041,1.023386359,1.061637764
4/11/17,-0.001360305,-4.171517372,-0.166860695,-0.002208,-0.0552,0.032,0.8,-0.069721687,0.074076906,-0.168906477,-0.214421012,0.457832,0.06269235,0.120005123,0.078541294,0.095764168,3.23256272,-0.028514923,0.503136969,0.068606091,0.13377347,0.084918006,0.033735384,0.102961059,3.595830548,-0.060327234,,1.795353851,1.071665905,1.020326254,1.069819149
4/18/17,-0.005272594,-4.732299507,-0.18929198,-0.038148,-0.9537,0.072,1.8,0.06109321,0.090055068,-0.088154104,-0.01179417,0.410973,0.056101338,0.107393519,0.069273656,0.086131081,3.221094474,-0.046443992,0.436841097,0.059426888,0.116364076,0.071755571,0.031422558,0.089685489,3.578614989,-0.091476555,,1.812898991,1.083754833,1.021072981,1.069798203
4/25/17,0.018755513,-1.695273876,-0.067810955,0.012728,0.3182,0.032,0.8,0.053660109,0.071696333,-0.065446392,-0.110301791,0.385351,0.055567425,0.108717183,0.064835843,0.086226257,3.225672214,-0.011996883,0.412027797,0.058831762,0.117700343,0.069074318,0.029717855,0.091805418,3.621936725,-0.05658234,,1.787264085,1.074851298,1.016787893,1.068930157
5/2/17,0.003162288,-8.125017226,-0.338542384,0.044991667,1.0798,0,0,0.041970053,0.090614206,-0.001502027,0.069081639,0.287409,0.046400071,0.086501252,0.063769476,0.085400453,3.194479628,0.023362105,0.324691791,0.053658735,0.101591992,0.077290687,0.032380896,0.101011287,3.612616664,0.004931319,,1.764904958,1.074880137,1.020017277,1.060077326
5/9/17,-0.005279804,-6.137443602,-0.245497744,0,0,0.012,0.3,0.050606383,0.085448024,0.048348607,-0.039073207,0.365111,0.049616275,0.094130361,0.064251101,0.086946458,3.226977441,0.034258539,0.410676595,0.057202119,0.109856722,0.077195254,0.030982648,0.10215009,3.673684866,0.023876425,,1.834135949,1.064482142,1.018769616,1.059313344
5/16/17,-0.004410993,2.975834966,0.119033399,0.062612,1.5653,0.082666667,2.066666667,-0.050462712,0.078432616,-0.237730105,-0.210407783,0.378366,0.052932196,0.099613752,0.069725247,0.089730319,3.22530329,0.098825291,0.409814648,0.055713335,0.108029509,0.076370761,0.028116938,0.097671595,3.651434347,0.069527109,,1.807563176,1.079691104,1.022305627,1.06295228
5/23/17,0.01306624,-5.330673695,-0.205025911,-0.005624,-0.1406,0,0,0.023748913,0.090269872,-0.067872118,-0.02297944,0.360638,0.05059034,0.100409112,0.06598682,0.088782436,3.214891803,0.066943243,0.386976743,0.055561472,0.110226674,0.07594087,0.028893004,0.099956753,3.623529655,0.05566861,,1.795264249,1.100382667,1.020143215,1.056033322
5/30/17,0.005942105,-3.58235544,-0.179117772,-0.018925,-0.3785,-0.012142857,-0.242857143,0.058032738,0.068264927,0.020234118,-0.039901828,0.350606,0.05116283,0.100557239,0.069247071,0.088246064,3.224499921,0.079200674,0.380774552,0.056070625,0.1109117,0.078502951,0.029935608,0.098018272,3.624899916,0.076364236,,1.853134158,1.122500555,1.022336744,1.058883517
6/6/17,0.003087631,-4.3391186,-0.173564744,0.021756,0.5439,0.015,0.375,0.010124865,0.088568042,0.000363289,-0.069523326,0.388241,0.058937576,0.114333947,0.071384226,0.086914393,3.227329752,0.112513983,0.40773143,0.061965816,0.120459052,0.075304829,0.028906539,0.09039581,3.55238273,0.099173295,,1.872472846,1.382498157,1.019323321,1.064100119
6/13/17,0.005251989,-4.50410217,-0.180164087,0.025476,0.6369,0.031393939,0.784848485,0.018799485,0.085173232,-0.067197581,-0.109990274,0.421983,0.060109958,0.115133346,0.071082444,0.087328928,3.215328374,0.055988756,0.445880957,0.06510096,0.125333392,0.078778573,0.031038322,0.095884334,3.6092844,0.064439328,,1.866285995,1.370919306,1.021762794,1.064983025
6/20/17,0.00048984,-3.97815764,-0.159126306,0.009276,0.2319,0.029777778,0.744444444,-0.000941398,0.063119891,0.017895495,-0.062838196,0.42910202,0.065441505,0.125285502,0.06570277,0.081244321,3.246142854,0.144415589,0.460615949,0.069954174,0.134506673,0.073679271,0.028937062,0.089868303,3.60477485,0.138338427,,1.880611912,1.37430715,1.023765287,1.072444507
6/27/17,-0.002113854,-4.44835037,-0.193406538,0.039895652,0.9176,0,0,0.054903867,0.102296505,-0.001761826,-0.004989079,0.429453535,0.06705074,0.129426549,0.065621793,0.081385908,3.238371007,0.145635497,0.454033412,0.071669882,0.138832769,0.073781849,0.029006926,0.090640177,3.626882784,0.134502595,,1.874295367,1.365283606,1.024227786,1.072439949
7/4/17,0.003021807,3.327229977,0.133089199,0.007604,0.1901,0.045454545,1.136363636,-0.062168224,0.083032688,-0.004179301,0.053446743,0.391966667,0.062292644,0.120798528,0.064091088,0.080310903,3.250282429,0.148126,0.417396956,0.067054701,0.130562056,0.071323464,0.0284214,0.08884494,3.632801846,0.131853804,,1.847568268,1.366110107,1.023734096,1.06624107
7/11/17,0.010324553,-7.706912875,-0.308276515,-0.096952,-2.4238,-0.01,-0.25,0.017805348,0.056702759,-0.016314842,0.046259589,0.411423232,0.065613572,0.128222551,0.06621888,0.082585807,3.257840495,0.134543426,0.424600142,0.06964288,0.137454943,0.073451995,0.028832781,0.091486881,3.604544791,0.110833898,,1.8868437,1.359310566,1.025248409,1.071244728
7/18/17,-0.002672373,-4.536028862,-0.181441154,-0.033844,-0.8461,-0.056,-1.4,0.010663226,0.066855984,-0.043223423,-0.047054908,0.324385859,0.057908252,0.113472437,0.062640342,0.07838918,3.184681772,0.125691992,0.368415859,0.064324396,0.126981925,0.073565554,0.027048337,0.091514764,3.624660744,0.128666143,,1.900401126,1.371372883,1.02354959,1.064149113
7/25/17,0.011462961,-0.288990319,-0.011559613,0.01968,0.492,0.024,0.6,0.032714674,0.073997453,-0.02772853,-0.072799664,0.36440404,0.062286445,0.120096589,0.063184394,0.079658154,3.206850055,0.109947084,0.421334966,0.070053247,0.13655759,0.073067672,0.028092684,0.09143337,3.605602439,0.123599693,,1.922692036,1.394696933,1.023142781,1.071546816
8/1/17,0.011881694,-5.668542385,-0.26993059,0.005519048,0.1159,0.066666667,1.4,0.012734132,0.062529269,0.015392451,-0.056005017,0.344710101,0.061009115,0.117393568,0.059885542,0.076082679,3.19677499,0.204944559,0.374634392,0.065794581,0.127368373,0.06771205,0.026123858,0.085431706,3.615120349,0.210616732,,1.947575225,1.384145995,1.020135431,1.067807356
8/8/17,-0.010727723,-5.373276055,-0.298515336,0,0,0,0,-0.003881132,0.051356756,0.015454286,-0.082128305,0.284274747,0.049633607,0.098063324,0.051572954,0.062334734,3.139224364,0.162020152,0.323167459,0.057594997,0.113259741,0.065233623,0.019729594,0.077710122,3.530575196,0.207686209,,1.900679169,1.050249606,1.012785342,1.058985256
8/15/17,-0.008480469,-4.418861389,-0.176754456,0.082008,2.0502,0.02,0.5,-0.055038182,0.038861341,0.017933518,-0.09951759,0.355017172,0.059075436,0.111641512,0.058311528,0.070826086,3.179847218,0.151430113,0.388542065,0.065507655,0.124421075,0.06915292,0.025410713,0.083098254,3.598841883,0.179914268,,1.938610048,1.123290294,1.019982718,1.068899894
8/22/17,0.006379486,-10.36262536,-0.414505014,-0.002808,-0.0702,0,0,-0.032154749,0.046951926,0.011940001,-0.1438219,0.373022222,0.059620968,0.116899018,0.058539772,0.073962349,3.155456811,0.155197099,0.408807582,0.065721213,0.130373431,0.069662095,0.027017185,0.086848853,3.567788503,0.189120219,,1.8401442,1.128011509,1.020328649,1.071468016
8/29/17,0.007908563,-11.28572881,-0.451429152,-0.065008,-1.6252,0.005454545,0.136363636,-0.009062092,0.066409642,0.010391438,-0.019141636,0.36799596,0.062127928,0.117979683,0.061302242,0.076711446,3.178967272,0.093403259,0.396537239,0.067396177,0.129740686,0.072096985,0.029403002,0.089611454,3.597207683,0.119135123,,1.839647694,1.14583398,1.022620402,1.070819479
9/5/17,-0.008705928,-12.48784405,-0.499513762,-0.019068,-0.4767,0,0,0.028615152,0.061786316,0.012393971,0.040656829,0.350285859,0.066363853,0.127244062,0.060748939,0.076545377,3.165010553,0.033955598,0.383354757,0.071760636,0.139622646,0.070777623,0.027918936,0.088496636,3.57460316,0.046745023,,1.835913374,1.124909027,1.021067312,1.07964363
9/12/17,0.021130897,-7.105621815,-0.284224873,0.017312,0.4328,0.005454545,0.136363636,0.044004523,0.079051866,0.149508222,0.122664169,0.329104,0.052677315,0.101965668,0.051733314,0.067865089,3.037390922,-0.084427893,0.354982591,0.056811044,0.112414717,0.057199521,0.021919799,0.07559454,3.501605401,-0.098296587,,1.82472403,1.086644701,1.020608041,1.071813147
9/19/17,0.003635413,-5.676240623,-0.283812031,0.021075,0.4215,0,0,-0.058912429,0.067068188,0.038135708,-0.019733235,0.341446,0.055329582,0.107182308,0.063776224,0.081892807,3.107823427,-0.015403682,0.372688555,0.059891981,0.118430613,0.070966977,0.025179386,0.091968311,3.58126016,-0.025925273,,1.626584321,1.093403497,1.01890064,1.070537554
9/26/17,0.002477116,-3.604748547,-0.144189942,0.039512,0.9878,0.023333333,0.583333333,-0.019101579,0.070734405,0.009190236,0.033445273,0.289841,0.047484333,0.099113638,0.058145813,0.073660426,3.112787793,-0.019821762,0.311998184,0.050641926,0.107071722,0.063941688,0.022790036,0.081848131,3.558436042,-0.025141923,,1.586159709,1.064588167,1.020721693,1.066111912
10/3/17,0.01618448,-6.706807196,-0.268272288,-0.055316,-1.3829,-0.025333333,-0.633333333,-0.002572165,0.074162487,0.067421772,0.008201448,0.309464,0.050543002,0.107177389,0.069273556,0.083081199,3.115734484,-0.017476734,0.341875021,0.055126739,0.118073727,0.07716577,0.027114036,0.093151994,3.578700434,-0.023880459,,1.605154532,1.074961111,1.021878912,1.06946155
10/10/17,0.004286953,-13.63658035,-0.545463214,-0.01686,-0.4215,-0.006,-0.15,0.030512821,0.066014733,-0.079888663,-0.045132171,0.353427,0.055529979,0.113759458,0.072304372,0.088652949,3.174756301,0.003453662,0.386291298,0.061045334,0.125837877,0.079623055,0.029541409,0.098099367,3.647669546,-0.007603809,,1.598750681,1.072819303,1.023641617,1.073558575
10/17/17,0.019585805,-4.540988386,-0.181639535,-0.002064,-0.0516,0.04,1,-0.031388889,0.049464859,-0.104052219,-0.137852271,0.346655,0.053293589,0.112509756,0.068081182,0.086384968,3.12419518,-0.034929102,0.396180375,0.059974945,0.127368693,0.075012,0.029260864,0.095413436,3.60284944,-0.036194191,,1.610475143,1.058931415,1.02227701,1.074020507
10/24/17,0.004504529,-11.04202223,-0.441680889,-0.04768,-1.192,-0.032,-0.8,0.080037563,0.085197324,0.184060915,0.036026924,0.387625,0.058356058,0.122693976,0.072764349,0.088113588,3.161588912,0.006455921,0.448514066,0.066242617,0.139115795,0.081087353,0.031149034,0.099621854,3.63339635,-0.003650437,,1.660476449,1.077358914,1.02387697,1.084216133
10/31/17,0.004460646,-5.755298018,-0.230211921,0.017616,0.4404,0.001333333,0.033333333,-0.035161576,0.082355914,0.070270342,0.047273214,0.356994,0.053533079,0.10536757,0.053010177,0.07171448,3.162629487,-0.035268059,0.406627153,0.060460408,0.119609022,0.057647239,0.027489243,0.079237558,3.609758123,-0.043861465,,1.623809762,1.064767064,1.023113265,1.078566228
11/7/17,-0.004994405,-9.235201478,-0.369408059,0.030596,0.7649,-0.003333333,-0.083333333,0.034638095,0.06733699,0.055299215,-0.021426163,0.355861,0.05604424,0.11009246,0.064948064,0.086098351,3.158830312,-0.08567933,0.399920692,0.062385721,0.123299325,0.071272062,0.031622694,0.096170183,3.619208837,-0.097924211,,1.586647384,1.078301033,1.025844207,1.073978809
11/14/17,-0.002738648,-4.724360824,-0.188974433,0.001528,0.0382,-0.033333333,-0.833333333,0.037296296,0.094231183,-0.089071465,-0.062453134,0.271466,0.044581134,0.085093184,0.046632127,0.06246963,3.153534659,-0.063239884,0.328941747,0.053186812,0.102665003,0.052208245,0.027310331,0.073314518,3.62872173,-0.074223287,,1.603040051,1.071440349,1.022077024,1.065501826
11/21/17,0.008479077,-0.674646199,-0.026985848,0.060488,1.5122,0.027333333,0.683333333,-0.04804734,0.081054597,-0.054284109,-0.109238825,0.2402,0.037800151,0.074349981,0.046707232,0.063021843,3.105959471,-0.047679816,0.283482435,0.046145982,0.090514987,0.051357539,0.025635295,0.072456306,3.554722721,-0.054617775,,1.649663061,1.064692457,1.019010712,1.062909865
11/28/17,0.027798423,-0.082229674,-0.003289187,0.129532,3.2383,0.160666667,4.016666667,-0.036702273,0.080586503,-0.039041179,-0.098893832,0.183945,0.032296685,0.068833744,0.046745431,0.061062123,3.097364492,-0.143230521,0.210321048,0.037640415,0.07920186,0.050076083,0.025269292,0.066847901,3.523952717,-0.158099402,,1.563015824,1.074596761,1.022244673,1.059938942
12/5/17,0.004010414,-0.135043144,-0.005401726,-0.03824,-0.956,0.007454545,0.186363636,0.043864948,0.106947968,-0.054264694,-0.064879042,0.158296,0.029201307,0.060011746,0.047574152,0.061708284,3.077181823,-0.085752034,0.180004243,0.033894954,0.068872469,0.04941841,0.024101071,0.065537196,3.493652108,-0.097115501,,1.585840673,1.091061559,1.022664863,1.058321133
12/12/17,0.013085486,-8.198635042,-0.327945402,-0.074492,-1.8623,0,0,-0.09123046,0.08657035,-0.093334205,-0.213019344,0.159505,0.027546168,0.054863196,0.04846351,0.061485017,3.046635341,-0.024346392,0.174466493,0.030925689,0.060740415,0.049870443,0.025468663,0.064177409,3.408038189,-0.038331753,,1.589260351,1.098865708,1.022791513,1.054333442
12/19/17,0.004133463,-9.168846726,-0.366753869,-0.0474,-1.185,0.028,0.7,0.022373684,0.106550965,-0.010761401,-0.067624754,0.169202,0.02636442,0.059015495,0.060493713,0.077696061,3.048189928,-0.00242255,0.184180976,0.029194172,0.064726137,0.062867746,0.030432574,0.082173855,3.440494028,-0.010885659,,1.586366154,1.128478897,1.027203128,1.052999696
12/26/17,-0.00140943,-1.432754278,-0.057310171,0.04748,1.187,0.112,2.8,0.066872727,0.057741789,0.197642622,0.193123621,0.196173,0.029466185,0.065879446,0.065975076,0.084059809,3.10217348,-0.015132037,0.221073791,0.033471912,0.073747831,0.069367679,0.03363999,0.089397181,3.470508764,-0.017401102,,1.595008423,1.154941689,1.027398533,1.05287345
1/2/18,0.022796211,-3.579792023,-0.143191681,0.048352,1.2088,0.105515152,2.637878788,-0.006468333,0.0668451,-0.107616336,-0.079790143,0.239721,0.035288181,0.070465255,0.065696297,0.088626381,3.066802156,-0.064659849,0.26441797,0.040170901,0.079124777,0.072331196,0.035170511,0.097996244,3.376261881,-0.046378831,,1.688312506,1.174909251,1.030170479,1.059133613
1/9/18,0.019661135,0.068528414,0.002741137,0.011856,0.2964,0.04,1,0.032674857,0.058776452,0.030707555,-0.01147723,0.156066,0.026189782,0.054444427,0.061156261,0.080142869,3.055958614,-0.018917766,0.183433601,0.032330282,0.065186477,0.070332596,0.033914882,0.09216399,3.426622646,0.003137104,,1.635406587,1.125114152,1.027835355,1.050416822
1/16/18,0.010299666,-6.450484633,-0.258019385,0.003796,0.0949,-0.016,-0.4,-0.015123899,0.054625064,-0.135931393,-0.113775341,0.210654,0.030622826,0.060147358,0.065772857,0.084094612,3.076937568,-0.040155546,0.247906483,0.036831476,0.070553778,0.078393111,0.03731812,0.098850501,3.420269621,-0.011163102,,1.104885709,1.101708923,1.030406502,1.051788571
1/23/18,0.020475483,-1.374389172,-0.054975567,0.00226,0.0565,-0.002666667,-0.066666667,0.007185185,0.074297981,0.010714246,-0.031327361,0.159862,0.027300889,0.051350305,0.057169108,0.072210022,3.06833863,-0.058242085,0.190697777,0.032455949,0.059575341,0.067542212,0.031291906,0.084233051,3.393508486,-0.037966531,,1.105275456,1.074583238,1.025036741,1.047787888
1/30/18,-0.042935297,-4.319082081,-0.172763283,0.043044,1.0761,0.006666667,0.166666667,0.067079592,0.086399484,-0.164938182,-0.069641904,0.17134,0.027600841,0.057189869,0.048642058,0.061996321,3.042567353,-0.096577787,0.202186564,0.032979831,0.065239344,0.057650282,0.028090112,0.072397231,3.33031065,-0.08187785,,1.117229514,1.107760713,1.023847673,1.047480781
2/6/18,-0.054981832,-2.562034369,-0.102481375,0.214684,5.3671,0.088666667,2.216666667,-0.026676923,0.060726267,0.020370137,-0.050078721,0.145186,0.028055783,0.046990569,0.049780438,0.060617076,2.99888734,-0.188425227,0.158199007,0.033771018,0.056845077,0.059486065,0.025784331,0.071144489,3.291159098,-0.156727169,,1.175433418,1.093247761,1.018799577,1.048167937
2/13/18,0.040781336,-6.550115824,-0.262004633,0.012848,0.3212,0.029454545,0.736363636,0.092600521,0.067250699,0.022970564,-0.060409711,0.158516,0.033952627,0.057183533,0.055699082,0.065815555,3.037492157,-0.041626117,0.188962957,0.039289622,0.068212807,0.064464358,0.026499238,0.075098602,3.31235214,-0.030028311,,1.148760318,1.095447745,1.021289632,1.054153913
2/20/18,0.003580009,-2.469778717,-0.098791149,-0.003068,-0.0767,0.005333333,0.133333333,-0.017112834,0.065925564,0.078001187,0.027159487,0.171625,0.032796802,0.058781194,0.064392405,0.07509524,3.007722083,-0.058279012,0.209060297,0.040193131,0.073641324,0.075476756,0.029260425,0.086991583,3.319545885,-0.048565942,,1.126847207,1.07542428,1.020270915,1.052626955
2/27/18,-0.031458477,-6.442794681,-0.46019962,-0.046328571,-0.6486,-0.014285714,-0.2,0.078315882,0.072564744,-0.036883689,-0.015041356,0.178797,0.034697114,0.060551224,0.062680671,0.072659914,3.02552308,-0.055707811,0.221387339,0.042469394,0.07568614,0.074033615,0.031251975,0.08492644,3.347678752,-0.038713759,,1.095355563,1.0596979,1.021076357,1.054416222
3/6/18,0.031484377,0.047489345,0.001899574,0.060812,1.5203,0.028,0.7,0.010957895,0.063027629,-0.008334008,-0.007070272,0.087207,0.020047554,0.035222166,0.053953082,0.05961545,2.966944878,-0.073243127,0.135089116,0.027280043,0.049303327,0.063184591,0.024289761,0.068745478,3.262081778,-0.076240931,,1.122808638,1.072619784,1.017352486,1.046462238
3/13/18,-0.015602583,-7.1211465,-0.28484586,-0.014164,-0.3541,0,0,0.007611765,0.060489469,-0.060534522,-0.059082383,0.093946,0.022239421,0.035265945,0.053521008,0.062708446,2.951037071,-0.163041179,0.122134485,0.027694762,0.047107016,0.061117488,0.0210692,0.070379668,3.252969651,-0.168665518,,1.086918308,1.034251939,1.015127969,1.044857201
3/20/18,-0.060056006,-9.177388608,-0.352976485,-0.034324,-0.8581,0.03974026,0.993506494,-0.056179899,0.067486084,-0.041463207,-0.111037637,0.044771,0.012869773,0.01916662,0.040455708,0.043500859,2.899944432,-0.191180767,0.08119815,0.018695448,0.031275607,0.045499099,0.01522374,0.048634431,3.134970334,-0.188742836,,1.102606466,1.044504078,1.012145545,1.03634126
3/27/18,0.003541027,-5.636770308,-0.225470812,-0.039492,-0.9873,0.004,0.1,-0.054498876,0.055429626,-0.076129422,-0.085043698,0.109525,0.022253568,0.037009942,0.042339787,0.051853647,2.971561518,-0.182557448,0.130531146,0.027566456,0.048013833,0.047883501,0.016623459,0.057546216,3.279757855,-0.205113807,,1.076229249,1.046368159,1.012969674,1.043235522
4/3/18,0.016695107,1.072798789,0.042911952,0.035872,0.8968,0.049954545,1.248863636,-0.002335404,0.074896172,-0.122753833,-0.114086325,0.140061,0.025304431,0.043994485,0.052824866,0.06481011,2.952466849,-0.151180592,0.176613635,0.031485434,0.056993166,0.060539694,0.020320483,0.073223365,3.265892395,-0.159515478,,1.073310166,1.037618185,1.016533694,1.044671053
4/10/18,0.017544234,-1.585594177,-0.063423767,0.023436,0.5859,0,0,-0.004220606,0.075056553,-0.160264634,-0.244622289,0.238692,0.042323961,0.073905953,0.061353816,0.073203531,2.992869615,-0.139333224,0.263862138,0.045807716,0.082193813,0.068003733,0.02344387,0.079818059,3.302580294,-0.147038699,,1.122139614,1.054862426,1.019633961,1.048492627
4/17/18,0.004202275,-3.14078325,-0.12563133,0,0,0,0,-0.007910363,0.076063765,0.044087743,0.004343169,0.200766,0.039803109,0.068777985,0.054669662,0.064256285,3.02962533,-0.174467163,0.231559404,0.042879356,0.076571155,0.061085886,0.021062021,0.069602421,3.322679832,-0.172541631,,1.130840417,1.096663885,1.016545073,1.049330106
4/24/18,-0.006241982,-6.900592506,-0.2760237,-0.067444,-1.6861,0.023333333,0.583333333,0.048621637,0.081745177,-0.142200242,-0.132593296,0.247579,0.044046716,0.076670493,0.064322177,0.077121444,3.050526414,-0.159200634,0.273847086,0.04668504,0.083741443,0.070061791,0.025118705,0.080521968,3.353824275,-0.139949902,,1.132834452,1.093704381,1.02043053,1.051988042
5/1/18,-0.002006388,-2.192433119,-0.087697325,-0.081012,-2.0253,0.02,0.5,0.05844491,0.08603713,0.037286368,-0.002191528,0.1964,0.045707223,0.075407374,0.067024353,0.074549758,3.05996714,-0.16867187,0.232286771,0.048380073,0.081603461,0.072275986,0.02574935,0.079408979,3.340011865,-0.156115217,,1.239099489,1.137800813,1.02177117,1.05654717
5/8/18,0.022901055,2.587082207,0.103483288,0.0262,0.655,0.01,0.25,0.046183246,0.0884018,0.049968299,-0.08656433,0.189359,0.042075493,0.076653204,0.064918132,0.071442871,3.03713841,-0.206373543,0.228613254,0.046955228,0.085872877,0.071738297,0.022887054,0.078458102,3.313051483,-0.214303999,,1.219405631,1.119860502,1.01929813,1.052746113
5/15/18,-0.004696726,1.575307369,0.065637807,0.041383333,0.9932,0.066666667,1.6,0.002731088,0.086785521,-0.10741636,-0.095142215,0.178611,0.039103586,0.07447049,0.06069054,0.066219074,3.055997289,-0.16131846,0.232477787,0.045366517,0.086736272,0.070690107,0.020247894,0.076411754,3.312026578,-0.176067695,,1.145958317,1.115904114,1.016860554,1.050335071
5/22/18,0.001535162,2.708824039,0.108352962,0.018352,0.4588,0.0064,0.16,-0.021034239,0.075215026,-0.075520758,-0.058178634,0.225076,0.045777623,0.081690096,0.062210904,0.06701827,3.019691642,-0.209452026,0.273871635,0.051864415,0.093573469,0.070815611,0.019680301,0.075878533,3.378571259,-0.220074059,,1.152995518,1.05908293,1.017385608,1.057937506
5/29/18,-0.004785021,-5.875181496,-0.23500726,0.058212,1.4553,-0.012,-0.3,0.025211875,0.076561427,-0.086734716,-0.165154866,0.193539,0.049836062,0.088865268,0.063425585,0.070977885,3.029115909,-0.211729457,0.233135265,0.052535991,0.095551102,0.068499621,0.02244924,0.073892595,3.340343384,-0.23554402,,1.145112739,1.060129077,1.018466446,1.057984727
6/5/18,0.026912061,-3.076712191,-0.123068488,0.009052,0.2263,0.01,0.25,0.08868866,0.099130094,0.067840306,0.01797118,0.195703,0.050053427,0.090274928,0.054671053,0.061261808,3.077140707,-0.228035949,0.27713548,0.059199219,0.108643552,0.067551683,0.022801177,0.075303428,3.394669072,-0.245356528,,1.125516311,1.082088682,1.017916413,1.060900175
6/12/18,-0.009009393,-3.805849552,-0.152233982,-0.019088,-0.4772,0.028,0.7,0.070189848,0.058565326,-0.069677618,-0.004973303,0.187843,0.048740614,0.089737727,0.058368851,0.066280681,3.091377587,-0.148093246,0.254503208,0.056528521,0.104792841,0.067768923,0.024635124,0.076906252,3.48319992,-0.129430986,,1.124724897,1.065451801,1.016281354,1.063344928
6/19/18,-0.020731145,-2.484293997,-0.09937176,-0.052408,-1.3102,0.048,1.2,0.011953927,0.075054333,-0.052903409,-0.081735158,0.176795,0.05260208,0.092213542,0.055946282,0.062991942,3.094386599,-0.08056259,0.24283826,0.060783075,0.108404031,0.064834303,0.025158728,0.07277458,3.461436804,-0.064973495,,1.143698886,1.068590123,1.016449322,1.067445593
6/26/18,-0.012750804,-5.121391296,-0.204855652,0.003904,0.0976,0,0,0.010522086,0.096986795,-0.012544195,-0.060321445,0.200643,0.045773219,0.088463509,0.054597342,0.060268623,3.043553754,-0.095197719,0.244894676,0.052299962,0.103139806,0.058139999,0.023624604,0.064967352,3.436382474,-0.10614271,,1.065734016,1.037226996,1.019858917,1.06109222
7/3/18,0.00756732,-8.632609665,-0.345304387,0.063788,1.5947,0.02,0.5,0.077327381,0.077410557,0.047568713,0.052061098,0.175379,0.040693355,0.073793289,0.04441639,0.051873449,3.034776239,-0.177757862,0.210712542,0.045826948,0.086191753,0.045797776,0.017526362,0.054398991,3.410346083,-0.203673422,,1.049060195,1.057372863,1.016846801,1.05938856
7/10/18,0.022499731,0.715794623,0.028631785,0.100224,2.5056,0.037,0.925,0.115247647,0.059693813,0.043336733,0.001225726,0.322877778,0.048005066,0.092532023,0.044670903,0.05576102,3.077827124,-0.275925157,0.342149908,0.047014692,0.091504536,0.043105276,0.01594115,0.052819644,3.361371082,-0.290769722,,1.041112382,1.047909632,1.018407475,1.064448888
7/17/18,0.001544809,-0.118584752,-0.00474339,0.023284,0.5821,0.006,0.15,0.026026286,0.078880305,-0.058002599,-0.05334842,0.286887,0.04659419,0.090330297,0.044747721,0.055302965,3.114697829,-0.239583651,0.31445185,0.046671726,0.091019441,0.043526601,0.015689974,0.052819428,3.377022206,-0.250613061,,1.047472404,1.0529539,1.017278815,1.061750978
7/24/18,0.015439043,-4.201804936,-0.175075206,-0.053470833,-1.2833,-0.033333333,-0.8,0.024069182,0.064310366,-0.107475944,-0.180188082,0.36631,0.059149266,0.11132796,0.04987799,0.059042252,3.147333629,-0.136444188,0.400368729,0.060459001,0.115054982,0.048432856,0.017945327,0.057606867,3.471866375,-0.137207562,,1.031991586,1.044808333,1.022023242,1.072416527
7/31/18,0.000452429,-12.37712026,-0.562596375,-0.059427273,-1.3074,-0.090909091,-2,0.027459459,0.077515819,-0.13447633,-0.223301945,0.403387,0.064042526,0.122384824,0.053126938,0.062708235,3.188332848,-0.081450855,0.452839862,0.068311871,0.131643702,0.054401452,0.019291619,0.064209789,3.580734521,-0.08070804,,1.034433095,1.056997477,1.021066384,1.074643384
8/7/18,-0.005903653,-6.461393356,-0.293699698,-0.047945455,-1.0548,0.022727273,0.5,-0.016491837,0.067657692,-0.000713104,-0.135149768,0.463052,0.07278313,0.136891901,0.051967662,0.064600541,3.17198972,-0.094714997,0.503285004,0.076518174,0.145541365,0.052061418,0.020656915,0.065117871,3.521578522,-0.089661811,,1.044580545,1.043862316,1.022415065,1.083102179
8/14/18,0.013875708,-5.012688518,-0.200507541,0.036836,0.9209,0.054285714,1.357142857,0.052265823,0.092106643,-0.083670051,-0.152146374,0.472079,0.071976687,0.133315539,0.051587079,0.06431501,3.161595222,-0.119162219,0.537884169,0.079567087,0.147803363,0.049960351,0.021242229,0.061301187,3.580030964,-0.100433917,,1.064391553,1.090215843,1.022172951,1.086730005
8/21/18,0.004692841,2.614089549,0.104563582,0.060384,1.5096,0.033,0.825,-0.017276023,0.082429167,-0.011916327,-0.009197429,0.383398,0.061649335,0.114171219,0.050894807,0.066214371,3.131371805,-0.150534071,0.453163874,0.067431212,0.126778368,0.051586976,0.02296345,0.068028152,3.488243049,-0.125151931,,1.071827768,1.090288691,1.020427531,1.078474109
8/28/18,0.006719477,-3.654348791,-0.146173952,-0.028684,-0.7171,0.036454545,0.911363636,-0.036069851,0.12842835,-0.015754515,-0.522154979,0.45988,0.076212115,0.143603408,0.066715505,0.081620065,3.209008411,-0.122960625,0.511568136,0.081914334,0.154986807,0.067383627,0.031842959,0.083287337,3.587422709,-0.121402639,,1.155097464,1.161463463,1.037411667,1.092214997
9/4/18,-0.001862903,-4.585133672,-0.183405347,-0.042496,-1.0624,0,0,-0.001780357,0.065884461,0.038495743,0.015719633,0.368706,0.056113702,0.108802468,0.057060302,0.074781255,3.153010075,-0.09868854,0.418459509,0.061130679,0.119619249,0.059025351,0.02725265,0.078400056,3.56319865,-0.091923057,,1.097947178,1.118108889,1.026155244,1.074855756
9/11/18,0.009104684,-5.481542885,-0.219261715,-0.058248,-1.4562,-0.016,-0.4,0.047637895,0.087866987,0.017062369,-0.043655689,0.365087,0.060079668,0.111060161,0.056994798,0.073476774,3.13377503,-0.18235649,0.432940263,0.068278435,0.126990589,0.060053752,0.031331882,0.079987754,3.465531153,-0.159281241,,1.096819667,1.113989972,1.028602301,1.073363014
9/18/18,0.022017687,-0.498068631,-0.019922745,0.016076,0.4019,0.010909091,0.272727273,0.067759341,0.100474753,0.051030162,0.085354991,0.369516,0.058999254,0.111265462,0.050082605,0.065981687,3.122219458,-0.149902931,0.444181569,0.067894545,0.128584748,0.054150875,0.027308692,0.0736524,3.502010714,-0.125924124,,1.106500658,1.115749721,1.02705539,1.079701166
9/25/18,-0.010778844,-6.512933493,-0.283171021,-0.020726087,-0.4767,0,0,-0.051459116,0.073620536,0.202793923,-0.081504127,0.323772,0.053409859,0.09954034,0.048480547,0.06645985,3.114729049,-0.190273591,0.37115125,0.059111117,0.111206164,0.050574759,0.029848748,0.071453891,3.498314785,-0.177580078,,1.11478737,1.126514001,1.028302811,1.073363707
10/2/18,-0.000425756,-7.658714473,-0.306348579,-0.027232,-0.6808,0,0,0.034822652,0.07634471,-0.002115274,-0.121657549,0.303244,0.045773998,0.087469203,0.03613507,0.052684452,3.090691325,-0.155611849,0.351431479,0.051711132,0.098949504,0.037176764,0.025917188,0.056453001,3.481201747,-0.142340123,,1.08699119,1.140985474,1.025154803,1.070354032
10/9/18,-0.043688257,-5.602413297,-0.224096532,0.014184,0.3546,-0.016,-0.4,0.119041379,0.037588594,0.197906332,0.168413345,0.221769,0.034407142,0.069747522,0.050590566,0.067645587,3.027067635,-0.201542862,0.247832373,0.038236524,0.077752839,0.050672502,0.028402722,0.06957896,3.208144838,-0.166153453,,1.109161981,1.151098485,1.022862451,1.055170079
10/16/18,0.004101109,-1.43749851,-0.05749994,0,0,0.01,0.25,-0.010311386,0.080905706,0.004000096,-0.042085369,0.16664,0.032110086,0.060440821,0.045854262,0.064040527,3.062502242,-0.185690392,0.179920684,0.03524771,0.067094096,0.047646924,0.026604243,0.068442303,3.395277157,-0.14615958,,1.493235189,1.20162175,1.02467577,1.055750579
10/23/18,-0.030622995,-4.638261855,-0.185530474,0,0,-0.022222222,-0.555555556,0.007243169,0.070725212,0.003788417,-0.226339826,0.251739,0.042436114,0.078146578,0.041287592,0.058279669,3.025656698,-0.121154794,0.279652913,0.046363397,0.086844222,0.041840735,0.026021209,0.061098216,3.355442353,-0.069232386,,1.133959004,1.1914022,1.02480422,1.066428227
10/30/18,0.023051083,-7.978427589,-0.319137104,-0.068844,-1.7211,-0.016,-0.4,-0.052768553,0.043175923,0.204694295,-0.162117785,0.121001,0.031464668,0.059748367,0.033840256,0.048013926,3.013728991,-0.188389329,0.150245536,0.036638801,0.069926533,0.035770254,0.023246691,0.052323942,3.413299611,-0.157983171,,1.051259495,1.142174549,1.019838762,1.065089163
11/6/18,0.027644838,-12.67923164,-0.507169266,-0.017616,-0.4404,0.004,0.1,0.02768383,0.112025905,0.00196335,-0.17787992,0.149543,0.030415425,0.056986454,0.03462155,0.047114742,3.01106826,-0.15062757,0.183556519,0.035415299,0.066876345,0.036505184,0.023670009,0.051460336,3.424518198,-0.127809129,,1.06003368,1.178951552,1.019374327,1.06072757
11/13/18,-0.022668517,-14.88202178,-0.595280871,-0.007548,-0.1887,-0.008,-0.2,-0.004120225,0.057442504,0.20131895,-0.064866108,0.204913,0.038443008,0.067661929,0.040185341,0.056172955,3.009966072,-0.191494577,0.254964533,0.046031575,0.081665015,0.042353415,0.026902214,0.061086385,3.479322793,-0.172642325,,1.099134663,1.156882165,1.026090869,1.068467548
11/20/18,-0.046416549,-2.772451162,-0.110898046,0,0,-0.041333333,-1.033333333,0.008131443,0.064536728,0.009790904,-0.197087607,0.186295,0.044178255,0.076577912,0.034834244,0.050332065,3.048187716,-0.15752873,0.233529652,0.052206566,0.091206178,0.036308675,0.02617791,0.054927247,3.489960258,-0.133131244,,1.140199543,1.17851128,1.025168582,1.075902756
11/27/18,0.049044069,-10.13905764,-0.405562305,0.086204,2.1551,0.137333333,3.433333333,0.001864626,0.076858522,0.000798694,-0.193636689,0.240452,0.048794507,0.084450828,0.050279422,0.062817719,3.086991074,-0.132003471,0.277239084,0.056472633,0.098340489,0.055705298,0.032130503,0.07118731,3.499358114,-0.103273125,,1.208660564,1.174145517,1.032527832,1.076354386
12/4/18,-0.04713241,-0.162430882,-0.006497235,-0.051768,-1.2942,0.005454545,0.136363636,-0.005678421,0.062310251,-0.062879785,-0.153954933,0.260505,0.049949181,0.092262619,0.062860034,0.078372268,3.174101638,-0.091446281,0.295307729,0.056308127,0.103480755,0.066342146,0.035379202,0.084536918,3.545798386,-0.075559356,,1.217460894,1.217013381,1.031484412,1.072637575
12/11/18,-0.011968211,-7.072806358,-0.336800303,0.049514286,1.0398,0.003174603,0.066666667,0.054846703,0.123927963,0.08343347,0.012998267,0.223617,0.038078079,0.072693263,0.047821116,0.062312039,3.098456061,-0.186418901,0.271971874,0.044878018,0.08284912,0.052279077,0.028801575,0.068351963,3.298360061,-0.177488456,,1.124561354,1.212602881,1.022213833,1.061300794
12/18/18,-0.07374082,-8.162529647,-0.627886896,-0.051053846,-0.6637,-0.061538462,-0.8,-0.006439181,0.067144183,-0.15122148,-0.134641299,0.369049,0.058110028,0.119648031,0.06854941,0.075458023,3.221460436,0.030611337,0.405283899,0.06351145,0.126407119,0.070439969,0.031761002,0.079052366,3.453181561,0.019082208,,1.135946898,1.204427785,1.024592769,1.074442545
12/25/18,0.026754804,-3.166994154,-0.126679766,0.036688,0.9172,0.008,0.2,0.003588525,0.062371411,0.037300916,0.094432317,0.500869,0.080803365,0.166847933,0.095083965,0.117004313,3.38659563,0.126450233,0.514847168,0.08296283,0.165235562,0.095744662,0.046008808,0.116904246,3.531498252,0.091006075,,1.26816075,1.304761893,1.03567076,1.091013957
1/1/19,0.015822023,-6.962197661,-0.278487906,0.068628,1.7157,0.09369697,2.342424242,-0.04011358,0.071361261,-0.0372464,-0.208734076,0.470308,0.079893806,0.161104968,0.090884375,0.115591172,3.370153626,0.055558871,0.486219797,0.082653865,0.15919596,0.090987806,0.043357064,0.114077096,3.49628205,0.019079633,,1.282272106,1.276246819,1.0312892,1.090044605
1/8/19,0.023453541,-1.118124485,-0.044724979,0.00548,0.137,0.012,0.3,0.010335625,0.054845384,-0.143669203,-0.197521568,0.35611,0.055394801,0.105839684,0.056419209,0.068702062,3.161583148,-0.069010125,0.428327259,0.0657224,0.124824702,0.065086535,0.037957779,0.079326371,3.55193833,-0.067709739,,1.206422336,1.188567035,1.030834603,1.077303748
1/15/19,0.028753741,-10.58814144,-0.423525658,0.025456,0.6364,0.026909091,0.672727273,0.075884211,0.057492477,0.183903096,-0.115125214,0.317948,0.052375596,0.099460728,0.05952956,0.070659401,3.176071083,-0.105824831,0.396187389,0.063356928,0.119512447,0.069329642,0.036740295,0.082393889,3.560124313,-0.108142851,,1.20684922,1.19183115,1.030136693,1.075030907
1/22/19,0.00124711,6.073989153,0.242959566,0.064736,1.6184,0.026666667,0.666666667,0.00838908,0.0870493,0.180457623,-0.04749819,0.327674,0.054261966,0.099987958,0.0548208,0.065048913,3.175559664,-0.126776476,0.408037457,0.065627897,0.120397426,0.065007658,0.032905043,0.076751937,3.590319549,-0.121270615,,1.232296274,1.169879413,1.028302442,1.074265221
1/29/19,0.01303429,-5.446056545,-0.217842262,-0.01806,-0.4515,-0.034545455,-0.863636364,-0.005958025,0.058305815,0.175037521,-0.19357987,0.322089,0.053109544,0.093517487,0.055546521,0.061943823,3.170212967,-0.118607416,0.373922096,0.061265455,0.108684058,0.065465143,0.03224313,0.072933115,3.533614771,-0.116932789,,1.114475961,1.166937975,1.028691536,1.079801541
2/5/19,0.00169041,-1.195227623,-0.047809105,0.224208,5.6052,0.133333333,3.333333333,-0.007863291,0.059382394,0.175855938,-0.006332223,0.364514,0.054510786,0.100572745,0.051336463,0.058099914,3.137603653,-0.13580322,0.422756555,0.061571542,0.114459541,0.062261405,0.029133957,0.070152329,3.571242734,-0.127258391,,1.136257308,1.157033852,1.026758818,1.075297983
2/12/19,0.030016323,-1.242303431,-0.049692137,0.045592,1.1398,0.008,0.2,0.03446802,0.075134239,-0.025227608,-0.064091536,0.265249,0.039280416,0.075646883,0.045792772,0.050301404,3.148777954,-0.138772408,0.316748709,0.047533655,0.090466988,0.055391495,0.027258902,0.061288177,3.555952293,-0.137757364,,1.213427602,1.146043555,1.02298913,1.064116637
2/19/19,0.005706864,-0.544209599,-0.021768384,0.028416,0.7104,0.08,2,-0.017443506,0.074846134,-0.026663292,-0.012593476,0.337787,0.050435166,0.09605369,0.060276054,0.062619145,3.126756161,-0.167369624,0.393918315,0.05902995,0.11186307,0.071298346,0.029884038,0.075109601,3.543427507,-0.175434516,,1.167867275,1.136720306,1.024883878,1.074631769
2/26/19,-0.00021094,5.037944615,0.201517785,0.02056,0.514,0,0,0.009865269,0.092159292,-0.023635041,-0.052471118,0.39665,0.060375085,0.110781952,0.067525342,0.075479182,3.171992622,-0.089980144,0.456905761,0.069799892,0.128138437,0.07886721,0.035013508,0.08787833,3.604578108,-0.095497238,,1.172475282,1.133922976,1.028290656,1.07990584
3/5/19,-0.022635543,-2.551812291,-0.102072492,-0.026632,-0.6658,0.008,0.2,-0.056610759,0.027560249,-0.021384442,-0.102857556,0.228136,0.041638174,0.075544154,0.05569795,0.06290305,3.123069071,-0.166356081,0.264651059,0.048512719,0.087650303,0.066673231,0.032877857,0.075291424,3.482371235,-0.145676493,,1.133920678,1.117720911,1.026890107,1.067039312
3/12/19,0.015421564,-0.398669362,-0.015946774,0.064788,1.6197,0,0,-0.097478919,0.072288461,-0.01922636,-0.161380819,0.312825,0.055616261,0.101373069,0.078958494,0.087405117,3.174653058,-0.031964843,0.350138026,0.06312364,0.115478741,0.092953971,0.0413877,0.103647967,3.606049305,-0.022573368,,1.109890568,1.151271792,1.030818691,1.074854518
3/19/19,-0.01358896,-1.916625321,-0.076665013,-0.032144,-0.8036,0.038464646,0.961616162,-0.006839344,0.079106244,-0.01502816,-0.156974235,0.298414,0.057757151,0.107622488,0.080963769,0.090819268,3.212595445,-0.036598943,0.360880803,0.067845868,0.126340693,0.095208656,0.04169354,0.106792175,3.69153958,-0.023717305,,1.072345687,1.163145955,1.031256601,1.073820699
3/26/19,0.016443568,-10.96778661,-0.438711464,0.011048,0.2762,0.024,0.6,-0.019630409,0.061638627,-0.011255917,-0.204369337,0.2867,0.053453966,0.104511502,0.071716275,0.081102253,3.187866179,-0.043342271,0.348697781,0.062469508,0.122211052,0.082876507,0.033958949,0.094492138,3.634041424,-0.030090178,,1.092163834,1.145353948,1.025795177,1.069688292
4/2/19,0.018781842,-13.07758635,-0.523103454,-0.017616,-0.4404,0,0,-0.014588372,0.075603348,-0.127709071,-0.180279994,0.319507,0.054425841,0.107709741,0.07983678,0.088732329,3.191791179,-0.075280933,0.368826085,0.062814607,0.123729673,0.092100551,0.038035299,0.10279567,3.619699044,-0.073319703,,1.096056824,1.153178624,1.029005184,1.069504777
4/9/19,-0.000480458,-9.164341509,-0.416560978,0.040036364,0.8808,-0.039393939,-0.866666667,0.061519767,0.082447093,-0.081711722,-0.138477553,0.275178,0.049617712,0.09815334,0.076264012,0.087998508,3.184120409,-0.131184544,0.320650182,0.057316925,0.113269149,0.088985892,0.037707793,0.102433098,3.640783994,-0.154359004,,1.172927848,1.123818722,1.025354407,1.071340533
4/16/19,0.008402382,-1.209847987,-0.048393919,-0.03904,-0.976,-0.011878788,-0.296969697,0.020273418,0.084052024,0.022267236,0.009692488,0.282247,0.048182358,0.096754779,0.065025506,0.07577833,3.16293382,-0.083668705,0.312005906,0.053853008,0.108583372,0.07600812,0.031454715,0.088057812,3.567685351,-0.077611247,,1.170565838,1.104651015,1.023018177,1.073461805
4/23/19,0.004936457,-1.884216368,-0.075368655,0.01354,0.3385,0.056,1.4,-0.051683626,0.072258843,-0.169849158,-0.272309488,0.247004,0.051004479,0.099564975,0.077551604,0.089392971,3.149802835,-0.081375436,0.283775216,0.056369051,0.111442233,0.090052483,0.038029056,0.103148053,3.592291859,-0.078646789,,1.157975921,1.104736727,1.027499091,1.073180477
4/30/19,-0.001448031,-7.7217592,-0.308870368,-0.015884,-0.3971,-0.016,-0.4,0.035993989,0.095636363,-0.11322155,-0.097048071,0.304873,0.053527917,0.105998505,0.086670541,0.100608675,3.148349305,-0.065582775,0.34870188,0.059809361,0.119145681,0.09972463,0.041817948,0.11568882,3.595861406,-0.059188319,,1.176667665,1.140738143,1.033275194,1.078245692
5/7/19,-0.02168576,-3.763225615,-0.150529025,-0.043628,-1.0907,-0.013,-0.325,0.024255,0.066826943,-0.009016604,-0.047498489,0.285036,0.048375621,0.102346942,0.087662817,0.100998328,3.126239241,-0.005071158,0.335017348,0.060080552,0.121536811,0.102922336,0.044293106,0.117112445,3.55755595,0.023085983,,1.168140232,1.147286688,1.036674714,1.073309639
5/14/19,-0.006923226,-10.15985411,-0.406394165,0.037728,0.9432,0.064,1.6,-0.007502793,0.085748055,-0.096725453,-0.154442773,0.310011,0.052117307,0.102177366,0.073276619,0.081319669,3.154734075,-0.018715735,0.348956977,0.057574448,0.113439747,0.086529624,0.03578035,0.095977874,3.584572004,-0.004812132,,1.393772902,1.356266436,1.029759502,1.072479924
5/21/19,-0.00696913,-1.910124242,-0.07958851,0.01835,0.4404,-0.016666667,-0.4,0.054310303,0.088634253,-0.133107621,-0.11400025,0.318741,0.059058071,0.109420417,0.081092925,0.086368819,3.123083481,0.036225646,0.343225285,0.063591071,0.119510073,0.093327831,0.040418064,0.099116758,3.548140821,0.02003855,,1.409672042,1.363983986,1.031612299,1.079733804
5/28/19,-0.031055763,-7.185365319,-0.399186962,0.001883333,0.0339,0.005555556,0.1,0.020687013,0.066144082,-0.021170024,0.003727108,0.252172,0.049451606,0.092873599,0.075053246,0.080238393,3.105139205,0.028012223,0.288587749,0.055855134,0.104924804,0.085911055,0.036792475,0.091067645,3.457789406,0.003401734,,1.270231896,1.359495684,1.033352914,1.068322982
6/4/19,0.044985479,1.957336128,0.078293445,0.021068,0.5267,0.012,0.3,-0.03508956,0.061832299,-0.002256084,-0.071353552,0.236157,0.043109406,0.079539136,0.06981944,0.076547641,3.090615668,0.058073454,0.258481177,0.048318808,0.089175407,0.079601272,0.036578207,0.086568808,3.450405628,0.047436822,,1.461685519,1.403350913,1.031389404,1.05991698
6/11/19,0.004050271,-8.443995416,-0.337759817,-0.031364,-0.7841,-0.043083333,-1.077083333,-0.032546951,0.075923625,-0.003657999,-0.09994136,0.27132,0.039159601,0.075968905,0.054973174,0.058210755,3.095474186,0.054716688,0.323430608,0.047402814,0.092723458,0.067159812,0.029294719,0.070325157,3.400810296,0.065695307,,1.451197057,1.37816837,1.02617133,1.053955449
6/18/19,0.023560647,4.11702919,0.164681168,-0.01954,-0.4885,0.032,0.8,-0.020403012,0.091953929,-0.005296496,-0.037851825,0.288691,0.052130253,0.087270374,0.053878736,0.064242858,3.118453414,0.141558179,0.329515613,0.05687875,0.097027117,0.063057016,0.032504959,0.073302955,3.414612182,0.161091737,,1.524063756,1.402461284,1.027901178,1.067138184
6/25/19,-0.004480082,-4.98500967,-0.207708736,0,0,0,0,-0.006972,0.059454439,-0.00605905,-0.117185132,0.315604,0.048886921,0.089370705,0.056489761,0.065948353,3.14734273,0.126624974,0.356978547,0.055456646,0.100681318,0.066275571,0.033982676,0.075609695,3.473504957,0.137355834,,1.479586211,1.415227155,1.031076263,1.063115592
7/2/19,0.011966368,-7.066942513,-0.282677701,0.020424,0.5106,0.024,0.6,0.067516766,0.061068588,-0.010492399,-0.088343521,0.371669,0.050063994,0.090729761,0.051494977,0.060763355,3.150129043,0.10943057,0.414985368,0.056417098,0.102219183,0.060708727,0.032299643,0.070157243,3.466387692,0.117455736,,1.493694658,1.414946745,1.029654087,1.060169991
7/9/19,0.014997422,-10.20344669,-0.408137867,-0.05044,-1.261,0.012,0.3,0.031905233,0.088168961,-0.014203923,-0.0275953,0.333615,0.054392546,0.092421134,0.040941632,0.045073135,3.135924889,0.0611363,0.392554824,0.062655132,0.106264926,0.051318472,0.032625618,0.05548647,3.484810643,0.079466998,,1.485212124,1.414000239,1.036879586,1.06380137
7/16/19,-0.006548895,-4.088837802,-0.163553512,0.004232,0.1058,0.006909091,0.172727273,-0.047374211,0.061287969,-0.013702752,-0.020850529,0.311978,0.044858587,0.07843469,0.029418319,0.033527188,3.093280276,0.026094302,0.351279905,0.050983631,0.088810202,0.035153146,0.026952597,0.038613536,3.444070532,0.021405266,,1.458716422,1.430174376,1.026582338,1.0561541
7/23/19,0.00140664,3.139247656,0.125569906,-0.009904,-0.2476,0.04,1,0.03666125,0.067200389,-0.014555286,-0.058216905,0.311708,0.047889483,0.084723224,0.032332557,0.040564963,3.103769317,0.027012615,0.340174393,0.052165526,0.091260443,0.036246983,0.027850787,0.043406208,3.418990684,0.011682058,,1.349398988,1.426732238,1.026758075,1.059123555
7/30/19,-0.026710958,-2.187481642,-0.087499266,0.039512,0.9878,-0.000606061,-0.015151515,-0.113459394,0.071576308,-0.0151799,-0.258468967,0.286804,0.036909662,0.070486156,0.025853614,0.032674048,3.074800752,-0.051049447,0.297899397,0.038353759,0.071853618,0.024618079,0.019795619,0.028615655,3.368960595,-0.077223821,,1.354345455,1.431411052,1.024894175,1.050907759
8/6/19,-0.007515757,-1.32869041,-0.053147616,0.01,0.25,0,0,-0.075883735,0.059035551,0.01995526,-0.006195616,0.348289,0.041582075,0.075886674,0.026587371,0.030736406,3.06038741,-0.138252873,0.356607672,0.043670864,0.077705026,0.02707006,0.018104921,0.029119548,3.286450947,-0.149893846,,1.352178602,1.413126757,1.026606413,1.054014547
8/13/19,-0.015507604,2.223491251,0.08893965,-0.022484,-0.5621,-0.013,-0.325,-0.031391275,0.074731556,-0.086217861,-0.081896278,0.387597,0.035268931,0.07177189,0.016439871,0.019643058,3.038004393,-0.160658002,0.381266431,0.03575633,0.070521912,0.015797138,0.012427979,0.016257184,3.218213969,-0.154433514,,1.331449343,1.377899804,1.017507154,1.049921021
8/20/19,-0.010032034,1.246688724,0.049867549,0.078304,1.9576,0.1,2.5,-0.016452667,0.084792729,-0.006640103,-0.064975732,0.222839,0.020843044,0.047957044,0.005432379,0.008219235,3.024346754,-0.162927127,0.216483119,0.020968354,0.045618253,0.003166729,0.010020757,0.003477358,3.19224656,-0.162754873,,1.349052403,1.381636825,1.014880838,1.038717518
8/27/19,0.029328932,-4.981909096,-0.199276364,0.019328,0.4832,-0.016,-0.4,0.034305161,0.078258662,-0.049042777,-0.097131879,0.183063,0.01826745,0.043612183,0.011628495,0.019670195,3.037565531,-0.12496309,0.174715441,0.019010095,0.043403614,0.012458871,0.009109985,0.019766009,3.235914386,-0.11308275,,1.337275953,1.386618952,1.01165116,1.041246226
9/3/19,0.014709603,-12.11293423,-0.484517369,-0.019068,-0.4767,-0.004,-0.1,-0.016091107,0.079260982,-0.047300247,-0.08133463,0.224942,0.022183145,0.052773806,0.02476175,0.035489246,3.077190997,-0.100971144,0.242118518,0.025353621,0.058134705,0.026847862,0.018281611,0.037041021,3.458733641,-0.12096204,,1.344694802,1.410676461,1.021493219,1.042747048
9/10/19,0.015505784,-9.905988812,-0.396239552,0,0,-0.002545455,-0.063636364,0.052720161,0.075128979,0.152774729,-0.076171824,0.165847,0.023216379,0.045061375,0.024799412,0.034414146,3.034543949,-0.098649499,0.170643047,0.026402652,0.047606581,0.026996218,0.019758225,0.035870532,3.341055306,-0.105236317,,1.35329293,1.413450193,1.02925971,1.049591611
9/17/19,-0.010560581,-8.422581851,-0.38284463,0,0,-0.008522727,-0.1875,0.033053684,0.087655376,-0.049804864,-0.106821119,0.111542,0.004680299,0.025391071,0.006883347,0.014151231,3.02266788,-0.160457458,0.09023942,0.002271792,0.021350803,0.009351278,0.007938043,0.01583212,3.295666068,-0.18486763,,1.291251657,1.369091096,1.006078944,1.028401121
9/24/19,-0.004281094,-1.856873989,-0.07427496,0.133476,3.3369,0,0,-0.013945902,0.06184291,0.072239265,0.045594341,0.092999,0.001992641,0.022014262,0.001634543,0.010760735,2.983521235,-0.178207372,0.067272031,-0.001380687,0.016338957,0.00512381,0.005331845,0.013330273,3.242803792,-0.203123529,,1.232266879,1.341240636,1.003355628,1.024349067
10/1/19,-0.009277211,-0.299113393,-0.01495567,0.0064,0.128,0,0,-0.022,0.052201069,-0.045846057,-0.040067319,0.149202,0.012046379,0.034749441,0.02199325,0.034905071,3.013474617,-0.124667913,0.140213499,0.011910574,0.03371981,0.026451556,0.014760304,0.038404688,3.302701939,-0.127668355,,1.2466124,1.353987397,1.018402276,1.033762018
10/8/19,0.009056707,-10.87000597,-0.434800239,0.072572,1.8143,0,0,0.010374713,0.035615777,-0.13233742,-0.08272466,0.071847,0.000502073,0.016174795,0.018500032,0.028653717,2.956760707,-0.221060278,0.061571354,0.00151876,0.016327578,0.02271803,0.014201585,0.031256833,3.152073342,-0.209417423,,1.022713472,1.159362697,1.019914991,1.031408831
10/15/19,-0.001732897,-10.86750925,-0.43470037,0,0,0,0,0.012860571,0.082477141,-0.040494686,-0.070846834,0.193619,0.020951199,0.053124242,0.033574794,0.043736881,3.05180373,-0.146405866,0.193897551,0.021865186,0.055630879,0.039028298,0.022776443,0.048373705,3.313031623,-0.151977161,,1.034613744,1.097833373,1.022911971,1.042834755
10/22/19,0.006968602,-9.254698873,-0.370187955,0.017616,0.4404,0.041454545,1.036363636,0.011409375,0.063407707,-0.12994113,-0.132601895,0.093873,0.010036346,0.033226919,0.039565016,0.047937415,3.01811536,-0.167483974,0.097974335,0.011710979,0.037316265,0.04764106,0.021598023,0.055214514,3.275528904,-0.163381611,,1.029304916,1.123468701,1.020634541,1.033756882
10/29/19,0.014235378,-6.991061449,-0.279642458,-0.03904,-0.976,0.008,0.2,-0.043836413,0.058924758,-0.122327286,-0.136092006,0.137142,0.019988189,0.047988251,0.049739942,0.056602488,3.041199957,-0.137484347,0.140018227,0.022106012,0.052159516,0.057860512,0.02570488,0.063326387,3.295877329,-0.1361021,,1.02286697,1.129585661,1.029248713,1.047442354
11/5/19,0.012061598,-7.483057141,-0.299322286,-0.011496,-0.2874,-0.036666667,-0.916666667,0.003836095,0.050154673,0.008698051,-0.00152912,0.275293,0.038199473,0.098379468,0.07141522,0.081521592,3.18004017,-0.095451386,0.27304379,0.038394201,0.098415441,0.079452083,0.030253012,0.088754625,3.363430872,-0.094925794,,1.068424463,1.125076158,1.032414844,1.067767155
11/12/19,0.01155691,-5.681475937,-0.227259037,0.011492,0.2873,0.021333333,0.533333333,-0.049027072,0.057917352,-0.194270583,-0.181303689,0.175111,0.034379177,0.076030245,0.071935243,0.081668573,3.115259614,-0.170825682,0.185537364,0.035222299,0.080719672,0.081002639,0.033046105,0.089759805,3.305056633,-0.165038367,,1.053391432,1.136606373,1.03364968,1.066336156
11/19/19,-0.004637386,-9.409664035,-0.376386561,0.014244,0.3561,0.014666667,0.366666667,0.062072159,0.085678228,-0.02127278,-0.167042962,0.175987,0.035295034,0.073532657,0.080310439,0.091358144,3.105913294,-0.101865271,0.198440909,0.037045412,0.079764703,0.091441377,0.037043063,0.102164805,3.286079477,-0.101279172,,1.017027707,1.133695848,1.026269251,1.058457626
11/26/19,0.006266708,-5.338243604,-0.213529744,0.021068,0.5267,-0.014666667,-0.366666667,0.038649432,0.080576534,-0.033103788,-0.150802541,0.195882,0.025887424,0.064593202,0.077164829,0.089078567,3.080135566,-0.103869627,0.231511299,0.029592411,0.07588264,0.08963688,0.036861111,0.10172576,3.317433665,-0.083748059,,1.170506389,1.10095055,1.026739058,1.049223688
12/3/19,-0.001297516,-8.505296946,-0.340211878,0.045752,1.1438,0.030666667,0.766666667,0.057816149,0.073300266,0.079208308,-0.023852414,0.214194,0.035111035,0.078773686,0.083827514,0.096455574,3.127672775,-0.09739463,0.237478587,0.038101505,0.088035929,0.095441162,0.038428101,0.108526248,3.376659282,-0.074876869,,1.06163093,1.122588305,1.031710491,1.059465014
12/10/19,0.004276466,-7.146196008,-0.28584784,-0.032068,-0.8017,-0.002545455,-0.063636364,0.007867284,0.07120705,-0.163866155,-0.160171078,0.219151,0.041881524,0.0990841,0.084272345,0.098830425,3.171663676,0.033927474,0.227880669,0.04095648,0.099679527,0.092104062,0.034441531,0.108297942,3.295140761,0.031987579,,1.079925738,1.140309519,1.027416145,1.058856971
12/17/19,0.0112356,-9.750225127,-0.390009005,0.021068,0.5267,-0.016,-0.4,0.036184667,0.07920072,-0.164525614,-0.214673389,0.268945,0.052500828,0.116701704,0.085260529,0.099370392,3.199409886,0.046242726,0.318305206,0.056197257,0.127274626,0.097421401,0.037654782,0.114518159,3.412234321,0.069350064,,1.127587322,1.146211262,1.029782807,1.058093812
12/24/19,0.006638795,-13.82345468,-0.552938187,0.012796,0.3199,0.0095,0.2375,0.1336504,0.087785142,0.183923739,0.088995062,0.285731,0.051603251,0.120603825,0.094221725,0.107999704,3.198695712,-0.00336899,0.34197317,0.055615898,0.131071407,0.107712605,0.041999615,0.123929724,3.421018177,0.001999171,,1.088159989,1.193724247,1.03748654,1.055065318
12/31/19,-0.000362495,-10.9931367,-0.439725468,0.012876,0.3219,0.015954545,0.398863636,0.046561404,0.089688979,0.070490876,0.091081069,0.385061,0.067971243,0.154437778,0.108192626,0.132727961,3.301214336,0.162443209,0.436174225,0.069784718,0.160067482,0.117433666,0.047019597,0.142811456,3.430805153,0.164522692,,1.239830043,1.228015694,1.034026338,1.072449034
1/7/20,0.006553272,-8.789302588,-0.351572104,-0.023976,-0.5994,0.012,0.3,-0.059322222,0.054930465,-0.035124602,-0.131172753,0.251766,0.045118425,0.085395681,0.079014745,0.090763711,3.083263608,-0.074003355,0.320888473,0.053610531,0.104769078,0.096873319,0.038666208,0.111035743,3.446365688,-0.061089273,,1.08775329,1.095361156,1.027590969,1.059121332
1/14/20,0.017865893,-8.155141771,-0.326205671,0.067296,1.6824,-0.024,-0.6,0.050230409,0.100078163,0.092987826,-0.01721829,0.215858,0.042254412,0.080510374,0.081297023,0.09455711,3.085751917,-0.104733192,0.270145956,0.048575991,0.094843303,0.096071827,0.041828463,0.112782955,3.399500513,-0.104167513,,1.071215101,1.105481902,1.027558366,1.059132534
1/21/20,-0.012361964,-3.329482317,-0.133179293,-0.052236,-1.3059,-0.028,-0.7,-0.044825568,0.087941878,-0.109310224,-0.138274139,0.255597,0.04849117,0.090684932,0.086387886,0.103464199,3.099629373,-0.116679299,0.30212587,0.053110494,0.100763376,0.097866944,0.043763944,0.118012977,3.320663566,-0.114725537,,1.062897855,1.077027554,1.030761626,1.061611595
1/28/20,-0.025966139,-10.52054709,-0.420821884,-0.148076,-3.7019,-0.002545455,-0.063636364,0.004110881,0.080637841,0.12887115,0.073214989,0.264312,0.046446006,0.092915266,0.073280892,0.087571756,3.0351445,-0.1642187,0.297238628,0.050728509,0.102257067,0.080888639,0.034921294,0.097915619,3.256103849,-0.180532558,,1.071615132,1.903747853,1.027721476,1.063416024
2/4/20,0.029086151,-8.803648293,-0.352145932,0.11988,2.997,0.070666667,1.766666667,0.005485795,0.090582444,-0.039892506,-0.196407209,0.247142,0.046975804,0.096111411,0.07197551,0.091278584,3.067600289,-0.119417603,0.273941326,0.050671587,0.104696276,0.079981832,0.036618991,0.102017054,3.272344564,-0.142038666,,1.075467933,1.084485992,1.029061149,1.060688956
2/11/20,0.010054058,-3.005879164,-0.120235167,0,0,0,0,-0.00757217,0.06286514,-0.044089021,-0.103892126,0.199536,0.039348362,0.075792389,0.071335077,0.09247645,3.046991084,-0.152397541,0.213107778,0.041700141,0.08229344,0.079067694,0.037482155,0.101284364,3.186208593,-0.183631183,,1.062895381,1.091708028,1.028317422,1.057711019
2/18/20,-0.013992283,-6.369029105,-0.254761164,0.022876,0.5719,0.037454545,0.936363636,0.002031013,0.061658906,-0.045832289,-0.021973922,0.25332,0.045459888,0.088333127,0.078356801,0.098807777,3.064915256,-0.167722626,0.266612192,0.047513041,0.09374421,0.079548321,0.039577935,0.103056327,3.272720005,-0.196870358,,1.135532516,1.106541963,1.030597198,1.063094059
2/25/20,-0.141012997,-9.041351736,-0.361654069,-0.091504,-2.2876,0,0,0.031222527,0.083694995,-0.049170323,-0.185742012,0.226717,0.042303812,0.085292061,0.069822957,0.089711063,3.027075085,-0.151031778,0.223051955,0.042386793,0.0867686,0.072118599,0.033032246,0.094362256,3.177180262,-0.193293404,,1.104337861,1.078135854,1.024840242,1.056730553
3/3/20,0.017607728,-10.49024749,-0.4196099,0.065568,1.6392,0.063166667,1.579166667,0.145436723,0.082318797,-0.054305105,-0.089435416,0.148187,0.028484294,0.06895204,0.067527168,0.087305611,2.973048487,-0.177052774,0.161167459,0.030868914,0.074765061,0.073742374,0.031926439,0.09686856,3.141164621,-0.217531306,,1.163461211,1.076918201,1.021285496,1.050286184
3/10/20,-0.115552657,-13.81355816,-0.552542326,0.043732,1.0933,0.109333333,2.733333333,0.011937278,0.047410111,-0.049683628,-0.160608407,0.041425,0.024004649,0.03884171,0.057226339,0.071126569,2.887607671,-0.195251508,0.05670114,0.027156087,0.04428145,0.063496181,0.03241015,0.079777107,3.174686708,-0.208053597,,1.111089234,1.085644238,1.024152772,1.052065142
3/17/20,-0.209223124,-8.951875687,-0.344302911,-0.017616,-0.4404,-0.004,-0.1,-0.008280349,0.081742178,-0.044929897,-0.328419104,0.157843,0.040988582,0.063902719,0.06871498,0.086867685,2.940084314,-0.272112395,0.177152683,0.04152842,0.066600848,0.074066578,0.038140675,0.093669015,3.103614196,-0.276336976,,1.114600822,1.078474911,1.026061304,1.067387747
3/24/20,0.1138247,-6.738013864,-0.269520555,0.021196,0.5299,-0.002045455,-0.051136364,-0.041238172,0.051071702,-0.043907798,-0.256806534,0.168081,0.041094952,0.071514584,0.059428028,0.081585931,2.955598134,-0.373304953,0.186799735,0.042018382,0.075327072,0.063241455,0.036456234,0.088077346,3.130927917,-0.394890304,,1.138472619,1.071740371,1.027942381,1.066352487
3/31/20,-0.027752009,-9.464674592,-0.378586984,-0.017616,-0.4404,0.02,0.5,0.034957396,0.103206912,-0.043724485,-0.315751313,0.072596,0.028471199,0.045796049,0.047515398,0.068547663,2.977262567,-0.358238401,0.099944656,0.029600772,0.049732984,0.050752387,0.031850617,0.07481713,3.234394393,-0.399620135,,1.082430477,1.078725843,1.027141087,1.053910718
4/7/20,-0.027676913,-9.328958511,-0.37315834,0.022296,0.5574,0,0,-0.011331472,0.090838345,-0.114695718,-0.1828299,0.174794,0.035852373,0.065191716,0.064408313,0.084018719,2.987582969,-0.247317148,0.176232348,0.034377171,0.06471136,0.069538939,0.033459284,0.090321159,3.242413177,-0.302383834,,1.117132852,1.063902768,1.024504746,1.05240319
4/14/20,0.131585493,-6.685454249,-0.26741817,-0.000596,-0.0149,0.072333333,1.808333333,0.00053641,0.068622137,-0.050592654,-0.244984241,0.146537,0.034515056,0.069129963,0.074608933,0.090645512,2.996217387,-0.363441842,0.171496968,0.034939754,0.072851535,0.082449301,0.035001838,0.100577508,3.212741707,-0.393914533,,1.08751818,1.039151896,1.024472439,1.050181498
4/21/20,-0.019651512,-13.70201081,-0.548080432,-0.032296,-0.8074,0,0,0.059068687,0.105302011,-0.049994087,-0.165493015,0.170073,0.03266912,0.063464494,0.07863912,0.097090417,2.999067438,-0.342341951,0.180624015,0.032006122,0.064582828,0.086686431,0.036442548,0.107501441,3.2586614,-0.393171635,,1.10217072,1.056316492,1.024408853,1.049262751
4/28/20,-0.002174198,-9.460952222,-0.378438089,-0.000708,-0.0177,0.044,1.1,0.004256354,0.087333008,-0.048421745,-0.19477273,0.174773,0.039046824,0.066233786,0.078663141,0.099497859,3.004050764,-0.409808223,0.221936247,0.045281703,0.078556025,0.089621053,0.042353138,0.112055201,3.227938432,-0.418886486,,1.068491582,1.066190392,1.032074113,1.059570054
5/5/20,0.024973162,-0.078905821,-0.003156233,0.009652,0.2413,0.024,0.6,0.026244944,0.057477494,-0.061105524,-0.151454488,0.238489,0.050032923,0.085345099,0.080865501,0.101795356,3.026287047,-0.377093022,0.265744115,0.053337926,0.093281975,0.089636357,0.040912399,0.113651018,3.301973567,-0.394791839,,1.057754825,1.143816496,1.036574764,1.067518403
5/12/20,-0.027269941,-2.773154318,-0.110926173,0.033024,0.8256,0.0565,1.4125,-0.032649468,0.043234939,-0.098257745,-0.159031332,0.258444,0.052219402,0.085495249,0.070621541,0.088330879,2.982937242,-0.37021022,0.272669718,0.054329982,0.090347224,0.078688878,0.038204569,0.099337873,3.263597388,-0.389312824,,1.064076252,1.053338401,1.031083783,1.062639362
5/19/20,0.031871445,-5.463549078,-0.218541963,0.017616,0.4404,0.032,0.8,-0.042402395,0.045253857,-0.088921658,-0.154340615,0.138951,0.037643714,0.06212471,0.068925082,0.085500175,2.968086267,-0.340325032,0.150706151,0.039442717,0.065834831,0.075869448,0.034787816,0.094793799,3.258369643,-0.363697685,,1.056087506,1.01758157,1.02883741,1.053863636
5/26/20,0.036163811,-2.624492109,-0.114108353,0.059043478,1.358,0.060869565,1.4,0.023069863,0.077617411,-0.115113322,-0.112893492,0.06644,0.026189033,0.044054798,0.056531821,0.073390988,2.931641304,-0.356440357,0.108204381,0.031795652,0.055055954,0.064202542,0.031818735,0.08276867,3.25707701,-0.392597971,,1.095703263,1.081574858,1.023526662,1.04494133
6/2/20,0.063733218,-11.19543123,-0.447817249,-0.081164,-2.0291,0.007333333,0.183333333,-0.083976647,0.078457931,-0.047624047,-0.202764466,0.1165,0.037292689,0.064505301,0.067481732,0.088997355,2.944918308,-0.315472444,0.138839459,0.041770656,0.073698838,0.075789116,0.034057823,0.099301909,3.272235199,-0.335023397,,1.898581738,1.761157494,1.027831131,1.053674889
6/9/20,-0.058793527,-10.26508343,-0.410603337,-0.005588,-0.1397,-0.027666667,-0.691666667,-0.053472121,0.049610776,-0.046026447,-0.174703086,0.211745,0.051847102,0.081819675,0.073455146,0.092819039,3.007993328,-0.284493121,0.238571901,0.058454775,0.092714699,0.082625175,0.038474337,0.104358843,3.36787768,-0.300357346,,1.8010834,1.779902431,1.032431902,1.059608882
6/16/20,0.010278508,-7.869861782,-0.314794471,-0.01,-0.25,0,0,-0.02168239,0.081110525,-0.037910779,-0.137784389,0.246502,0.056027172,0.093528498,0.070886949,0.088331057,3.036935917,-0.270480544,0.273069104,0.06090381,0.102574256,0.078416786,0.039400853,0.097867066,3.352777311,-0.29095728,,1.81427288,1.872196381,1.03491026,1.064216116
6/23/20,-0.034215118,-4.805511594,-0.192220464,0.002452,0.0613,0.005454545,0.136363636,-0.15518,0.04547573,-0.037520774,-0.311806485,0.216184,0.046837242,0.080323105,0.06851947,0.085856776,2.985914455,-0.27502354,0.244499545,0.052390056,0.090267999,0.07580305,0.035812927,0.095360783,3.303000359,-0.295274478,,1.821737703,1.865352761,1.034221835,1.055163097
6/30/20,-0.00481826,-9.629741549,-0.481487077,-0.021075,-0.4215,0.025,0.5,0.034586813,0.096546322,-0.041330492,-0.112401238,0.295093,0.055979824,0.098580802,0.075380164,0.089815422,2.991214657,-0.246366282,0.331955717,0.062923964,0.111256275,0.08465664,0.038951439,0.101301572,3.319586716,-0.264950925,,1.814547196,1.866831906,1.036609235,1.064346596
7/7/20,0.021970025,-0.234551787,-0.009382071,0.022876,0.5719,0.029333333,0.733333333,-0.016104737,0.109972866,-0.038740476,-0.060784597,0.305159,0.056855064,0.103780628,0.076201822,0.094254666,3.020902567,-0.208307107,0.339391043,0.063690143,0.116403709,0.084854018,0.038820396,0.105361276,3.336082256,-0.218003377,,1.840734035,1.88025003,1.038688144,1.064018211
7/14/20,0.022369943,-0.857430518,-0.034297221,0.003956,0.0989,0.008,0.2,-0.028159302,0.081450036,-0.029796384,-0.183479873,0.304073,0.059040405,0.098195765,0.07570355,0.081604438,2.944186343,-0.30454685,0.346530672,0.067037786,0.112965362,0.085604579,0.038438011,0.093822383,3.241092401,-0.316622419,,1.972035925,1.8829543,1.039134511,1.07111338
7/21/20,-0.007633579,-0.134058356,-0.006383731,-0.02582381,-0.5423,0,0,-0.063080337,0.019601924,-0.021245045,-0.142296535,0.198886,0.051274678,0.081949002,0.061658163,0.076201534,2.98973782,-0.3640717,0.221700138,0.058039503,0.094049244,0.068234806,0.0367113,0.084510561,3.315787387,-0.385213557,,1.830310925,1.873332834,1.038711919,1.061990177
7/28/20,-0.001572934,-5.393530786,-0.215741231,0.013116,0.3279,-0.016,-0.4,-0.021783425,0.062899279,-0.012020892,-0.166277546,0.240565,0.053647535,0.089922544,0.086324626,0.099243981,3.015907216,-0.331872211,0.277117667,0.062279512,0.105804761,0.095797834,0.041121188,0.110619344,3.355309211,-0.340979279,,1.852660835,1.915392534,1.04188818,1.061936516
8/4/20,0.036639901,-9.024408996,-0.36097636,-0.019208,-0.4802,-0.012666667,-0.316666667,-0.040065644,0.070197787,-0.299479888,-0.283094529,0.242938,0.049945692,0.089011241,0.076824989,0.090739007,2.98085667,-0.322696636,0.286445793,0.05715721,0.103150154,0.08285863,0.03499105,0.098970773,3.326862004,-0.359353838,,1.850146649,1.901340886,1.035261178,1.051908371
8/11/20,0.01781317,-10.12731081,-0.405092432,0.021068,0.5267,-0.02,-0.5,0.005599515,0.124662999,-0.093082288,-0.152871321,0.326729,0.061647292,0.11298611,0.094479594,0.109640996,2.986710123,-0.320299777,0.373390906,0.06986519,0.12973402,0.103542411,0.043722463,0.121071139,3.346411982,-0.356358467,,1.848294615,1.903565102,1.043645599,1.064909338
8/18/20,-2.47E-05,-6.033495069,-0.241339803,0.025468,0.6367,-0.005833333,-0.145833333,-0.010955172,0.091275513,-0.02569917,-0.089118209,0.31283,0.060204064,0.109092613,0.104288893,0.12330921,3.012077486,-0.357896336,0.349523038,0.068581015,0.124596892,0.113300565,0.047032227,0.134799036,3.350855532,-0.388014217,,1.85722769,1.973127081,1.045370482,1.069060588
8/25/20,0.025251039,-5.805154979,-0.232206199,-0.0136,-0.34,-0.016,-0.4,0.033121579,0.089429291,-0.116659095,-0.081615546,0.251953,0.060466663,0.107980599,0.096592811,0.116375514,3.00473431,-0.378678502,0.299844605,0.070109672,0.125883822,0.10441444,0.047891395,0.127129479,3.382254819,-0.43138067,,1.882907828,1.992552506,1.044009038,1.068066721
9/1/20,-0.018503333,-8.077736914,-0.323109477,-0.04992,-1.248,-0.022545455,-0.563636364,-0.065904372,0.078196757,-0.057269097,-0.149606412,0.215727,0.056868498,0.098684462,0.09417157,0.113101314,2.977821636,-0.407875898,0.260926553,0.066190371,0.116043683,0.102003863,0.048753761,0.123772224,3.357443664,-0.461663272,,1.902724615,2.001687365,1.045622435,1.070885148
9/8/20,-0.016904362,-4.935164869,-0.197406595,-0.0136,-0.34,0,0,-0.054424855,0.096343201,-0.169520336,-0.170468261,0.287897,0.065847155,0.115786679,0.09699055,0.113909541,2.989843642,-0.365902908,0.322824351,0.074195643,0.132119101,0.105261772,0.049349272,0.124899843,3.361423271,-0.42087048,,1.896149268,1.989902214,1.045437179,1.076991492
9/15/20,-0.000297208,-6.145311713,-0.245812469,0.070644,1.7661,0,0,-0.011220725,0.076019549,-0.116020568,-0.188482323,0.256231,0.055746302,0.101791513,0.090982901,0.105469904,2.958744951,-0.31404242,0.296113076,0.064571908,0.118549673,0.098995264,0.047630207,0.116218821,3.309046842,-0.365538381,,1.901022536,2.005105504,1.043110282,1.07098869
9/22/20,-0.017791297,-4.910005391,-0.196400216,0,0,0,0,0.013461404,0.052450896,-0.146063238,-0.158838065,0.208381,0.045188754,0.085547762,0.083790753,0.098328593,2.935705198,-0.402089787,0.241623991,0.053018922,0.100836393,0.09042866,0.041818695,0.107479757,3.268874801,-0.439837721,,1.860212749,1.99358674,1.04015014,1.063405396
9/29/20,0.018381443,-6.616291583,-0.264651663,0,0,0,0,0.042334513,0.064806309,-0.017845981,-0.109705856,0.258682,0.051713106,0.098900534,0.088017274,0.10758683,2.969763685,-0.327798579,0.273636931,0.057209611,0.108845737,0.091068011,0.042891702,0.113281758,3.232717947,-0.386220116,,1.880957921,2.030674497,1.04136862,1.073628331
10/6/20,0.031626025,1.71497792,0.068599117,0.036684,0.9171,0.032,0.8,-0.031533019,0.046974696,0.004689083,0.007777776,0.290648,0.060039353,0.106923555,0.094238281,0.114189992,2.999065236,-0.31525984,0.317943806,0.065375746,0.121097973,0.097682887,0.04708795,0.120239955,3.281099199,-0.381487477,,1.874709336,2.01352654,1.044219798,1.077665957
10/13/20,0.000678522,-9.213261306,-0.368530452,-0.0316,-0.79,-0.008,-0.2,0.06535907,0.072160934,0.003799553,-0.140517872,0.217662,0.047661881,0.093344228,0.094875321,0.113534907,3.014352599,-0.316645827,0.243371891,0.055116629,0.107626217,0.10371473,0.044988223,0.124684937,3.304220212,-0.350250417,,1.860122325,2.005728366,1.044323731,1.07515641
10/20/20,-0.009554775,-7.045709431,-0.281828377,0.084064,2.1016,0.009454545,0.236363636,-0.066210303,0.081645174,0.003672952,-0.253347825,0.236894,0.056365531,0.103328055,0.107855065,0.128136652,3.051700956,-0.217635829,0.245153007,0.060887181,0.113277265,0.114980237,0.050805344,0.138157281,3.373652974,-0.258534933,,1.877967778,2.028058572,1.045930029,1.077698168
10/27/20,-0.069202237,-6.140383005,-0.24561532,0.022876,0.5719,0.016,0.4,0.024954634,0.071408091,-0.006896221,-0.094051036,0.24036,0.057556892,0.107063296,0.104586359,0.123029174,3.03671055,-0.241056247,0.266371414,0.063222668,0.11939233,0.111878465,0.048869552,0.133280867,3.292149102,-0.264481628,,1.896453698,1.960975428,1.041556528,1.07418096
11/3/20,0.064321374,-10.9537133,-0.438148532,0.042136,1.0534,0.04,1,-0.000921088,0.215730969,0.465408116,-0.350592508,0.316678,0.068236829,0.127300319,0.115143477,0.137206667,3.072225769,-0.285607237,0.350920572,0.074710144,0.141221918,0.124366816,0.050891426,0.150003949,3.35566515,-0.330134069,,1.906146404,1.941828994,1.046949968,1.078108171
11/10/20,0.039227186,-12.01939827,-0.480775931,0.079472,1.9868,0,0,0.143919048,0.113067296,0.112293615,0.006617801,0.354018,0.074050894,0.128100916,0.107161792,0.12757031,3.103125079,-0.276678283,0.382715308,0.080351748,0.140382756,0.120132723,0.052753015,0.144098729,3.405907517,-0.323212839,,1.935891837,1.950216299,1.048392712,1.088507799
11/17/20,-0.007392491,-2.140609622,-0.085624385,0.00176,0.044,-0.014222222,-0.355555556,-0.004048039,0.061368025,-0.023252384,-0.033060697,0.256364,0.061465615,0.108273624,0.111158367,0.130996395,3.054434184,-0.357168114,0.303945832,0.069130661,0.122980776,0.121568972,0.053145966,0.143729463,3.350795601,-0.378720592,,1.933921558,1.964702862,1.04917548,1.078760191
11/24/20,0.021627616,-2.858118713,-0.114324749,0.018352,0.4588,0.006,0.15,0.054803409,0.098351472,0.000737683,0.043916033,0.269172,0.058196274,0.104027667,0.102504937,0.119830562,3.050736459,-0.318266254,0.291951198,0.06364212,0.115076735,0.114160602,0.048668006,0.13406157,3.257637871,-0.357664144,,1.939146282,1.960233806,1.042081439,1.079414876
12/1/20,0.010188873,-5.368061423,-0.214722457,0.088088,2.2022,0.062,1.55,0.111411728,0.113807694,0.065809932,0.015210632,0.314757,0.061787333,0.126891522,0.123951328,0.145247008,3.030103822,-0.190154459,0.335698945,0.066629075,0.137126919,0.133093589,0.055607133,0.154615887,3.209384766,-0.246656858,,1.909515995,2.737641824,1.050117683,1.102234086
12/8/20,-0.005720824,-7.721410275,-0.308856411,0.041216,1.0304,-0.016,-0.4,0.048823913,0.064376188,-0.161844337,-0.154814963,0.283534,0.069481608,0.132580009,0.118716353,0.14864979,3.188324882,0.06774106,0.252313221,0.06654727,0.121737364,0.117229241,0.053230193,0.14449418,3.224887583,-0.014273773,,2.062398761,2.344501703,1.050810259,1.100839999
12/15/20,0.004396427,-10.40431076,-0.416172431,0.021692,0.5423,0,0,0.08874709,0.088908561,0.035491597,0.057921964,0.432988,0.087098156,0.181606276,0.131674678,0.16306553,3.314594829,0.00640017,0.391245663,0.080682249,0.162918788,0.127144004,0.054725785,0.155220749,3.241259781,-0.101194975,,1.252102005,1.508254371,1.046022008,1.103244096
12/22/20,0.00013972,-5.602537215,-0.215482201,0.042612,1.0653,0.032,0.8,0.041400641,0.055827289,-0.094741736,-0.192015936,0.423798,0.074919307,0.156496119,0.120068095,0.141110252,3.332536066,0.006732776,0.362598172,0.066849976,0.136436214,0.11609629,0.044012589,0.133636767,3.235124792,-0.091848504,,1.251778934,1.17190419,1.031921221,1.090565517
12/29/20,0.006376559,1.776689231,0.071067569,0.001936,0.0484,0,0,-0.004484034,0.065558723,-0.087504567,-0.087660472,0.392349,0.083143779,0.192784028,0.136762116,0.161981917,3.418643878,0.042619923,0.317352403,0.069610464,0.156385624,0.124551514,0.045149843,0.144200983,3.131589794,-0.08967995,,1.548894061,1.213443476,1.038759775,1.093719636
1/5/21,0.029549196,-5.442646682,-0.217705867,0.02206,0.5515,0.061454545,1.536363636,0.00939906,0.225581551,0.501907726,-0.493122586,0.320628283,0.054100228,0.116036809,0.103927621,0.120344099,3.124800988,-0.242575759,0.344317236,0.057997338,0.122753706,0.112909161,0.048403633,0.12890033,3.271330454,-0.296003509,,1.496587493,1.556838931,1.036858374,1.076820459
1/12/21,-0.009207101,-5.114709735,-0.204588389,0,0,0,0,-0.032203302,0.05412383,-0.282440942,-0.254631201,0.267491919,0.045116484,0.094239337,0.102100138,0.122441396,3.036285713,-0.322921189,0.273684553,0.046198293,0.098519539,0.110827334,0.049018101,0.131215789,3.218168352,-0.368755161,,1.435292765,1.636322183,1.039932513,1.066262406
1/19/21,0.005894768,-10.45089698,-0.418035879,-0.014448,-0.3612,-0.02,-0.5,-0.057354737,0.054454503,-0.054506334,-0.112923724,0.245525253,0.044337786,0.085788401,0.090078204,0.106251594,2.981108233,-0.424061898,0.274203935,0.046234741,0.091271735,0.097715784,0.041429726,0.114223207,3.196086299,-0.490547479,,1.413030182,1.523549119,1.032199437,1.065196377
1/26/21,-0.0338316,-7.782973528,-0.311318941,0.008164,0.2041,-0.001212121,-0.03030303,0.032337234,0.098676236,-0.137628442,-0.006067991,0.249559596,0.044810563,0.08670618,0.096019724,0.11461206,2.989403732,-0.366468563,0.283724947,0.047019716,0.092969057,0.106343542,0.046622183,0.12560478,3.175687913,-0.436375992,,1.396530329,1.52662254,1.034901653,1.069403831
2/2/21,0.037421697,-12.86363637,-0.514545455,0.0136,0.34,0,0,0.00878877,0.078272525,-0.181488466,-0.193184673,0.263828283,0.042929734,0.084459187,0.094584815,0.113646219,2.980927629,-0.350785082,0.305379901,0.046077701,0.092009315,0.102915501,0.042719421,0.12277619,3.217551694,-0.419119885,,1.414283725,1.550344876,1.032232774,1.062948511
2/9/21,0.00985937,-6.075418591,-0.243016744,0.216808,5.4202,0.106666667,2.666666667,0.037435122,0.060133854,-0.01989284,-0.089856697,0.18550202,0.031580525,0.063896973,0.071682267,0.087655524,2.935692189,-0.404525011,0.241642127,0.038082892,0.077179675,0.080976359,0.035478726,0.098146795,3.138534779,-0.474006347,,1.383731252,1.505648756,1.025934907,1.056790737
2/16/21,0.001140523,-2.641293526,-0.105651741,0.01622,0.4055,0.042787879,1.06969697,-0.032915244,0.05255957,-0.143882004,-0.180287198,0.214679798,0.033668666,0.070331891,0.090774265,0.110643897,2.946762449,-0.366157167,0.221982214,0.034592957,0.072569475,0.094650375,0.038825461,0.114330059,3.090440424,-0.426542543,,1.371114098,1.504727208,1.030535483,1.052733205
2/23/21,-0.018167053,-6.518235147,-0.260729406,0.040824,1.0206,-0.016,-0.4,-0.116994475,0.069225892,-0.061934203,-0.086556251,0.303023232,0.043004621,0.087396391,0.099439569,0.11898393,2.985634681,-0.320852443,0.309905665,0.040993052,0.086846433,0.100801089,0.040882911,0.119563996,3.10573364,-0.371610706,,1.379915867,1.520725079,1.032122301,1.05960273
3/2/21,0.017904643,-8.709618211,-0.395891737,0,0,0.029545455,0.65,-0.023742541,0.078071215,0.034761818,-0.037836145,0.282335354,0.038294313,0.082574909,0.102555579,0.123233205,2.96483739,-0.267283813,0.291773124,0.036924954,0.082808316,0.106622338,0.039608523,0.126776405,3.114777421,-0.295557359,,1.365204412,1.492539884,1.030950527,1.054757458
3/9/21,0.039121208,-1.9690727,-0.078762908,-0.019068,-0.4767,-0.016,-0.4,-0.026171429,0.061639201,-0.106979428,-0.099852221,0.257432323,0.037827482,0.074517594,0.095375521,0.108776568,2.965712962,-0.283860477,0.280080109,0.037644422,0.078241781,0.098851763,0.038163758,0.112956651,3.122007835,-0.314456857,,1.360548272,1.500461036,1.032745644,1.056094364
3/16/21,-0.004617817,-6.713424206,-0.268536968,0.019068,0.4767,0,0,-0.033152121,0.076540251,-0.022509146,-0.098679422,0.329773737,0.038649756,0.082101672,0.097047479,0.112669425,2.986659778,-0.233036932,0.355733162,0.038494748,0.084779726,0.101347651,0.040464695,0.116984099,3.18503333,-0.246316292,,1.393231814,1.496526239,1.034327871,1.055274744
3/23/21,0.013452412,-8.252354681,-0.330094187,-0.028432,-0.7108,0.010121212,0.253030303,-0.016680628,0.08878876,-0.081411709,-0.111636791,0.352249495,0.039114888,0.083133653,0.094207609,0.107799363,2.994237737,-0.220122741,0.410301761,0.040834052,0.091979444,0.102896469,0.041142124,0.117912124,3.178439615,-0.226925149,,1.38754087,1.492180315,1.03109574,1.055940137
3/30/21,0.005622115,-0.83900553,-0.039952644,0.008838095,0.1856,0.033333333,0.7,-0.003725767,0.071481199,0.018337439,-0.115171466,0.403749495,0.053363945,0.101967231,0.105453648,0.121057824,3.021188879,-0.209056432,0.431824721,0.053628047,0.106919591,0.112630455,0.046392173,0.13045177,3.281885916,-0.194585906,,1.389058186,1.48335901,1.032264465,1.068386139
4/6/21,0.021529795,-3.785866559,-0.151434662,0.04708,1.177,0.078,1.95,-0.001597537,0.063343776,-0.152017847,-0.194116806,0.302526263,0.039570036,0.078757607,0.07144137,0.084979801,2.985478724,-0.356485892,0.339734195,0.040797586,0.085457563,0.079581082,0.032730195,0.093743081,3.175543423,-0.324281724,,1.390676579,1.478361474,1.023540405,1.05801732
4/13/21,0.011697724,3.180351019,0.127214041,-0.036616,-0.9154,-0.022,-0.55,-0.093963043,0.076776892,-0.020178843,-0.079963134,0.298080808,0.041616922,0.084737249,0.076589806,0.085490416,2.979156789,-0.239287692,0.342313998,0.04300414,0.091989337,0.08395675,0.032710793,0.093420125,3.194377329,-0.236887915,,1.376117427,1.468422007,1.026243177,1.060422741
4/20/21,-0.004617035,-7.153089762,-0.28612359,0.006208,0.1552,-0.014666667,-0.366666667,-0.001189189,0.054253268,0.019313233,-0.024270309,0.287607071,0.039486181,0.084099061,0.082131251,0.095858147,2.978577862,-0.281456457,0.347632334,0.043312696,0.09714832,0.092528368,0.039182496,0.108043559,3.246800683,-0.256359122,,1.384553245,1.434030376,1.029322678,1.05874801
4/27/21,-0.004978325,-2.11630857,-0.084652343,-0.015272,-0.3818,0.016,0.4,0.05694472,0.066160363,-0.232815693,-0.209514538,0.323770707,0.050190828,0.097538032,0.079264153,0.088736291,2.981088656,-0.30781635,0.365246856,0.051649372,0.104845301,0.086276998,0.036051101,0.096182341,3.20152799,-0.306713897,,1.410800121,1.482426173,1.027705642,1.061983739
5/4/21,0.025962282,-0.139090121,-0.005563605,0.008228,0.2057,0.004,0.1,0.040637705,0.089507226,0.001376154,-0.051558621,0.308186,0.041578737,0.083148277,0.07731933,0.087311556,2.938172116,-0.308323401,0.34674549,0.043352196,0.090306805,0.0840141,0.035446602,0.094599192,3.128443767,-0.306311873,,1.37120617,1.452754392,1.027205765,1.058815339
5/11/21,-0.01150685,-1.686025977,-0.067441039,0.043356,1.0839,0.096,2.4,0.020000629,0.091910425,-0.157538691,-0.088666808,0.290192,0.043878561,0.086495867,0.076052798,0.092351009,2.939812909,-0.326177009,0.330905044,0.047727364,0.09604138,0.083829423,0.038834741,0.100756256,3.138837864,-0.331019884,,1.409040228,1.455810059,1.02608336,1.062694769
5/18/21,-0.005095031,-3.001177967,-0.120047119,-0.031396,-0.7849,0.016,0.4,-0.071881319,0.069335607,-0.105978279,-0.214220927,0.296736,0.051374528,0.098123889,0.08282729,0.09879517,2.959067586,-0.285697861,0.329114392,0.053952439,0.10469844,0.089744223,0.040924036,0.106885881,3.158976842,-0.288935295,,1.379694897,1.435898357,1.030492904,1.06615729
5/25/21,0.009314078,-1.406389892,-0.056255596,0.053812,1.3453,0.016,0.4,0.055472327,0.088136461,-0.058910086,-0.031175189,0.284386,0.046866595,0.092215638,0.085352199,0.100520139,2.962222998,-0.388016816,0.37460347,0.057348296,0.112936723,0.096175824,0.042268221,0.113894392,3.155199743,-0.352818823,,1.057535283,1.056883415,1.026126126,1.059398519
6/1/21,0.006529447,-6.244291067,-0.249771643,0.01564,0.391,0,0,0.033927211,0.102526388,0.075856075,0.085159792,0.285345,0.043950388,0.083894774,0.090760957,0.106503622,3.004559606,-0.398080166,0.38910035,0.056284723,0.108391849,0.104234111,0.048980221,0.122825498,3.312013771,-0.385587486,,1.096308097,1.080684321,1.029502694,1.060551443
6/8/21,-0.008027645,-6.295504212,-0.251820168,0.041228,1.0307,0.014,0.35,0.030073684,0.093889165,-0.052142963,-0.066112201,0.309361,0.050989263,0.090317045,0.080121121,0.094230939,3.009300343,-0.332248477,0.368245369,0.058724635,0.106333355,0.092392802,0.04594407,0.110142803,3.322196188,-0.339624298,,1.099625715,1.078169017,1.028805706,1.067014068
6/15/21,-0.035731966,0.591953695,0.023678148,-0.012728,-0.3182,0,0,0.088827473,0.107962068,0.042950927,-0.018577423,0.201903,0.041113608,0.075150728,0.071343858,0.09316683,2.941117095,-0.39428144,0.251870293,0.047864353,0.088779973,0.080165237,0.043714843,0.104743174,3.191939651,-0.397936741,,1.105796874,1.076747586,1.028397803,1.061081302
6/22/21,0.033216162,-0.722928524,-0.028917141,0.068944,1.7236,0.079454545,1.986363636,-0.009751572,0.073489426,0.008891991,-0.026020673,0.18767,0.034260084,0.064097266,0.048285753,0.064798351,2.905228589,-0.394629966,0.242539497,0.043153811,0.079870625,0.057230231,0.03445956,0.076767241,3.144667568,-0.402215851,,1.116623797,1.073913867,1.023274073,1.055487676
6/29/21,0.010133573,-4.183415949,-0.167336638,-0.103304,-2.5826,0.008,0.2,-0.023797297,0.047789429,-0.097157388,-0.144706338,0.311398,0.053272556,0.095695496,0.064678023,0.083782731,2.974484675,-0.370591026,0.353966538,0.059253256,0.107921982,0.072882272,0.041962906,0.09543528,3.226385313,-0.387903554,,1.122379976,1.082571608,1.027651067,1.071136151
7/6/21,0.002403488,-4.92629087,-0.197051635,-0.044832,-1.1208,0.032,0.8,-0.063177778,0.086944936,0.061197429,-0.02028187,0.377295,0.049275915,0.090615051,0.061116768,0.078210707,2.991723165,-0.275132939,0.428528771,0.056778819,0.105290295,0.073602638,0.039960424,0.094240378,3.343114948,-0.298282745,,1.142107687,1.090442768,1.026137368,1.067924953
7/13/21,-0.005255731,-2.029199898,-0.081167996,0,0,-0.006666667,-0.166666667,-0.004230857,0.08594697,0.00239399,0.010027798,0.398378,0.053619744,0.099862165,0.056024182,0.070656555,3.027752667,-0.311813447,0.441819815,0.061223367,0.113798114,0.068847353,0.039373827,0.087137006,3.360002401,-0.339660816,,1.137354995,1.112419647,1.027531872,1.068226436
7/20/21,0.010658399,-4.654188931,-0.186167557,0.010012,0.2503,0,0,0.038308824,0.067836543,-0.042820109,-0.05884085,0.346771,0.04644849,0.08552891,0.042717216,0.060537538,2.996160562,-0.285068099,0.381820564,0.053133842,0.097516699,0.052690568,0.037034573,0.074254417,3.342710466,-0.312395416,,1.1353733,1.110282151,1.02623138,1.064863022
7/27/21,-0.00360894,-3.867874444,-0.154714978,0.038136,0.9534,0.027333333,0.683333333,0.027165169,0.070641968,-0.178426429,-0.285340573,0.367111,0.049778481,0.097130364,0.055919468,0.074159987,2.998217989,-0.321712645,0.394461366,0.054791711,0.106678526,0.064174234,0.03778792,0.0853404,3.316080458,-0.350597633,,1.154373012,1.115677403,1.027572874,1.066305458
8/3/21,0.007754943,-4.945254743,-0.19781019,0,0,-0.024,-0.6,0.015184956,0.089565235,-0.087071662,-0.067587391,0.38504,0.050493511,0.098913245,0.064424835,0.082618023,2.96546434,-0.281831419,0.41545428,0.056111303,0.109926381,0.073048779,0.039707295,0.094815046,3.331284792,-0.297138007,,1.123866156,1.116983446,1.029775173,1.067446821
8/10/21,0.008640482,-5.060853362,-0.202434134,-0.09406,-2.3515,0,0,-0.004041718,0.083598337,-0.118787921,-0.177307056,0.390437,0.047673587,0.098777626,0.059481101,0.07543104,2.968549575,-0.230329835,0.406097122,0.053135969,0.107015041,0.068079725,0.038142332,0.0849942,3.325486845,-0.260723546,,1.131040587,1.14531929,1.029962668,1.066546541
8/17/21,-0.011255669,-10.53168994,-0.421267598,0.046612,1.1653,-0.014,-0.35,-0.060913014,0.055125511,-0.036656258,-0.171450377,0.354209,0.043506014,0.091178036,0.056129522,0.070470558,3.012075184,-0.202655907,0.368593074,0.04812727,0.098111443,0.063685886,0.033055247,0.078264526,3.340240222,-0.216413076,,1.147098942,1.138167622,1.025263345,1.058510128
8/24/21,0.009468691,-1.083535135,-0.043341405,0.022748,0.5687,0.068,1.7,-0.00132,0.075557243,-0.089461358,-0.173421524,0.398156,0.049410992,0.102472747,0.061503179,0.076208482,2.998455041,-0.235669948,0.420617629,0.054093137,0.109764555,0.067257444,0.032641116,0.082341367,3.319040895,-0.249189571,,1.158486136,1.135697297,1.025380521,1.056519807
8/31/21,-0.002451576,-11.04775029,-0.441910012,0.01686,0.4215,0.005454545,0.136363636,-0.022636111,0.07443589,-0.119184182,-0.210465965,0.413511,0.051375529,0.106240229,0.062566873,0.074139405,2.996826685,-0.163907604,0.433979236,0.056654882,0.113644804,0.068855842,0.033962317,0.080745011,3.299166893,-0.178136889,,1.169920689,1.13056588,1.025948191,1.062398337
9/7/21,-0.022000005,-5.473917723,-0.218956709,-0.006124,-0.1531,0.004,0.1,0.006382394,0.068685154,0.132780967,-0.006229598,0.467243,0.056125296,0.117310946,0.064368207,0.072972303,3.111694607,-0.208958458,0.45960138,0.057956064,0.118357853,0.068196841,0.03120246,0.076864508,3.315489786,-0.230426721,,1.243747167,1.16735463,1.028952326,1.076979408
9/14/21,-0.000660404,-6.747749031,-0.269909961,0.007468,0.1867,0,0,0.062839153,0.070470446,0.050798997,0.03940511,0.397953,0.048812752,0.098252509,0.066620344,0.07732238,3.054429826,-0.219491583,0.426905624,0.054037807,0.10594957,0.077267671,0.037257076,0.088145405,3.366474568,-0.257668954,,1.196157467,1.195744946,1.031325398,1.067761399
9/21/21,0.00612449,-4.030363739,-0.23708022,0,0,0.014705882,0.25,0.031425444,0.081850496,-0.062176607,-0.01635415,0.40265,0.047899837,0.105380755,0.067749541,0.077720749,3.04145045,-0.210110133,0.420127643,0.053696313,0.114609132,0.077114203,0.03638709,0.087382388,3.365754802,-0.233596116,,1.248179533,1.189856314,1.031741155,1.067497848
9/28/21,-0.013736925,2.776458561,0.111058342,-0.000948,-0.0237,-0.022,-0.55,0.027942405,0.054887028,-0.173664581,-0.17473209,0.375396,0.045437462,0.098688622,0.052684846,0.067664146,3.031839771,-0.203911667,0.401201777,0.051641072,0.107344983,0.058756604,0.030848677,0.074101547,3.333698113,-0.233894021,,1.221147688,1.155594508,1.026780794,1.066956566
10/5/21,0.012081592,-9.39611125,-0.37584445,0,0,-0.020888889,-0.522222222,0.003115698,0.062264154,-0.089036672,-0.167660379,0.21162,0.028960379,0.066734656,0.046725942,0.056471835,2.969758185,-0.30782386,0.268859574,0.037051703,0.081020272,0.054440943,0.026328924,0.06562061,3.299667912,-0.318079833,,1.245863594,1.16797554,1.021988624,1.055611897
10/12/21,0.015540834,-10.68273461,-0.427309384,-0.061696,-1.5424,0,0,0.007243902,0.086349338,-0.082832898,-0.027984856,0.290601,0.037412732,0.085860917,0.050777206,0.062714446,2.994575343,-0.189627981,0.360058977,0.045313097,0.100906124,0.062372911,0.030558802,0.076143691,3.33596834,-0.212562497,,1.277121018,1.205923018,1.023875797,1.061955232
10/19/21,0.01071446,-4.920218825,-0.213922558,0.056765217,1.3056,0,0,0.026316279,0.091382894,-0.079564886,-0.106796863,0.391059,0.051378237,0.11213004,0.058037428,0.07217188,3.042107907,-0.179825144,0.438428433,0.057857929,0.125246609,0.069512482,0.031672332,0.086114787,3.445583243,-0.201090239,,,,,
10/26/21,0.00397939,-10.18451345,-0.407380538,0.052092,1.3023,0,0,-0.042996053,0.054797055,-0.163630865,-0.09236582,0.31039,0.04010459,0.096415475,0.066823374,0.083670481,2.970277503,-0.207944245,0.385586093,0.049922178,0.116804388,0.079896604,0.034909484,0.098949947,3.358222524,-0.241449088,,,,,
11/2/21,0.013994459,-9.551316381,-0.382052655,0.023824,0.5956,-0.004,-0.1,0.020443192,0.071575252,-0.038895507,-0.042703353,0.338374,0.038441052,0.092752835,0.07184985,0.089497414,2.987256919,-0.265103496,0.403506709,0.047212382,0.112383956,0.088159715,0.033855565,0.10920782,3.375604582,-0.289378649,,,,,
11/9/21,-0.006305763,0.70304966,0.028121986,0.045232,1.1308,0.026909091,0.672727273,-0.038868874,0.06830086,-0.094611928,-0.135704505,0.395672,0.042227135,0.100392634,0.078011863,0.095078068,3.011977443,-0.226188937,0.455857206,0.050802691,0.119009292,0.08999978,0.032822363,0.109380467,3.331015398,-0.255362029,,,,,
11/16/21,-0.013997255,-0.692801952,-0.027712078,0.028432,0.7108,0,0,0.023755102,0.086261782,0.050183274,-0.013216906,0.314831,0.041537551,0.090310634,0.069166362,0.081290907,3.004250378,-0.377206842,0.368923658,0.050306693,0.10772868,0.083831484,0.032272066,0.099320712,3.344872276,-0.384936661,,,,,
11/23/21,-0.020133332,-2.735708892,-0.109428356,0.04746,1.1865,0.014,0.35,0.022770621,0.074481746,0.105060082,-0.034117288,0.521704,0.072142933,0.151105482,0.113483294,0.148733673,3.195218233,-0.112519524,0.566065933,0.078145456,0.161318141,0.1235608,0.054331459,0.16287308,3.575273882,-0.151681563,,,,,
11/30/21,-0.009232483,-6.561406314,-0.262456253,0.038148,0.9537,0.022121212,0.553030303,0.088106731,0.109305363,-0.067437492,-0.116493943,0.435526,0.061434417,0.123952199,0.100839052,0.120155562,3.17990912,-0.103853189,0.504847636,0.070319473,0.141379094,0.116614583,0.04729197,0.139330473,3.642878957,-0.127466458,,,,,
12/7/21,0.038667548,-4.490720272,-0.179628811,0.034428,0.8607,0.0104,0.26,0.059150676,0.10391821,0.093199272,-0.067146516,0.47369,0.070763784,0.149600955,0.105725467,0.128668892,3.262689322,-0.051848572,0.498760478,0.072604814,0.15060325,0.110884967,0.045565471,0.133841631,3.532027966,-0.120829644,,,,,
12/14/21,-0.017122649,-5.73958993,-0.229583597,0.035516,0.8879,-0.04,-1,0.048623529,0.076390851,-0.079048427,-0.108109556,0.453457,0.070148315,0.155486017,0.108748133,0.135205454,3.273415068,-0.094761177,0.466137263,0.068850726,0.150929716,0.110788828,0.043156874,0.137531579,3.489659443,-0.185515318,,,,,
12/21/21,0.002893099,-8.718106329,-0.348724253,-0.02544,-0.636,0.0104,0.26,0.041512977,0.07859102,-0.123149265,-0.165962136,0.444457,0.076948303,0.169940852,0.110891417,0.137866309,3.335991217,-0.080683307,0.453321173,0.074820748,0.163762508,0.109117154,0.045308275,0.135030559,3.50937611,-0.167199906,,,,,
12/28/21,0.026772304,3.005734146,0.120229366,0.029784,0.7446,0,0,-0.046021875,0.088267911,-0.134867235,-0.108113407,0.489811,0.085185849,0.19118579,0.114858269,0.142026336,3.461090349,-0.030398108,0.460969619,0.078372966,0.172509548,0.106363129,0.041974271,0.131480449,3.424610346,-0.143753161,,,,,