Category: All categories
TOP
eclipse,100
facebook,53
solar eclipse,52
google,36
weather,30
craigslist,29
news,28
youtube,28
the eclipse,25
eclipse 2017,22
amazon,20
solar eclipse 2017,19
eclipse time,18
walmart,15
yahoo,14
map,14
eclipse glasses,14
trump,13
solar eclipse time,10
facebook login,9
powerball,9
gmail,9
ebay,7
game of thrones,7
instagram,7

RISING
jerry lewis,"+2,950%"
dick gregory,"+2,250%"
solar eclipse 2017 time,"+1,650%"
what time is the eclipse,"+1,650%"
eclipse time,"+1,600%"
solar eclipse time,"+1,350%"
what time is the solar eclipse 2017,"+1,350%"
nasa solar eclipse,"+1,350%"
nasa eclipse,"+1,000%"
hope hicks,+950%
how to make solar eclipse glasses,+950%
the eclipse,+800%
louise linton,+750%
when is the next total solar eclipse,+700%
eclipse,+650%
nasa,+650%
solar eclipse,+600%
solar eclipse 2017,+550%
lunar eclipse,+500%
last solar eclipse,+500%
steve bannon,+500%
when was the last solar eclipse,+450%
eclipse 2017,+450%
diy eclipse glasses,+450%
uss john mccain,+450%

