Category: All categories
TOP
you,100
google,94
facebook,93
weather,73
youtube,61
craigslist,53
it,48
news,47
amazon,47
walmart,38
thanksgiving,29
yahoo,27
nfl,26
apple,21
black friday 2017,21
gmail,19
calculator,19
target,19
translate,17
ebay,15
trump,15
nba,15
instagram,15
classroom,14
justice,14

RISING
lil peep,Breakout
david cassidy,Breakout
al franken,"+3,400%"
charlie rose,"+2,650%"
malcolm young,"+2,550%"
leeann tweeden,"+2,550%"
charles manson,"+2,300%"
tesla roadster,"+1,550%"
della reese,"+1,500%"
terry glenn,"+1,400%"
diana ross,+800%
tesla truck,+750%
justice league,+350%
green bean casserole,+300%
sweet potato casserole,+300%
tesla,+250%
justice,+180%
adam venit,+180%
wonder movie,+170%
blake shelton,+170%
black friday deals,+120%
wonder,+110%
jason momoa,+110%
thanksgiving,+110%
selena gomez,+90%

