Category: All categories
TOP
facebook,100
google,83
super bowl,62
craigslist,54
weather,52
youtube,50
news,48
superbowl,45
trump,40
amazon,32
superbowl 2017,23
yahoo,23
walmart,22
super bowl 2017,22
movies,22
gmail,19
map,18
calculator,17
drive,17
patriots,16
facebook login,15
translate,15
nfl,14
classroom,14
twitter,14

RISING
bowling green massacre,"+3,850%"
lady gaga super bowl 2017,"+2,800%"
super bowl score,"+2,450%"
superbowl score,"+2,250%"
lady gaga,"+2,200%"
beyonce pregnant 2017,"+1,850%"
84 lumber,"+1,800%"
what time does the superbowl start,"+1,750%"
super bowl 2017 time,"+1,300%"
jamie lynn spears,"+1,200%"
who won the superbowl,"+1,100%"
groundhog day 2017,"+1,000%"
melissa mccarthy,+950%
irs.gov refund,+750%
neil gorsuch,+750%
tom brady,+750%
tom brady wife,+750%
groundhog day,+750%
frederick douglass,+700%
what channel is the superbowl on,+700%
what time is the super bowl,+700%
milo yiannopoulos,+650%
superbowl,+600%
kristen stewart,+600%
beyonce,+600%

