Category: All categories
TOP
facebook,100
you,91
weather,67
craigslist,61
google,60
youtube,47
amazon,46
news,44
walmart,28
yahoo,23
facebook login,17
trump,15
instagram,15
people,15
ebay,15
gmail,14
twitter,13
apple,13
target,13
ford,13
maps,12
yahoo mail,11
home depot,11
fox,11
netflix,11

RISING
rob kardashian,Breakout
blac chyna,"+4,500%"
nelsan ellis,"+2,400%"
maia campbell,"+2,300%"
rob kardashian twitter,"+1,750%"
blac chyna and rob,"+1,200%"
amazon prime day,"+1,000%"
full moon july 2017,+450%
ufc 213,+400%
college board,+350%
aaron judge,+300%
spiderman,+250%
spider man homecoming,+250%
avery bradley,+250%
tom holland,+200%
wimbledon,+200%
wimbledon 2017,+150%
amazon prime,+120%
kid rock dead,+120%
ufc,+80%
james harden,+80%
21 savage,+60%
north korea,+60%
tesla stock,+50%
game of thrones season 7,+50%

