Category: All categories
TOP
facebook,100
you,94
weather,79
google,63
craigslist,59
youtube,53
news,47
amazon,38
walmart,29
movies,26
yahoo,25
map,19
facebook login,17
trump,16
people,16
gmail,14
fathers day,14
ebay,14
instagram,14
maps,12
target,12
twitter,12
home depot,12
translate,12
yahoo mail,11

RISING
scalise,Breakout
london fire,"+4,000%"
steve scalise,"+3,850%"
happy fathers day,"+2,500%"
brooks koepka,"+1,350%"
uss fitzgerald,"+1,200%"
mexico vs portugal,"+1,200%"
otto warmbier,"+1,050%"
beyonce twins,+900%
all eyez on me,+750%
us open 2017,+650%
drake bell,+600%
juneteenth,+550%
rough night,+550%
austin jones,+550%
us open,+550%
all eyez on me movie,+500%
47 meters down,+400%
tupac,+350%
conor mcgregor,+300%
tupac movie,+300%
cars 3,+250%
beyonce,+250%
whole foods,+180%
botulism,+170%

