Category: All categories
TOP
facebook,100
google,91
amazon,75
walmart,68
christmas,67
weather,66
youtube,58
craigslist,57
thanksgiving,51
news,48
target,37
nfl,33
black friday 2017,33
best buy,32
cyber monday,32
movies,31
apple,29
yahoo,26
ebay,18
home depot,18
kohls,17
gmail,17
nba,16
instagram,15
translate,15

RISING
meghan markle,"+3,400%"
cyber monday,"+1,700%"
cyber monday deals,"+1,450%"
prince harry,"+1,350%"
walmart cyber monday 2017,"+1,200%"
cyber monday 2017,"+1,150%"
prince harry engaged,"+1,100%"
best cyber monday deals 2017,"+1,050%"
miss universe 2017,"+1,000%"
cyber monday deals 2017,+900%
happy thanksgiving,+600%
net neutrality,+500%
how long to cook a turkey,+400%
happy thanksgiving 2017,+400%
happy thanksgiving images,+350%
coco,+180%
jordan fisher,+160%
ebates,+150%
jcpenney black friday 2017,+150%
ancestry dna,+150%
bestbuy,+140%
auburn football,+140%
best buy,+140%
american eagle,+140%
target black friday,+120%

