Category: All categories
TOP
facebook,100
google,78
weather,69
craigslist,58
youtube,55
news,48
amazon,34
yahoo,26
walmart,24
movies,21
gmail,20
map,19
masters,18
trump,18
life,18
drive,17
syria,17
people,16
calculator,16
nba,15
facebook login,15
translate,15
ebay,14
instagram,13
maps,12

RISING
sergio garcia,"+3,800%"
don rickles,"+3,400%"
masters leaderboard,"+2,900%"
syria,"+2,600%"
kendall jenner pepsi ad,"+1,600%"
pepsi,"+1,100%"
justin rose,"+1,050%"
syria gas attack,+900%
going in style,+600%
masters 2017,+550%
masters,+450%
united airlines,+400%
san bernardino,+300%
the case for christ,+300%
casey anthony,+300%
harry styles,+250%
passover,+250%
north korea,+200%
mlb scores,+160%
passover 2017,+140%
delta airlines flights,+110%
phillies,+100%
13 reasons why,+100%
13 reasons why cast,+90%
real madrid,+70%

