Category: All categories
TOP
google,100
facebook,98
you,95
vegas,65
youtube,61
weather,58
craigslist,57
news,56
it,52
las vegas,48
amazon,37
nfl,34
tom petty,30
vegas shooting,29
walmart,28
yahoo,26
games,21
las vegas shooting,20
classroom,20
calculator,20
drive,19
gmail,19
apple,18
translate,18
trump,17

RISING
vegas shooting,Breakout
las vegas shooting,Breakout
stephen paddock,Breakout
tom petty,Breakout
hugh hefner,Breakout
las vegas shooter,Breakout
tom petty dead,"+4,900%"
earth day quiz,"+2,900%"
breathing exercise,"+2,200%"
las vegas news,"+2,000%"
google birthday surprise spinner,"+1,800%"
mandalay bay,"+1,500%"
davante adams,"+1,150%"
jason aldean,"+1,150%"
snake game,"+1,100%"
stephen paddock facebook,"+1,050%"
is tom petty dead,"+1,050%"
animal sounds,"+1,050%"
rick pitino,+900%
presidents cup,+900%
pac man,+800%
tic tac toe,+800%
catalonia,+500%
snes classic,+500%
vegas,+450%

