Category: All categories
TOP
facebook,100
google,89
youtube,55
craigslist,51
weather,50
it,49
news,48
amazon,36
nfl,36
yahoo,26
walmart,24
apple,18
google classroom,18
trump,18
classroom,18
gmail,18
calculator,16
translate,16
facebook login,14
instagram,12
ebay,12
maps,12
twitter,12
puerto rico,12
yahoo mail,12

RISING
dotard,"+4,350%"
kylie jenner pregnant travis scott,"+2,300%"
travis scott,"+1,700%"
kylie jenner,"+1,200%"
dotard meaning,"+1,000%"
star trek discovery,+600%
carmelo anthony,+600%
puerto rico,+550%
friend request,+450%
kingsman 2,+250%
gmail account login,+190%
dwyane wade,+170%
colin kaepernick,+140%
mexico city earthquake,+140%
first day of fall,+140%
cbs all access,+140%
kim jong un,+130%
mexico earthquake,+130%
planet x,+130%
global citizen festival,+100%
lebron james,+90%
donald trump twitter,+90%
donald trump,+80%
trump,+80%
ios 11,+80%

