Category: All categories
TOP
you,100
google,95
facebook,94
weather,76
youtube,62
craigslist,56
news,52
amazon,41
walmart,31
yahoo,26
nfl,26
movies,25
go,21
apple,20
calculator,20
world series,19
gmail,18
people,17
translate,17
classroom,15
ebay,14
target,14
trump,14
astros,14
nba,14

RISING
texas shooting,Breakout
john grissom,"+3,600%"
texas church shooting,"+3,550%"
roy halladay,"+2,950%"
devin patrick kelley,"+2,400%"
department of defense,"+1,550%"
daylight savings 2017 usa,"+1,250%"
donna brazile,"+1,150%"
tyrese,+750%
shalane flanagan,+550%
meek mill,+450%
antifa,+400%
call of duty ww2,+400%
walmart black friday 2017,+400%
thor ragnarok,+350%
kate upton,+250%
best buy black friday 2017,+250%
black friday 2017,+250%
bergdahl,+180%
black friday deals,+130%
wendy williams,+90%
xbox one x,+90%
overwatch,+70%
what time is it,+70%
bitcoin price,+60%

