Category: All categories
TOP
facebook,100
google,97
you,95
youtube,56
craigslist,56
trump,56
news,52
weather,49
amazon,34
yahoo,25
walmart,22
games,21
gmail,20
people,19
drive,18
calculator,18
facebook login,17
classroom,16
translate,15
twitter,15
ebay,13
instagram,13
nba,13
google classroom,12
maps,11

RISING
mary tyler moore,Breakout
john hurt,"+3,650%"
sally yates,"+1,600%"
miss universe 2017,"+1,300%"
new edition,"+1,150%"
cash me outside how bow dah,"+1,100%"
ronnie devoe,+950%
pro bowl,+950%
pro bowl 2017,+800%
mary tyler moore show,+750%
steve bannon,+700%
emmett till,+700%
doomsday clock,+650%
aclu,+650%
beauty blender,+550%
brooke payne,+450%
dick van dyke,+400%
wwe network,+200%
wheresmyrefund,+180%
irs refund status,+170%
chinese new year 2017,+150%
resident evil 7,+140%
gmail sign in,+130%
when is the super bowl,+120%
carmelo anthony,+120%

