Category: All categories
TOP
facebook,100
weather,89
google,79
youtube,65
hurricane,61
craigslist,53
irma,52
news,51
it,49
amazon,40
hurricane irma,36
walmart,29
yahoo,26
houston,26
movies,24
gmail,18
drive,17
labor day,17
facebook login,17
people,16
ebay,16
nfl,15
espn,14
instagram,14
calculator,14

RISING
hurricane irma,Breakout
irma,Breakout
irma track,Breakout
irma path,Breakout
hurricane irma track,"+4,950%"
irma update,"+3,600%"
hurricane irma update,"+2,300%"
hurricane irma path,"+2,150%"
hurricane irma models,"+2,000%"
nurse arrested,"+1,950%"
daca,"+1,550%"
walter becker,"+1,100%"
college football scores,"+1,000%"
what is daca,"+1,000%"
alabama vs florida state,+900%
ncaa football scores,+850%
espn college football,+550%
tulip fever,+500%
us open tennis 2017,+450%
serena williams,+400%
college football,+300%
alabama football,+300%
ezekiel elliott,+300%
us open,+300%
ohio state football,+250%

