Category: All categories
TOP
facebook,100
weather,97
you,93
google,84
youtube,55
craigslist,52
news,44
amazon,34
nfl,32
walmart,25
movies,24
yahoo,24
games,20
gmail,19
trump,17
apple,15
people,15
facebook login,15
ebay,14
clemson,14
translate,14
instagram,14
calculator,14
netflix,13
twitter,13

RISING
golden globes,"+2,850%"
meryl streep,"+1,900%"
golden globes 2017,"+1,850%"
ft lauderdale airport,"+1,750%"
esteban santiago,"+1,750%"
school closing,"+1,500%"
clemson vs alabama,"+1,150%"
golden globe winners,+800%
nfl playoffs 2017,+500%
charles manson,+450%
the night manager,+400%
derrick rose,+350%
google classroom,+350%
soulja boy,+350%
kahoot,+300%
donald glover,+300%
classroom,+300%
fort lauderdale,+300%
quizlet,+300%
nfl playoff bracket,+300%
ed sheeran,+200%
dylann roof,+200%
hidden figures,+200%
schoology,+190%
cool math,+170%

