Category: All categories
TOP
google,100
facebook,84
christmas,77
weather,62
youtube,56
craigslist,54
amazon,51
news,48
walmart,35
yahoo,27
matt lauer,26
nfl,24
movies,22
calculator,20
gmail,20
map,19
translate,19
apple,18
target,17
trump,16
classroom,16
ebay,15
instagram,14
nba,13
google classroom,13

RISING
matt lauer,Breakout
ryan shazier,"+3,400%"
jim nabors,"+1,950%"
garrison keillor,"+1,750%"
matt lauer fired,"+1,150%"
matt lauer net worth,"+1,050%"
kate steinle,"+1,050%"
melanie martinez,+800%
mariah woods,+700%
tax reform bill 2017,+650%
carol burnett,+600%
michael flynn,+450%
tiger woods,+350%
russell simmons,+350%
ohio state vs wisconsin,+350%
ben mcadoo,+350%
is water wet,+300%
college football playoff,+250%
the disaster artist,+200%
quizlet live,+130%
kahoot,+120%
danny masterson,+110%
google slides,+110%
classroom,+110%
google classroom,+100%

