Category: All categories
TOP
facebook,100
you,97
google,84
weather,69
youtube,57
craigslist,55
news,45
trump,32
amazon,31
movies,25
valentines,25
yahoo,24
walmart,23
map,20
gmail,19
mail,19
calculator,16
valentines day,16
facebook login,15
twitter,14
translate,14
grammys,14
classroom,13
apple,13
ebay,13

RISING
oroville dam,Breakout
charles oakley,"+3,350%"
grammys,"+3,200%"
grammys 2017,"+2,950%"
joy villa,"+2,400%"
happy valentines day,"+2,300%"
fab melo,"+1,400%"
verizon unlimited,"+1,400%"
the strange thing about the johnsons,"+1,200%"
happy valentines day images,"+1,150%"
michael flynn,"+1,000%"
valentines day quotes,"+1,000%"
adele,+800%
verizon unlimited data,+750%
chance the rapper,+550%
george michael,+500%
valentines,+350%
john wick 2,+350%
john wick,+350%
valentines day,+350%
school closings,+350%
bruno mars,+250%
danielle bregoli,+250%
lego batman movie,+200%
50 shades darker,+200%

