Category: All categories
TOP
facebook,100
you,86
google,71
weather,68
craigslist,59
youtube,54
news,43
amazon,35
nba,26
walmart,26
yahoo,25
food,23
trump,23
movies,23
drive,18
gmail,18
games,17
facebook login,17
ebay,14
translate,14
apple,14
kathy griffin,13
instagram,13
calculator,13
warriors,12

RISING
covfefe,Breakout
kathy griffin trump,"+5,000%"
kathy griffin,"+5,000%"
paris climate agreement,"+2,000%"
covfefe meaning,"+1,850%"
london bridge,"+1,750%"
london bridge attack,"+1,000%"
cavs vs warriors,+750%
bill maher,+700%
kevin durant,+450%
captain underpants,+400%
warriors,+350%
nba finals,+350%
wonder woman,+300%
real madrid,+300%
golden state warriors,+250%
gal gadot,+200%
champions league,+200%
nba finals schedule 2017,+190%
london,+180%
french open,+130%
fathers day,+130%
wwe extreme rules 2017,+120%
fathers day 2017,+120%
cavs,+110%

