Category: All categories
TOP
facebook,100
you,86
google,58
weather,55
craigslist,48
youtube,47
nba,41
news,36
amazon,36
movies,31
nfl,27
walmart,27
yahoo,23
nba schedule,18
debbie reynolds,16
facebook login,15
target,14
instagram,14
mariah carey,13
gmail,13
apple,13
nba scores,13
ebay,12
netflix,12
trump,11

RISING
alexis ohanian,"+3,050%"
ronda rousey fight,"+2,350%"
hollyweed,"+2,000%"
ronda rousey,"+1,700%"
happy new year 2017,"+1,400%"
2016 best nine,"+1,200%"
rose bowl,"+1,150%"
mariah carey,"+1,100%"
amanda nunes,"+1,050%"
rose bowl 2017,"+1,050%"
debbie reynolds,+900%
ufc 207,+850%
mariah carey new years eve performance,+850%
serena williams,+800%
clemson football,+750%
happy new year,+650%
ohio state football,+550%
todd fisher,+500%
sugar bowl,+500%
penn state football,+450%
alabama football,+450%
eddie fisher,+400%
fuller house cast,+400%
ohio state,+350%
betty white,+350%

