Category: All categories
TOP
facebook,100
you,100
google,90
weather,65
craigslist,60
youtube,60
news,47
amazon,36
movies,25
yahoo,24
trump,24
walmart,23
oscars,23
gmail,20
drive,19
calculator,17
translate,16
bill paxton,16
facebook login,16
ebay,15
nba,14
classroom,14
instagram,13
twitter,13
oscars 2017,13

RISING
bill paxton,Breakout
oscar winners,"+2,250%"
giraffe giving birth,"+2,150%"
oscars,"+1,650%"
remy ma,"+1,550%"
oscars 2017,"+1,450%"
casey affleck,+950%
neil fingleton,+850%
moonlight,+600%
mahershala ali,+600%
emma stone,+550%
nicki minaj,+550%
collide,+500%
cpac,+450%
rock dog,+400%
academy awards 2017,+400%
get out movie,+350%
national margarita day,+300%
daytona 500,+300%
oscar nominees 2017,+250%
manchester by the sea,+250%
get out,+180%
hacksaw ridge,+170%
mama june,+150%
la la land,+140%

