Category: All categories
TOP
facebook,100
weather,67
craigslist,59
google,56
youtube,52
news,45
amazon,35
movies,29
walmart,28
yahoo,24
map,21
facebook login,17
restaurants,16
trump,14
ebay,14
instagram,14
gmail,14
chester bennington,13
apple,13
target,13
linkin park,12
twitter,12
maps,12
yahoo mail,11
netflix,11

RISING
chester bennington,Breakout
linkin park,Breakout
john heard,"+2,550%"
linkin park lead singer,"+2,500%"
kyrie irving,"+1,500%"
usher,"+1,050%"
british open leaderboard,"+1,000%"
jordan spieth,"+1,000%"
sean spicer,"+1,000%"
hugh freeze,+950%
oj simpson,+800%
valerian and the city of a thousand planets,+800%
british open,+750%
john mccain,+650%
mike shinoda,+650%
chris cornell,+650%
girls trip,+600%
the open championship 2017,+500%
kevin hart,+450%
descendants 2,+450%
derrick rose,+350%
valerian,+350%
dunkirk,+300%
sarahah,+250%
descendants 2 cast,+200%

