Category: All categories
TOP
facebook,100
you,83
google,77
weather,74
mayweather,72
mcgregor,70
fight,61
mayweather mcgregor,59
youtube,55
craigslist,53
news,52
mayweather fight,43
it,43
hurricane,42
harvey,41
texas,41
amazon,37
mayweather vs mcgregor,35
houston,32
powerball,29
harvey hurricane,28
map,27
yahoo,27
walmart,25
mayweather vs mcgregor fight,23

RISING
harvey hurricane,Breakout
hurricane harvey path,"+4,900%"
houston flooding,"+4,300%"
harvey,"+3,400%"
who won mayweather vs mcgregor,"+3,150%"
taylor swift new song,"+3,000%"
mayweather vs mcgregor fight,"+2,150%"
mayweather fight time,"+2,050%"
hurricane,"+2,050%"
houston weather,"+2,000%"
what time does the fight start,"+1,950%"
mayweather fight,"+1,450%"
mayweather vs mcgregor fight time,"+1,400%"
what time is the mcgregor mayweather fight,"+1,250%"
mayweather vs mcgregor,"+1,250%"
mayweather mcgregor,"+1,100%"
fight,"+1,000%"
who won the fight last night,"+1,000%"
jon jones,"+1,000%"
floyd mayweather vs conor mcgregor,"+1,000%"
mayweather,"+1,000%"
floyd mayweather,+950%
mcgregor,+900%
joel osteen,+750%
joe arpaio,+600%

