Category: All categories
TOP
facebook,100
you,91
weather,66
google,63
craigslist,57
youtube,55
news,45
amazon,42
walmart,29
movies,28
yahoo,25
pizza,23
facebook login,18
trump,16
game of thrones,16
people,15
gmail,14
ebay,14
apple,14
instagram,14
target,13
maps,13
twitter,12
home depot,12
yahoo mail,12

RISING
brandon rogers,"+3,200%"
sarahah,"+1,650%"
martin landau,"+1,450%"
hugh hefner,"+1,300%"
jodie whittaker,"+1,300%"
george romero,"+1,250%"
hugh hefner dead,"+1,200%"
ed sheeran game of thrones,+850%
cosmo dinardo,+650%
naomi scott,+550%
r kelly,+550%
wish upon,+550%
mayweather vs mcgregor,+400%
conor mcgregor,+350%
mayweather mcgregor,+350%
war for the planet of the apes,+350%
planet of the apes,+300%
bastille day,+300%
krispy kreme,+250%
floyd mayweather,+250%
game of thrones,+200%
beyonce twins,+200%
hbo go,+200%
game of thrones season 7,+190%
floyd mayweather vs conor mcgregor,+180%

