Category: All categories
TOP
facebook,100
weather,65
google,63
craigslist,58
youtube,56
news,51
it,41
amazon,38
walmart,30
yahoo,28
eclipse,25
movies,23
trump,17
facebook login,17
gmail,15
lottery,15
apple,15
people,15
ebay,14
instagram,14
solar eclipse,14
target,14
twitter,13
yahoo mail,12
maps,12

RISING
charlottesville,"+1,800%"
antifa,"+1,300%"
heather heyer,"+1,200%"
guam,"+1,050%"
charlottesville va,"+1,000%"
pga championship leaderboard,+850%
ric flair,+800%
meteor shower,+750%
robert e lee,+700%
rick and morty season 3 episode 4,+700%
meteor shower august 2017,+650%
pga championship,+500%
ezekiel elliott,+450%
pga leaderboard,+450%
annabelle,+300%
annabelle 2,+250%
north korea,+250%
solar eclipse glasses,+250%
eclipse glasses,+250%
pga championship tv coverage,+200%
google classroom,+170%
powerball winning numbers,+170%
taylor swift,+170%
north korea news,+140%
powerball,+140%

