Category: All categories
TOP
facebook,100
you,88
google,85
trump,78
weather,68
youtube,54
craigslist,53
news,48
amazon,31
inauguration,30
yahoo,23
nfl,23
games,22
walmart,20
map,19
gmail,19
obama,17
drive,17
president,17
donald trump,17
calculator,16
facebook login,15
translate,15
twitter,14
classroom,14

RISING
yordano ventura,"+2,050%"
barron trump,"+2,050%"
trump inauguration speech,"+1,650%"
melania trump,"+1,500%"
who is the president of the usa,"+1,400%"
who is the president,"+1,200%"
miguel ferrer,"+1,100%"
tpp,"+1,000%"
betsy devos,+950%
melania trump inaugural gown,+950%
richard spencer,+900%
melania trump age,+900%
sean spicer,+850%
womens march,+750%
how old is melania trump,+600%
trump inauguration,+600%
ivanka trump,+550%
what time is the inauguration,+500%
inauguration,+450%
ivana trump,+400%
cnn live,+400%
oscar nominations 2017,+350%
australian open,+350%
kellyanne conway,+300%
www.facebook,+300%

