Category: All categories
TOP
facebook,100
you,93
google,77
weather,57
craigslist,55
youtube,55
news,48
easter,42
amazon,31
walmart,27
yahoo,25
nba,23
movies,23
gmail,18
facebook login,17
people,16
trump,15
calculator,15
ebay,14
translate,13
instagram,13
target,13
cleveland,13
maps,12
charlie murphy,11

RISING
charlie murphy,Breakout
steve stephens,Breakout
cleveland shooting,"+3,400%"
todd heap,"+1,750%"
steve stephens video,"+1,650%"
happy easter,"+1,600%"
moab,"+1,550%"
happy easter images,"+1,000%"
isaiah thomas,+950%
j geils,+750%
eddie murphy,+650%
nba playoffs,+550%
aaron hernandez,+500%
dodge demon,+450%
coachella,+450%
north korea news,+400%
fate of the furious,+400%
the fate of the furious,+350%
deviled eggs,+350%
north korea,+300%
fast and furious 8,+300%
kendrick lamar,+190%
easter,+150%
sean spicer,+140%
cleveland,+140%

