Category: All categories
TOP
irma,100
hurricane,76
hurricane irma,54
facebook,46
you,43
weather,43
google,40
it,34
news,30
florida,29
youtube,26
craigslist,26
amazon,18
nfl,16
iphone,15
yahoo,14
walmart,12
apple,10
irma path,10
irma update,9
classroom,9
irma track,9
gmail,8
facebook login,7
translate,7

RISING
troy gentry,Breakout
mexico earthquake,"+4,350%"
equifax,"+4,000%"
iphone x,"+4,000%"
hurricane jose,"+2,650%"
equifax data breach,"+2,600%"
kenneka jenkins,"+2,400%"
barbuda,"+2,000%"
hurricane jose path,"+1,950%"
don williams,"+1,650%"
hurricane jose track,"+1,650%"
weather channel live,"+1,500%"
irma path update,"+1,300%"
where is irma now,+950%
michael bennett,+900%
9/11,+850%
nfl scores,+850%
eric bolling,+850%
miss america 2018,+800%
monday night football,+700%
florida keys,+700%
florida map,+700%
fenty beauty,+700%
cowboys vs giants,+700%
irma update,+650%

