Category: All categories
TOP
facebook,100
you,90
weather,65
google,54
craigslist,54
youtube,51
news,45
fireworks,36
amazon,34
walmart,29
movies,28
yahoo,23
4th of july,19
trump,18
facebook login,17
gmail,14
ford,13
apple,13
instagram,13
target,13
ebay,13
twitter,13
home depot,12
nba,12
netflix,11

RISING
fireworks near me tonight,"+2,250%"
fireworks near me,"+1,700%"
stevie ryan,"+1,650%"
happy 4th of july,"+1,600%"
jay z new album,"+1,200%"
pacquiao vs horn,"+1,150%"
venus williams,"+1,050%"
chris christie,+850%
mexico vs germany,+850%
gordon hayward,+750%
fireworks,+750%
4th of july,+650%
jay z,+650%
4th of july fireworks,+650%
fourth of july,+600%
okja,+500%
eric benet,+500%
wimbledon,+450%
independence day,+450%
baby driver,+450%
illinois budget,+400%
chris paul,+350%
wimbledon 2017,+350%
manny pacquiao fight 2017,+300%
despicable me 3,+250%

