Category: All categories
TOP
google,100
you,99
facebook,95
weather,78
halloween,60
youtube,59
craigslist,56
news,52
amazon,43
walmart,30
world series,28
nfl,26
yahoo,25
movies,24
dodgers,24
astros,22
map,20
calculator,19
apple,19
translate,19
gmail,18
drive,18
stranger things,18
classroom,17
trump,16

RISING
kevin spacey,"+4,200%"
anthony rapp,"+3,300%"
zach miller,"+2,300%"
paul manafort,"+1,250%"
astros vs dodgers,"+1,000%"
stranger things cast,+950%
jimmy garoppolo,+650%
stranger things,+550%
stranger things season 2,+450%
wendy williams,+400%
mlb world series 2017,+400%
winona ryder,+350%
world series 2017,+350%
house of cards,+250%
world series,+200%
dodgers score,+190%
youtube tv,+190%
jigsaw,+190%
nfl week 8,+180%
houston texans,+180%
easy halloween costumes,+170%
time change 2017 fall,+170%
iphone x,+170%
dodgers game,+150%
selena gomez,+130%

