Category: All categories
TOP
facebook,100
you,91
google,90
weather,70
craigslist,56
youtube,53
news,46
amazon,35
nba,25
walmart,24
food,23
yahoo,23
movies,22
trump,22
drive,19
gmail,18
facebook login,18
chris cornell,16
translate,15
calculator,14
apple,13
ebay,13
maps,12
twitter,12
classroom,12

RISING
chris cornell,Breakout
ariana grande concert,"+3,200%"
roger ailes,"+2,450%"
nicky hayden,"+2,150%"
roger moore,"+2,100%"
soundgarden,"+1,900%"
ariana grande,"+1,850%"
pippa middleton wedding,"+1,300%"
"everything, everything","+1,300%"
male romper,"+1,100%"
billboard music awards 2017,"+1,000%"
romper,+950%
rompers,+900%
cher,+850%
chris cornell cause of death,+800%
preakness,+800%
mens romper,+650%
times square,+550%
romphim,+400%
cavs,+400%
destiny 2,+350%
manchester,+300%
bernie madoff,+300%
preakness 2017 horses,+300%
chelsea manning,+300%

