Category: All categories
TOP
google,100
weather,98
facebook,86
news,58
youtube,57
amazon,43
craigslist,39
nfl,34
walmart,29
kavanaugh,27
movies,26
yahoo,24
mcgregor,23
apple,23
mlb,20
translate,20
calculator,20
instagram,19
gmail,19
classroom,18
trump,17
ufc,16
khabib,16
reddit,16
google classroom,15

RISING
hurricane michael,Breakout
presidential alert,"+2,200%"
khabib vs mcgregor,"+1,850%"
khabib,"+1,850%"
ufc 229,"+1,650%"
hurricane michael 2018,"+1,550%"
mcgregor fight,"+1,550%"
mcgregor,"+1,250%"
nikki haley,"+1,100%"
conor mcgregor,+750%
khabib nurmagomedov,+700%
ufc,+700%
jason van dyke,+550%
drew brees,+550%
susan collins,+500%
yankees game,+500%
venom,+300%
mega millions results,+250%
yankees,+250%
a star is born,+250%
braves,+190%
red sox,+180%
bradley cooper,+180%
yankees score,+160%
venom review,+160%

