Category: All categories
TOP
you,100
google,93
weather,86
facebook,75
youtube,55
news,48
craigslist,43
amazon,38
nba,35
nfl,30
infinity war,28
walmart,25
nfl draft,24
movies,24
yahoo,22
map,21
avengers,20
calculator,19
gmail,18
drive,18
translate,18
fortnite,16
instagram,16
restaurants,14
twitter,14

RISING
golden state killer,"+4,800%"
michelle wolf,"+4,200%"
bill cosby,"+2,950%"
captain marvel,"+2,350%"
joseph james deangelo,"+1,350%"
shaquem griffin,"+1,250%"
josh allen,"+1,050%"
nfl draft time,+750%
who dies in infinity war,+750%
fortnite season 4,+700%
baker mayfield,+550%
thanos,+450%
infinity war,+450%
nfl draft,+450%
alfie evans,+450%
nfl draft 2018,+400%
avengers,+400%
kanye west,+400%
avengers infinity war,+400%
nfl,+250%
real madrid,+180%
kentucky derby,+140%
cinco de mayo,+120%
dallas cowboys,+80%
korea,+70%

