Category: All categories
TOP
world cup,100
weather,82
facebook,78
google,54
news,47
youtube,47
craigslist,41
amazon,40
walmart,31
2018 world cup,30
food,28
mexico,26
movies,25
map,22
fifa,22
yahoo,21
restaurants,18
instagram,18
world cup schedule,16
fortnite,16
lebron,15
gmail,15
nba,14
target,13
maps,13

RISING
brazil vs mexico,"+4,450%"
demarcus cousins,"+2,000%"
justice kennedy,"+1,250%"
fireworks show near me,"+1,200%"
alexandria ocasio cortez,"+1,150%"
jarrod ramos,"+1,050%"
anthony kennedy,"+1,050%"
fortnite twitter,+550%
fortnite playground mode,+550%
wimbledon,+500%
supreme court justices,+450%
nba free agency,+450%
mexico vs sweden,+400%
comcast outage,+400%
germany vs south korea,+400%
mbappe,+350%
lebron james,+350%
4th of july,+350%
uncle drew,+350%
joe jackson,+350%
lebron,+300%
world cup bracket,+300%
drake,+300%
deandre jordan,+250%
lakers,+250%

