Category: All categories
TOP
weather,100
google,88
facebook,76
youtube,53
craigslist,52
news,45
amazon,39
walmart,25
yahoo,23
calculator,18
gmail,17
translate,17
classroom,14
instagram,14
nba,14
ebay,13
oscars,13
netflix,12
trump,12
target,12
google classroom,12
twitter,11
reddit,11
maps,11
yahoo mail,10

RISING
rick ross,"+3,650%"
oscar winners,"+2,250%"
twitch prime,"+1,250%"
oscars,"+1,050%"
hope hicks,"+1,000%"
frances mcdormand,+950%
oscars 2018,+900%
sam nunberg,+800%
kobe bryant,+500%
academy awards,+450%
death wish,+450%
ryan seacrest,+450%
shape of water,+400%
acc tournament,+400%
allison janney,+400%
the shape of water,+350%
daylight savings time 2018,+300%
warped tour 2018 lineup,+250%
red sparrow,+200%
gmail login mail,+170%
dicks sporting good,+160%
call me by your name,+150%
twitch,+130%
daylight savings 2018,+110%
francis mcdermott actress,+100%

