Category: All categories
TOP
weather,100
google,82
facebook,80
youtube,55
craigslist,45
news,44
amazon,38
walmart,27
masters,25
yahoo,23
nba,18
gmail,18
calculator,16
instagram,16
translate,16
restaurants,15
trump,15
fortnite,14
ebay,13
netflix,12
twitter,12
target,12
maps,12
home depot,12
classroom,11

RISING
patrick reed,"+4,650%"
masters leaderboard 2018,"+2,700%"
nasim aghdam,"+2,100%"
tony finau,"+1,350%"
conor mcgregor,"+1,000%"
masters 2018,+850%
rickie fowler,+750%
jordan spieth,+650%
national sibling day 2018,+650%
the masters,+650%
rory mcilroy,+650%
ufc 223,+550%
masters,+500%
earthquake los angeles,+450%
maya angelou,+450%
tiger woods,+450%
wrestlemania 34,+350%
a quiet place,+350%
the miracle season,+350%
tony finau ankle,+300%
blockers,+300%
cardi b,+250%
ufc,+200%
chappaquiddick,+180%
youtube shooting,+120%

