Category: All categories
TOP
you,100
world cup,93
weather,92
facebook,81
google,56
news,48
youtube,47
craigslist,42
home,40
amazon,35
movies,29
walmart,28
yahoo,21
fifa,20
world cup schedule,20
nba,19
trump,18
world cup 2018,18
instagram,17
xxxtentacion,17
restaurants,17
mexico,16
people,15
gmail,15
apple,15

RISING
vinnie paul,"+3,900%"
red hen lexington,"+2,300%"
melania trump jacket,"+1,300%"
peter fonda,"+1,050%"
argentina vs croatia,"+1,000%"
mexico vs south korea,+950%
liangelo ball,+750%
charles krauthammer,+750%
bet awards 2018,+650%
world cup standings,+600%
dwight howard,+400%
corey lewandowski,+400%
melania trump,+400%
nba draft 2018,+300%
nba draft,+250%
jurassic world fallen kingdom,+250%
demi lovato,+200%
nhl draft 2018,+200%
jurassic world,+160%
grayson allen,+160%
yellowstone tv show,+130%
nba,+120%
argentina,+110%
westworld,+60%
world cup scores,+50%

