Category: All categories
TOP
you,100
weather,94
facebook,75
google,73
youtube,53
news,46
craigslist,42
amazon,38
nba,33
walmart,29
yahoo,23
movies,23
instagram,18
kate spade,17
gmail,16
apple,16
calculator,15
restaurants,15
translate,15
twitter,14
maps,14
warriors,14
home depot,13
target,13
nba finals,13

RISING
sophie brussaux,"+3,500%"
fallout 76,"+2,650%"
kate spade,"+2,450%"
guatemala volcano,"+2,100%"
samantha bee,"+1,950%"
drake baby mama,"+1,700%"
feckless,"+1,550%"
chaka khan net worth,"+1,050%"
jr smith,+950%
bryan colangelo,+750%
warriors vs cavs,+700%
the1975..com,+600%
chief keef,+550%
action point,+550%
guatemala,+450%
david spade,+400%
adrift,+400%
tiger woods,+350%
johnny depp,+300%
nba finals 2018,+250%
kanye west,+250%
nba finals,+200%
drake,+180%
what did roseanne tweet,+170%
pusha t,+170%

