Category: All categories
TOP
google,100
facebook,79
weather,75
youtube,54
halloween,53
news,53
home,44
amazon,42
mega millions,40
craigslist,39
nfl,34
walmart,30
world series,29
dodgers,27
red sox,26
powerball,25
yahoo,23
calculator,21
translate,21
apple,21
classroom,19
gmail,19
nba,18
instagram,17
google classroom,17

RISING
pittsburgh shooting,"+4,150%"
cesar sayoc,"+3,500%"
robert bowers,"+2,000%"
megyn kelly,"+1,850%"
powerball winner last night,"+1,750%"
whitey bulger,"+1,400%"
dodgers vs red sox,+700%
mlb world series 2018,+550%
squirrel hill,+500%
sabrina the teenage witch,+450%
hunter killer,+350%
boston red sox world series,+350%
world series 2018,+350%
red dead redemption 2,+350%
red dead redemption,+300%
world series,+300%
pittsburgh,+170%
red sox game,+150%
red sox,+140%
daylight saving 2018,+130%
boston red sox,+120%
pumpkin carving ideas,+120%
chad kelly,+100%
packers,+100%
redsox,+90%

