Category: All categories
TOP
weather,100
world cup,94
facebook,93
google,75
news,58
youtube,57
craigslist,49
amazon,41
xxxtentacion,40
walmart,35
yahoo,25
world cup schedule,25
world cup 2018,22
instagram,20
fifa,19
gmail,19
incredibles 2,18
trump,18
fortnite,17
fathers day,17
target,16
us open,16
home depot,15
translate,15
maps,15

RISING
xxxtentacion died,Breakout
xxxtentacion,Breakout
xxxtentacion death,Breakout
xxxtentacion dead,"+4,050%"
xxx tentacion,"+2,400%"
happy fathers day,"+2,300%"
us open leaderboard 2018,"+2,250%"
portugal vs spain,"+2,250%"
chris hardwick,"+2,200%"
xxtentacion,"+2,150%"
mexico vs germany,"+2,050%"
world cup scores,"+1,950%"
xxxtentacion songs,"+1,850%"
happy fathers day images,"+1,800%"
is xxxtentacion dead,"+1,650%"
space force,"+1,500%"
incredibles 2 showtimes,+950%
brooks koepka,+950%
fifa world cup,+900%
brazil vs switzerland,+850%
world cup,+800%
russia vs saudi arabia,+800%
fifa world cup 2018 schedule,+800%
fifa world cup schedule,+750%
us open,+750%

