Category: All categories
TOP
you,100
weather,93
google,83
facebook,82
youtube,54
news,53
craigslist,42
amazon,38
nba,32
walmart,26
royal wedding,26
games,24
movies,24
meghan markle,24
yahoo,23
laurel,23
go,22
people,19
calculator,18
translate,17
gmail,16
laurel yanny,16
instagram,16
fortnite,15
restaurants,14

RISING
laurel yanny,Breakout
texas school shooting,Breakout
yanni laurel,"+4,700%"
santa fe high school,"+4,000%"
aaron schlossberg,"+3,650%"
yanny vs laurel,"+3,200%"
yanny or laurel,"+2,650%"
santa fe texas,"+2,400%"
meghan markle wedding dress,"+2,050%"
dimitrios pagourtzis,"+1,850%"
laurel,"+1,550%"
school shooting,"+1,400%"
megan merkel,+950%
royal wedding,+850%
preakness,+800%
princess diana,+700%
preakness 2018,+700%
billboard awards 2018,+700%
show dogs,+700%
13 reasons why,+650%
13 reasons why cast,+600%
kate middleton,+600%
prince harry,+550%
meghan markle,+550%
prince william,+500%

