Category: All categories
TOP
weather,100
you,83
facebook,64
google,62
youtube,45
news,45
craigslist,42
amazon,36
nfl,29
walmart,21
yahoo,20
alabama,16
powerball,15
apple,15
trump,14
gmail,14
calculator,14
people,13
instagram,13
translate,12
netflix,12
ebay,11
twitter,11
nba,11
reddit,11

RISING
fire and fury,"+3,400%"
bomb cyclone,"+2,450%"
golden globes 2018,"+2,050%"
georgia vs alabama,"+1,400%"
school closings,"+1,000%"
mega million results,+900%
kirk douglas,+800%
oprah,+700%
joanna gaines,+600%
google classroom,+450%
ugandan knuckles,+450%
classroom,+400%
google slides,+300%
kahoot,+300%
national championship 2018,+250%
insidious 4,+250%
study island,+250%
nfl playoff schedule,+200%
college football championship,+200%
google docs,+180%
cool math,+150%
powerball results,+150%
cool math games,+120%
student portal,+120%
logan paul,+120%

