Category: All categories
TOP
weather,100
google,93
facebook,82
super bowl,82
youtube,58
craigslist,54
news,50
amazon,44
super bowl 2018,39
superbowl,27
yahoo,27
walmart,24
pizza,23
movies,22
calculator,22
eagles,22
map,21
people,19
translate,19
gmail,18
trump,17
nba,16
nfl,16
instagram,15
apple,15

RISING
super bowl score,"+3,200%"
rasual butler,"+2,600%"
superbowl score,"+2,500%"
eagles parade,"+1,400%"
leah labelle,"+1,300%"
what time is the super bowl,"+1,150%"
robert wagner,"+1,100%"
who won the superbowl,"+1,050%"
groundhog day 2018,"+1,050%"
super bowl commercials 2018,"+1,050%"
what time does the super bowl start,"+1,000%"
falcon heavy,+900%
super bowl time,+900%
spacex,+800%
groundhog day,+750%
patriots vs eagles,+750%
nick foles,+750%
what channel is the super bowl on,+700%
altered carbon,+650%
superbowl,+600%
kirk cousins,+550%
justin timberlake,+550%
travis scott,+500%
super bowl,+500%
super bowl 2017,+450%

