Category: All categories
TOP
you,100
google,92
weather,80
facebook,65
amazon,50
youtube,49
news,46
walmart,39
definition,36
craigslist,30
nfl,29
movies,22
yahoo,21
pizza,21
translate,19
calculator,19
apple,19
drive,18
people,18
gmail,17
target,17
classroom,17
google classroom,15
instagram,15
nba,14

RISING
kareem hunt,Breakout
george hw bush,Breakout
george bush,Breakout
alaska earthquake,"+3,400%"
barbara bush,"+1,800%"
george w bush,"+1,750%"
alabama vs georgia,"+1,600%"
president george h. w. bush,"+1,550%"
george h w bush,"+1,450%"
wilder vs fury,"+1,200%"
tyson fury,+950%
deontay wilder,+850%
george bush sr,+750%
saints vs cowboys,+700%
priyanka chopra,+650%
deontay wilder tyson fury,+650%
jimmy carter,+600%
bob dole,+550%
nick jonas,+400%
the possession of hannah grace,+350%
hour of code,+300%
college football playoff,+250%
hanukkah 2018,+250%
quizlet live,+170%
alaska,+140%

