Category: All categories
TOP
weather,100
facebook,93
world cup,70
google,63
youtube,60
news,60
craigslist,51
amazon,46
walmart,38
fireworks,35
movies,32
map,25
yahoo,24
restaurants,23
instagram,21
people,18
target,17
home depot,16
gmail,16
fortnite,15
world cup 2018,15
fifa,15
trump,15
ebay,14
translate,14

RISING
thai cave rescue,"+2,400%"
hailey baldwin,"+1,850%"
justin bieber engaged,"+1,850%"
france vs belgium,"+1,850%"
cave rescue,"+1,750%"
brett kavanaugh,"+1,550%"
brazil vs belgium,+950%
travis pastrana,+850%
thailand cave rescue,+800%
build a bear,+800%
boys in cave,+700%
thailand soccer team,+700%
joey chestnut,+700%
tab hunter,+650%
ufc 226,+550%
daniel cormier,+550%
tony parker,+500%
scott pruitt,+500%
the first purge,+500%
justin bieber,+450%
happy 4th of july,+350%
college board,+350%
sharp objects,+300%
france vs uruguay,+300%
carmelo anthony,+250%

