Category: All categories
TOP
you,100
google,90
weather,87
facebook,74
hurricane,64
florence,56
news,51
youtube,50
hurricane florence,39
amazon,36
craigslist,33
nfl,32
apple,26
walmart,24
yahoo,22
go,22
classroom,18
translate,17
calculator,17
gmail,16
instagram,16
google classroom,16
reddit,12
twitter,12
trump,12

RISING
iphone xr,"+2,800%"
eminem killshot,"+2,800%"
iphone xs max,"+2,550%"
christine blasey ford,"+2,200%"
vontae davis,"+2,100%"
iphone xs,"+1,550%"
hurricane florence live,"+1,200%"
josh gordon,"+1,050%"
frying pan tower,"+1,000%"
ggg vs canelo 2,"+1,000%"
apple watch 4,+500%
emmys,+400%
apple event,+350%
a simple favor,+350%
henry cavill,+250%
liga mx,+250%
hurricane florence update,+200%
new iphone,+190%
iphone x,+160%
florence weather,+140%
white boy rick,+140%
the predator,+140%
tcu,+140%
hurricane tracker,+100%
florence,+90%

