Category: All categories
TOP
you,100
weather,86
facebook,79
google,65
news,52
youtube,49
amazon,43
craigslist,41
walmart,30
movies,26
yahoo,23
aretha franklin,19
instagram,18
restaurants,17
apple,16
people,16
gmail,16
target,15
calculator,14
fortnite,13
trump,13
twitter,13
translate,12
netflix,12
nfl,12

RISING
chris watts,"+3,300%"
asia argento,"+1,800%"
to all the boys i loved before,"+1,250%"
noah centineo,"+1,150%"
jimmy bennett,"+1,000%"
shannon watts,+900%
nick jonas,+550%
aretha franklin songs,+550%
shanann watts,+450%
search where the stone heads are looking,+400%
mile 22,+300%
post malone,+250%
crazy rich asians,+250%
aretha franklin,+250%
ariana grande,+250%
manafort,+250%
madonna,+170%
crazy rich asians movie,+160%
google classroom,+160%
classroom,+120%
kahoot,+120%
cool math games,+100%
mollie tibbetts,+90%
alpha,+80%
ixl,+80%

