Category: All categories
TOP
you,100
google,79
weather,66
facebook,63
news,45
youtube,44
amazon,39
craigslist,31
halloween,29
nfl,28
walmart,25
movies,23
yahoo,18
people,17
calculator,17
drive,17
apple,16
translate,15
gmail,14
nba,14
instagram,14
classroom,14
trump,14
target,12
restaurants,12

RISING
where do i vote #electionday,"+2,700%"
election results,"+1,400%"
where to vote,"+1,250%"
nick mullens,"+1,200%"
nobody’s fool,"+1,200%"
derrick rose,+700%
ufc 230,+600%
walmart black friday 2018,+350%
election day 2018,+300%
midterm elections,+250%
black friday 2018,+250%
bohemian rhapsody,+250%
freddie mercury,+250%
black friday ads 2018,+170%
pete davidson,+160%
daylight savings,+160%
ufc,+140%
tutuapp,+120%
the grinch,+110%
time change,+100%
daylight savings 2018,+80%
538,+80%
alabama football,+70%
timberwolves,+60%
cowboys,+60%

