Category: All categories
TOP
weather,100
you,98
facebook,86
google,82
youtube,58
craigslist,51
news,50
amazon,39
ncaa,35
yahoo,25
walmart,24
fortnite,19
march madness,18
stephen hawking,18
gmail,18
calculator,18
instagram,17
translate,17
trump,15
espn,15
nba,14
quotes,14
ebay,13
classroom,13
twitter,12

RISING
stephen hawking,Breakout
stephen hawking death,Breakout
maryland school shooting,"+1,750%"
march madness live,"+1,550%"
vanessa trump,"+1,300%"
umbc,"+1,250%"
steven hawking,"+1,200%"
umbc basketball,"+1,050%"
fiu bridge collapse,"+1,000%"
steve hawkins,+950%
ncaa scores,+850%
stephen hawking quotes,+650%
tyrann mathieu,+500%
corned beef and cabbage,+400%
i can only imagine,+350%
michigan basketball,+300%
school shooting,+300%
"love, simon",+300%
i can only imagine movie,+300%
ncaa basketball scores,+300%
pennsylvania special election,+250%
march madness,+250%
espn tournament challenge,+250%
tomb raider,+200%
cbs sports,+200%

