Category: All categories
TOP
weather,100
google,89
facebook,81
youtube,57
news,53
craigslist,45
amazon,41
nba,38
walmart,28
yahoo,27
go,22
calculator,21
translate,19
gmail,19
people,19
avicii,18
instagram,17
fortnite,16
classroom,15
ebay,14
reddit,14
trump,13
twitter,13
maps,13
target,13

RISING
avicii,Breakout
verne troyer,Breakout
avicii cause of death,"+2,750%"
waffle house shooting,"+2,150%"
avici,"+1,900%"
allison mack,"+1,550%"
how did avicii die,"+1,350%"
royal baby,+850%
gregg popovich wife,+700%
george hw bush,+650%
super troopers 2,+550%
royal baby 3,+450%
i feel pretty,+450%
traffik,+450%
kate middleton,+300%
nicaragua,+250%
westworld,+200%
southwest emergency landing,+200%
barbara bush,+170%
westworld season 2,+170%
deadpool 2,+160%
facebook log in,+110%
prince,+100%
infinity war,+100%
avengers infinity war,+90%

