Category: All categories
TOP
weather,100
you,93
facebook,81
google,80
youtube,55
craigslist,51
news,50
amazon,40
nfl,38
movies,26
yahoo,24
walmart,23
map,20
trump,18
calculator,17
gmail,16
apple,15
drive,15
translate,15
instagram,14
nba,14
twitter,14
ebay,13
netflix,12
vikings,12

RISING
google arts and culture,"+3,250%"
cranberries,"+1,750%"
google arts and culture face match,"+1,650%"
dolores o riordan,"+1,400%"
the cranberries,"+1,250%"
aziz ansari,"+1,000%"
keith jackson,+800%
vikings game,+700%
eliza dushku,+700%
the commuter,+700%
proud mary,+650%
steelers game,+550%
patriots game,+500%
blaze bernstein,+350%
vikings,+350%
martin luther king jr,+300%
steelers,+300%
minnesota vikings,+250%
eagles,+200%
pittsburgh steelers,+200%
flu symptoms 2018,+200%
patriots,+180%
daca,+180%
philadelphia eagles,+160%
martin luther king jr day,+130%

