Category: All categories
TOP
weather,100
google,86
facebook,78
youtube,54
news,50
craigslist,39
amazon,31
nba,28
walmart,26
yahoo,24
movies,21
people,19
calculator,18
fortnite,18
music,17
gmail,16
translate,16
trump,15
instagram,14
classroom,13
twitter,13
ebay,12
target,12
reddit,12
syria,12

RISING
barbara bush,"+4,100%"
r lee ermey,"+2,950%"
beyonce coachella,"+2,500%"
tristan thompson,"+1,950%"
harry anderson,"+1,850%"
dez bryant,"+1,650%"
lani blair,"+1,250%"
khloe kardashian,"+1,100%"
paul ryan,+950%
boston marathon 2018,+800%
lost in space,+800%
syria,+700%
coachella,+650%
andre ingram,+600%
nba playoffs,+550%
nba playoffs 2018,+350%
will ferrell,+250%
rampage,+250%
sean hannity,+250%
beyonce,+250%
truth or dare,+200%
tax day 2018,+200%
mark zuckerberg,+180%
kawhi leonard,+130%
carrie underwood,+130%

