Category: All categories
TOP
google,100
facebook,88
weather,75
youtube,59
news,55
craigslist,54
definition,43
amazon,43
yahoo,27
walmart,26
calculator,22
translate,19
gmail,19
nba,18
apple,17
classroom,16
instagram,15
trump,15
ebay,15
quotes,15
restaurants,14
google classroom,14
twitter,13
yahoo mail,13
netflix,13

RISING
grammys,"+2,300%"
xfl,"+2,150%"
grammys 2018,"+2,000%"
grammy winners,"+1,950%"
mark salling,"+1,850%"
elton john,"+1,150%"
pro bowl,+800%
pro bowl 2018,+750%
blake griffin,+650%
super bowl 2018 date,+600%
virginia woolf,+350%
irs refund status,+350%
bruno mars,+350%
pga tour leaderboard,+180%
larry nassar,+90%
turbotax,+80%
toys r us,+70%
cardi b,+70%
kentucky shooting,+60%
turbo tax,+60%
melania trump,+60%
black panther,+60%
valentines day,+60%
beyonce,+50%
wwe,+50%

