Category: All categories
TOP
weather,100
google,98
football,86
facebook,79
youtube,58
news,56
nfl,45
mac miller,44
hurricane,44
amazon,42
craigslist,40
florence,34
walmart,28
nike,27
yahoo,26
hurricane florence,24
drive,21
gmail,19
calculator,19
classroom,19
trump,18
instagram,18
translate,17
power,17
burt reynolds,16

RISING
mac miller,Breakout
hurricane florence,Breakout
burt reynolds,Breakout
mac miller dead,"+2,550%"
mac miller death,"+2,250%"
burt reynolds dead,"+2,100%"
september 11,"+1,900%"
hurricane florence 2018,"+1,750%"
florence,"+1,700%"
mac miller songs,"+1,600%"
naomi osaka,"+1,550%"
cardi b and nicki minaj,"+1,450%"
bmw championship 2018,"+1,300%"
nfl scores,"+1,050%"
bobby brown,+800%
julie chen,+700%
monday night football,+700%
hurricane,+650%
hurricane tracker,+550%
serena williams us open 2018,+550%
ufc 228,+450%
the nun,+300%
aaron rodgers,+300%
cardi b,+250%
tesla stock,+200%

