Category: All categories
TOP
you,100
weather,79
facebook,75
google,65
youtube,53
news,49
craigslist,41
amazon,35
anthony bourdain,30
nba,29
walmart,29
movies,24
yahoo,20
kate spade,19
trump,16
instagram,16
apple,15
gmail,15
restaurants,15
translate,14
calculator,13
reddit,13
warriors,13
fortnite,13
target,13

RISING
anthony bourdain,Breakout
jackson odell,"+3,550%"
asia argento,"+2,500%"
ihob,"+2,050%"
charles krauthammer,"+1,400%"
bode miller,"+1,250%"
anthony bourdain quotes,+800%
kids see ghost album,+650%
hereditary,+600%
e3,+550%
dicks sporting good,+500%
belmont stakes 2018,+450%
belmont stakes,+450%
hotel artemis,+450%
ihop,+350%
e3 2018,+350%
cm punk,+300%
halloween 2018,+250%
hereditary trailer,+250%
singapore,+250%
kate spade death,+170%
world cup schedule,+170%
incredibles 2,+150%
ufc,+120%
david spade,+90%

