Category: All categories
TOP
weather,100
google,97
facebook,90
youtube,61
craigslist,58
news,56
amazon,38
olympics,34
movies,30
black panther,29
yahoo,28
walmart,26
map,23
people,21
florida shooting,19
nba,19
calculator,19
gmail,18
translate,18
instagram,17
apple,16
trump,15
ford,15
ebay,14
twitter,13

RISING
florida shooting,Breakout
florida school shooting,Breakout
nikolas cruz,Breakout
school shooting,Breakout
fergie national anthem,Breakout
parkland florida,"+4,900%"
sylvester stallone dead,"+4,600%"
shooting in florida,"+4,050%"
sylvester stallone,"+3,550%"
parkland shooting,"+2,900%"
fergie,"+2,500%"
nicholas cruz,"+2,250%"
blac chyna,"+1,900%"
karen mcdougal,"+1,700%"
gabriella papadakis,"+1,400%"
nikolaus cruz,"+1,000%"
columbine,+900%
happy valentines day,+700%
early man,+700%
nba all star game 2018,+600%
black panther cast,+600%
wakanda,+550%
michael b jordan,+500%
all star weekend 2018,+500%
lena zawaideh,+500%

