Category: All categories
TOP
you,100
weather,87
google,85
facebook,77
youtube,54
news,46
craigslist,41
amazon,37
nba,33
walmart,28
movies,23
yahoo,22
games,21
drive,20
calculator,19
translate,17
apple,17
gmail,16
fortnite,15
instagram,14
restaurants,14
kentucky derby,14
infinity war,13
reddit,13
home depot,13

RISING
met gala,"+4,100%"
hawaii volcano,"+3,800%"
met gala 2018,"+2,700%"
this is america,"+2,500%"
childish gambino,"+1,100%"
kentucky derby 2018 horses,+800%
donald glover,+750%
volcano,+750%
cobra kai,+650%
kentucky derby 2018,+650%
kentucky derby,+600%
cinco de mayo,+400%
john mccain,+350%
boy scouts,+350%
overboard,+350%
mint julep,+300%
teacher appreciation week 2018,+250%
earthquake,+200%
raptors,+170%
elon musk,+150%
mothers day gifts,+140%
mothers day,+100%
dicks sporting good,+100%
capitals,+80%
edible arrangements,+70%

