Category: All categories
TOP
you,100
google,79
facebook,77
weather,69
news,52
youtube,50
amazon,43
craigslist,39
walmart,32
mccain,22
yahoo,22
movies,21
trump,20
john mccain,17
gmail,17
people,17
instagram,16
apple,16
translate,15
fortnite,15
calculator,15
restaurants,14
classroom,13
nfl,13
twitter,13

RISING
john mccain,Breakout
mccain,Breakout
jacksonville shooting,"+4,000%"
senator john mccain,"+2,250%"
john mccain death,"+1,750%"
david katz,"+1,700%"
logan paul vs ksi,"+1,600%"
hurricane hawaii,"+1,000%"
hurricane lane,"+1,000%"
who won logan or ksi,+550%
the happytime murders,+550%
eric decker,+250%
ben affleck,+180%
stefan karl,+180%
beto o rourke,+180%
epic games,+170%
jacksonville,+160%
happy time murders,+150%
hawaii,+130%
tiger woods,+120%
urban meyer,+90%
blackboard,+80%
noah centineo,+80%
sharp objects,+70%
quizlet live,+70%

