Category: All categories
TOP
google,100
weather,92
election,83
facebook,82
news,67
election results,58
youtube,57
amazon,46
craigslist,37
walmart,36
nfl,32
movies,28
yahoo,24
stan lee,21
calculator,21
apple,20
trump,20
veterans day,19
translate,19
gmail,18
nba,18
instagram,18
target,17
thanksgiving,17
election results 2018,16

RISING
stan lee,Breakout
california fires,Breakout
united states of america election results,Breakout
camp fire,"+4,300%"
woolsey fire,"+3,950%"
stan lee dead,"+3,450%"
paradise fire,"+3,350%"
california shooting,"+2,850%"
malibu fire,"+2,800%"
paradise california,"+2,600%"
arizona senate race,"+2,450%"
jim acosta,"+2,250%"
jeff sessions,"+1,950%"
georgia election results,"+1,450%"
florida senate race,"+1,300%"
georgia governor race,"+1,200%"
election results 2018,"+1,200%"
election results,"+1,150%"
texas election results,+850%
az senate race,+850%
michigan election results,+850%
ga governor race,+750%
florida governor race,+650%
mcsally,+650%
florida elections,+550%

