Category: All categories
TOP
facebook,100
weather,94
google,75
news,64
youtube,59
craigslist,53
amazon,52
walmart,38
movies,34
map,30
yahoo,28
instagram,22
restaurants,21
people,19
fortnite,18
target,18
gmail,18
pga,17
nfl,16
home depot,16
reddit,15
translate,15
calculator,15
twitter,15
netflix,15

RISING
aretha franklin,"+4,300%"
omarosa,"+1,550%"
pga championship leaderboard,"+1,450%"
meteor shower,"+1,000%"
pga championship 2018,"+1,000%"
blackkklansman,+650%
holy fire,+600%
insatiable tv series,+550%
holy fire update,+500%
nfl scores,+400%
pga,+400%
the meg,+300%
rogers cup,+300%
ohio special election,+300%
pga leaderboard,+250%
dog days,+200%
tiger woods,+190%
ruby rose,+190%
google classroom,+150%
restaurants open near me,+100%
kahoot,+70%
quizlet,+60%
cool math,+60%
nfl preseason,+60%
packers,+50%

