Category: All categories
TOP
christmas,100
you,70
facebook,49
weather,47
google,45
walmart,39
youtube,37
amazon,34
news,32
nfl,30
craigslist,22
movies,22
target,19
apple,16
yahoo,14
restaurants,13
nba,12
trump,11
netflix,11
instagram,11
best buy,11
people,11
fortnite,10
calculator,9
gmail,9

RISING
norad santa tracker,"+4,350%"
bird box,"+1,950%"
bird box netflix,"+1,250%"
santa tracker,"+1,150%"
josh gordon,"+1,000%"
walmart hours,+800%
government shutdown,+650%
merry christmas wishes,+650%
where is santa,+650%
second act,+550%
merry christmas,+450%
target hours,+400%
feliz navidad,+350%
cardi b money,+300%
ruth bader ginsburg,+300%
home alone,+250%
bumblebee,+250%
aquaman,+190%
mary poppins returns,+190%
food open near me,+160%
costco hours,+150%
walmart near me,+140%
home depot hours,+120%
family dollar,+110%
dollar general,+110%

