Category: All categories
TOP
weather,100
google,90
facebook,85
news,59
youtube,59
amazon,47
craigslist,47
walmart,33
movies,28
yahoo,26
labor day,22
drive,21
instagram,20
gmail,20
apple,20
nfl,19
restaurants,18
trump,18
calculator,17
translate,17
target,16
espn,16
power,16
reddit,16
classroom,15

RISING
eminem kamikaze,"+2,600%"
vanessa marquez,"+1,700%"
college football scores,"+1,550%"
eminem,"+1,350%"
machine gun kelly,"+1,250%"
nike stock,"+1,250%"
henry kissinger,+800%
jack ryan,+650%
aretha franklin funeral,+600%
gene wilder,+500%
ncaa football,+400%
kin,+350%
khalil mack,+350%
us open tennis 2018,+350%
us open tennis,+350%
operation finale,+300%
us open,+300%
college football,+300%
john mccain funeral,+300%
penn state football,+300%
john mccain children,+250%
aretha franklin,+250%
labor day,+250%
meghan mccain,+250%
michigan football,+250%

