Category: All categories
TOP
black friday,100
google,70
weather,67
walmart,66
facebook,66
amazon,59
youtube,47
thanksgiving,44
news,39
nfl,34
target,33
movies,31
cyber monday,29
apple,29
craigslist,28
best buy,26
yahoo,18
black friday deals,16
kohls,16
nba,15
instagram,15
home depot,15
cyber monday 2018,14
translate,14
macys,13

RISING
dwight howard,"+2,550%"
cyber monday deals,"+1,950%"
cyber monday,"+1,850%"
sentinelese,"+1,800%"
stephen hillenburg,"+1,700%"
walmart cyber monday 2018,"+1,700%"
cyber monday 2018,"+1,450%"
lion king 2019,"+1,300%"
amazon cyber monday,"+1,200%"
best buy cyber monday 2018,"+1,100%"
michigan vs ohio state,"+1,000%"
best cyber monday deals 2018,"+1,000%"
tiger vs phil,+900%
lsu vs texas a&m,+850%
macys cyber monday 2018,+750%
happy thanksgiving,+650%
happy thanksgiving pictures,+600%
creed ii,+400%
liga mx,+350%
pacsun,+250%
6ix9ine,+170%
walmart black friday 2018 ad,+170%
wreck it ralph 2,+170%
creed 2,+170%
dicks sporting goods,+160%

