Category: All categories
TOP
you,100
google,92
weather,89
facebook,78
youtube,53
craigslist,52
news,49
amazon,41
olympics,41
yahoo,26
walmart,26
games,23
nba,20
calculator,20
gmail,18
drive,18
translate,17
classroom,15
instagram,15
olympics 2018,14
ebay,14
maps,14
trump,13
twitter,12
google classroom,12

RISING
olympic medal count,"+3,350%"
rob porter,"+2,300%"
red gerard,"+2,150%"
snapchat update,"+1,900%"
new england patriots owner,"+1,400%"
nbc olympics,"+1,250%"
chloe kim,"+1,050%"
olympics 2018 schedule,+950%
johnny weir,+950%
national pizza day,+800%
fortnite definition,+750%
olympics,+750%
quincy jones,+700%
olympics 2018,+600%
dwyane wade,+550%
marlon brando,+500%
winter olympics,+500%
government shutdown,+400%
derrick rose,+350%
richard pryor,+300%
what time is it in south korea,+300%
shaun white,+300%
peter rabbit,+300%
mikaela shiffrin,+200%
fifty shades freed,+180%

