Category: All categories
TOP
you,100
weather,71
facebook,66
google,65
youtube,45
nfl,43
news,43
amazon,40
craigslist,32
walmart,26
movies,25
yahoo,19
apple,18
alabama,17
netflix,17
instagram,16
people,16
clemson,15
nba,15
calculator,15
cowboys,14
r kelly,14
trump,14
gmail,13
translate,13

RISING
r kelly,"+2,850%"
golden globes,"+2,750%"
allen hurns,"+2,550%"
surviving r kelly,"+1,800%"
google classroom,"+1,550%"
r kelly documentary,"+1,550%"
cody parkey,"+1,300%"
cyntoia brown,"+1,150%"
classroom,"+1,050%"
clemson vs alabama,+950%
r kelly documentary lifetime,+800%
nfl playoff bracket 2019,+800%
coachella 2019,+700%
kahoot,+600%
eagles vs bears,+600%
aaliyah,+600%
google slides,+550%
alexandria ocasio-cortez,+550%
quizlet,+500%
nancy pelosi,+450%
nfl games today,+450%
daryl dragon,+450%
queen elizabeth death,+400%
college football championship 2019,+400%
rami malek,+400%

