Category: All categories
TOP
google,100
weather,88
facebook,83
youtube,70
amazon,65
news,59
craigslist,41
walmart,38
yahoo,31
bmw,29
movies,27
instagram,24
wizard of oz,22
apple,22
calculator,21
gmail,19
reddit,19
nfl,18
power,18
translate,18
target,18
trump,17
twitter,16
netflix,16
popeyes,16

RISING
wizard of oz,Breakout
andrew luck,"+2,850%"
the wizard of oz,"+1,700%"
david koch,"+1,500%"
amazon rainforest,"+1,500%"
wizard of oz red slippers,"+1,350%"
bombshell movie,"+1,200%"
miami vs florida,+750%
popeyes chicken sandwiches,+750%
alyson stoner,+650%
13 reasons why,+600%
amazon fire,+550%
popeyes,+500%
us open tennis,+500%
amazon forest fire,+350%
13 reasons why season 3,+350%
ready or not,+250%
angel has fallen,+250%
benz,+180%
taylor swift,+170%
college football,+140%
tom holland,+140%
bmw,+120%
thanos,+110%
spiderman,+110%

