Category: All categories
TOP
weather,100
you,91
google,76
facebook,57
youtube,49
news,47
amazon,36
craigslist,32
momo,25
walmart,25
games,20
luke perry,19
movies,19
yahoo,17
calculator,16
translate,15
nba,14
instagram,14
gmail,14
apple,13
classroom,13
reddit,12
trump,12
fortnite,12
flights,11

RISING
luke perry,Breakout
momo challenge,"+2,050%"
momo,"+1,850%"
pokemon sword and shield,"+1,500%"
michael cohen,"+1,150%"
what is momo,"+1,000%"
momo youtube,+950%
jordyn woods interview,+950%
dk metcalf,+900%
red table talk,+700%
kate beckinsale,+600%
elijah cummings,+500%
daylight savings time 2019,+500%
madea family funeral,+250%
real madrid,+250%
season 8 battle pass,+250%
fortnite season 8,+200%
ufc,+170%
michael jackson,+160%
ash wednesday,+130%
greta,+130%
snow day calculator,+110%
barcelona,+80%
tesla,+60%
nfl,+60%

