Category: All categories
TOP
you,100
google,76
weather,71
facebook,66
news,49
youtube,44
amazon,38
craigslist,35
walmart,25
us,24
movies,22
instagram,22
yahoo,18
map,18
calculator,16
translate,16
gmail,16
nba,15
apple,14
reddit,14
new zealand,12
flights,12
twitter,11
netflix,11
target,11

RISING
new zealand shooter,"+3,700%"
instagram down,"+2,350%"
new zealand,"+1,750%"
ncaa bracket,"+1,450%"
facebook down,"+1,250%"
brenton tarrant,"+1,050%"
olivia jade,+800%
captive state,+750%
tyreek hill,+700%
triple frontier,+600%
college admissions scandal,+550%
odell beckham jr,+500%
love death and robots,+500%
tesla model y,+400%
elizabeth holmes,+400%
five feet apart,+350%
lori loughlin,+300%
wonder park,+250%
march madness 2019,+250%
division 2,+190%
golden tate,+180%
tiger woods,+140%
zion williamson,+140%
tennessee basketball,+110%
avengers endgame,+100%

