Category: All categories
TOP
google,100
weather,94
facebook,64
amazon,53
news,50
youtube,49
nfl,34
walmart,34
craigslist,28
astros,27
world series,23
nba,23
yahoo,22
calculator,21
apple,20
classroom,20
translate,19
instagram,18
gmail,18
reddit,18
google classroom,16
sports,16
trump,16
nationals,15
netflix,13

RISING
sylvia plath,Breakout
kincade fire,"+3,900%"
getty fire,"+2,200%"
mckamey manor,"+1,950%"
astros vs nationals,"+1,650%"
world series score,"+1,600%"
katie hill photos,"+1,550%"
katie hill,"+1,450%"
toby mac son,"+1,450%"
browns vs patriots,+850%
packers vs chiefs,+800%
jesus is king,+800%
pge outage map,+700%
panthers vs 49ers,+650%
auburn vs lsu,+600%
clippers vs warriors,+600%
nba scores,+500%
modern warfare,+450%
jazz vs lakers,+450%
oklahoma vs kansas state,+400%
kanye west,+400%
outer worlds,+400%
nate diaz,+300%
gmail sign in,+300%
world series,+250%

