Category: All categories
TOP
weather,100
google,91
amazon,69
facebook,64
youtube,53
news,47
walmart,41
nfl,36
games,30
craigslist,29
movies,24
calculator,23
yahoo,23
apple,22
target,21
translate,21
gmail,20
instagram,17
trump,16
reddit,16
nba,16
google classroom,15
sports,14
twitter,14
netflix,12

RISING
xbox series x,"+2,600%"
danny aiello,"+1,250%"
presidents cup,"+1,150%"
penis fish,"+1,100%"
rams vs cowboys,"+1,100%"
army navy game,+800%
falcons vs 49ers,+700%
uk election results,+700%
greta thunberg,+650%
bears vs packers,+650%
gmail mail login,+600%
janoris jenkins,+600%
jets vs ravens,+550%
drew brees,+300%
browns vs cardinals,+250%
nick cannon,+200%
eminem,+130%
ufc,+120%
dicks sporting goods,+120%
virgin river,+90%
wayne brady,+90%
lamar jackson,+80%
jersey city shooting,+60%
champions league,+60%
grade calculator,+60%

