Category: All categories
TOP
black friday,100
weather,98
google,76
walmart,69
amazon,65
facebook,62
youtube,45
nfl,41
news,38
apple,30
target,29
cyber monday,28
movies,27
best buy,26
black friday 2019,25
craigslist,24
yahoo,17
home depot,17
costco,16
instagram,16
black friday deals,15
kohls,15
reddit,14
black friday walmart,14
translate,14

RISING
history of thanksgiving,Breakout
jimmy hoffa,"+1,700%"
alabama vs auburn,"+1,700%"
cyber monday,"+1,650%"
kohls black friday sales 2019,"+1,600%"
cyber monday deals,"+1,350%"
bills vs cowboys,"+1,300%"
walmart cyber monday,"+1,250%"
cyber monday 2019,"+1,200%"
ohio state vs michigan,"+1,000%"
dicks sporting black friday 2019,+900%
happy thanksgiving 2019,+700%
saints vs falcons,+700%
happy thanksgiving,+600%
mavericks vs lakers,+400%
browns vs steelers,+400%
the irishman,+400%
walmart hours,+350%
queen and slim,+300%
apple watch series 3,+300%
josh allen,+250%
jcpenney black friday,+200%
pacsun,+200%
costco black friday,+190%
target black friday,+170%

