Category: All categories
TOP
weather,100
google,83
facebook,61
youtube,49
news,45
amazon,35
craigslist,33
walmart,27
movies,21
games,20
yahoo,18
calculator,17
oscars,16
instagram,16
translate,16
gmail,15
music,15
nba,14
reddit,13
twitter,12
flights,12
netflix,11
target,11
google classroom,11
samsung,10

RISING
robert kraft,"+4,950%"
jordyn woods,"+2,900%"
oscar winners 2019,"+2,800%"
brody stevens,"+2,600%"
peter tork,"+2,100%"
steve irwin,"+1,250%"
oscars,"+1,150%"
bradley cooper,"+1,150%"
zion williamson injury,"+1,100%"
oscars 2019,"+1,050%"
bradley cooper wife,"+1,000%"
spike lee,+850%
tristan thompson,+850%
irina shayk,+700%
olivia colman,+650%
zion williamson,+650%
lady gaga,+500%
rami malek,+500%
academy awards,+400%
zion williamson shoe,+400%
samsung galaxy s10,+400%
r kelly,+350%
regina king,+300%
momo,+300%
kylie jenner,+250%

