Category: All categories
TOP
weather,100
facebook,79
google,70
youtube,53
news,49
amazon,49
craigslist,37
walmart,35
nba,29
movies,27
yahoo,25
instagram,22
world cup,20
apple,17
gmail,17
reddit,16
target,16
home depot,16
fathers day,15
calculator,15
us open,15
netflix,14
translate,14
twitter,14
flights,14

RISING
us open leaderboard,"+4,400%"
edith gonzalez,"+3,050%"
happy fathers day,"+2,150%"
gary woodland,"+2,100%"
gloria vanderbilt,"+1,950%"
bella thorne,"+1,550%"
sarah sanders,"+1,200%"
us open,+900%
india vs pakistan,+800%
copa america,+750%
anthony davis,+700%
copa america 2019,+600%
murder mystery,+600%
tyson fury,+500%
tiger woods,+500%
copa oro 2019,+450%
lonzo ball,+400%
us open 2019,+350%
sudan,+300%
taylor swift,+190%
lakers,+180%
juneteenth,+150%
shaft,+150%
fathers day,+140%
college world series,+110%

