Category: All categories
TOP
weather,100
google,93
facebook,85
youtube,69
news,58
amazon,53
craigslist,44
walmart,39
nba,35
movies,31
yahoo,27
drive,26
instagram,23
ma,21
gmail,21
calculator,21
apple,20
translate,19
home depot,18
reddit,18
netflix,17
flights,16
trump,16
target,16
shoes,16

RISING
virginia beach shooting,"+3,750%"
dewayne craddock,"+2,250%"
when they see us,"+2,050%"
kinsey wolanski,"+1,400%"
central park 5,"+1,050%"
anthony joshua,+950%
raptors vs warriors,+800%
maleah davis,+350%
virginia beach,+350%
champions league,+350%
amy heckerling,+350%
liverpool,+300%
nba finals,+300%
rocketman,+300%
godzilla,+250%
jose antonio reyes,+250%
warriors,+250%
godzilla king of the monsters,+200%
french open,+200%
klay thompson,+170%
eminem,+160%
gabrielle union,+160%
roland garros,+150%
french open 2019,+150%
golden state warriors,+130%

