Category: All categories
TOP
weather,100
google,83
facebook,65
youtube,50
news,43
amazon,39
craigslist,34
masters,34
notre dame,32
nba,28
walmart,28
game of thrones,28
after,25
us,23
map,20
calculator,19
yahoo,19
people,19
drive,19
instagram,18
translate,18
little,17
gmail,16
tiger woods,15
reddit,15

RISING
notre dame cathedral,Breakout
notre dame fire,Breakout
masters leaderboard,Breakout
notre dame on fire,"+3,350%"
tiger woods,"+2,950%"
tiger woods masters,"+2,300%"
tiger woods girlfriend,"+2,050%"
notre dame,"+1,850%"
masters live,"+1,700%"
julian assange,"+1,100%"
black hole,"+1,100%"
national siblings day,"+1,050%"
earl thomas conley,"+1,000%"
black hole picture,"+1,000%"
the masters,+850%
game of thrones season 8 episode 1,+800%
brooks koepka,+750%
boston marathon 2019,+700%
masters,+700%
masters 2019,+650%
nba playoffs,+550%
missing link,+500%
magic johnson,+500%
juventus vs ajax,+500%
georgia engel,+450%

