Category: All categories
TOP
google,100
weather,91
facebook,74
youtube,54
news,52
amazon,45
nba,37
craigslist,35
walmart,32
movies,29
kentucky derby,24
calculator,23
yahoo,22
drive,22
people,21
translate,21
instagram,20
game of thrones,18
endgame,18
reddit,17
gmail,17
apple,17
classroom,15
home depot,15
target,14

RISING
met gala,"+4,000%"
met gala 2019,"+3,300%"
peter mayhew,"+1,950%"
met gala 2019 theme,"+1,800%"
ted bundy,"+1,550%"
canelo vs jacobs,"+1,250%"
dead to me,"+1,000%"
kentucky derby,+950%
canelo vs jacobs channel,+950%
kentucky derby 2019,+950%
canelo fight,+850%
extremely wicked on netflix,+800%
kentucky derby horses 2019,+550%
cinco de mayo,+550%
rachel held evans,+550%
starbucks color changing cups,+500%
the intruder,+500%
teacher appreciation week,+350%
uncc shooting,+300%
rockets vs warriors,+300%
cardi b,+250%
sonic the hedgehog movie,+200%
sonic the hedgehog,+200%
liverpool,+200%
shawn mendes,+170%

