Category: All categories
TOP
weather,100
facebook,88
youtube,61
news,58
google,57
amazon,54
home,52
walmart,47
nfl,44
movies,44
craigslist,40
netflix,29
bird box,27
instagram,26
target,24
new year,23
yahoo,21
nba,21
reddit,18
alabama,18
fortnite,16
trump,15
ebay,14
espn,14
best buy,14

RISING
chris burrous,"+3,400%"
alabama vs oklahoma,"+2,050%"
black mirror bandersnatch,"+1,800%"
happy new year 2019,"+1,800%"
clemson vs notre dame,"+1,650%"
happy new year images,"+1,350%"
happy new year,"+1,100%"
rose bowl 2019,+900%
new year,+750%
bird box memes,+750%
ufc 232,+600%
clemson,+600%
notre dame,+500%
new years eve events near me,+450%
clemson football,+400%
college football scores,+400%
first responder bowl,+350%
ncaa football scores,+350%
bowl games today,+300%
ncaa football,+300%
holmes & watson,+250%
birdbox,+250%
ufc,+250%
college football,+250%
college football bowl schedule,+250%

