Category: All categories
TOP
google,100
weather,81
facebook,68
amazon,56
youtube,54
news,50
nfl,40
walmart,40
disney,38
craigslist,28
games,25
disney plus,25
movies,25
apple,21
calculator,21
yahoo,21
translate,21
gmail,18
instagram,17
target,17
google classroom,16
nba,16
thanksgiving,16
trump,16
sports,14

RISING
myles garrett,"+4,950%"
steelers vs browns,"+2,000%"
kaepernick,"+1,800%"
colin kaepernick,"+1,450%"
school shooting,"+1,350%"
baby yoda,"+1,350%"
mason rudolph,"+1,100%"
venice flooding,+700%
chiefs vs chargers,+650%
dwayne johnson,+550%
impeachment hearings schedule,+450%
cma awards 2019,+450%
mandalorian,+400%
roger stone,+400%
impeachment,+350%
carmelo anthony,+350%
the mandalorian,+350%
the good liar,+300%
browns,+200%
ford vs ferrari movie,+190%
trump impeachment,+160%
steelers,+120%
walmart black friday 2019 ad,+110%
black friday deals 2019,+100%
eagles,+90%

