Category: All categories
TOP
christmas,100
weather,66
google,60
facebook,58
amazon,52
youtube,45
trump,43
walmart,43
news,42
nfl,39
games,28
movies,24
target,24
impeachment,23
craigslist,23
apple,19
yahoo,19
star wars,19
instagram,15
translate,14
restaurants,14
netflix,14
nba,14
reddit,14
calculator,13

RISING
holiday season,Breakout
winter season,Breakout
50 most popular women,"+2,000%"
luka magnotta,"+1,750%"
bills vs patriots,"+1,450%"
asap rocky,"+1,250%"
marshawn lynch,"+1,150%"
cowboys vs eagles,"+1,000%"
norad santa tracker,"+1,000%"
did trump get impeached,"+1,000%"
what does impeachment mean,"+1,000%"
the witcher,+900%
trump impeached,+900%
rams vs 49ers,+850%
star wars the rise of skywalker,+850%
impeached presidents,+750%
eddie murphy,+750%
rise of skywalker,+500%
trump impeachment,+500%
steelers vs jets,+500%
santa tracker,+500%
trump impeachment vote,+450%
impeachment process,+450%
impeachment,+350%
winter solstice,+300%

