Category: All categories
TOP
you,100
google,82
weather,79
facebook,60
youtube,50
news,42
amazon,38
nba,37
craigslist,31
food,29
walmart,26
games,24
movies,21
mothers day,20
calculator,18
yahoo,17
people,17
translate,17
game of thrones,16
james charles,16
instagram,16
gmail,15
reddit,14
classroom,13
home depot,12

RISING
james charles subscriber count,Breakout
happy mothers day,"+3,000%"
doris day,"+2,850%"
tati westbrook,"+2,600%"
happy mothers day images,"+2,500%"
projared,"+2,200%"
james charles,"+1,800%"
tim conway,"+1,750%"
ayesha curry,"+1,550%"
uber stock,"+1,100%"
mothers day quotes,+850%
the hustle,+750%
it chapter 2,+600%
colorado school shooting,+450%
nba draft lottery,+450%
kevin durant,+350%
poms,+300%
detective pikachu,+250%
fortnite season 9,+250%
mothers day,+200%
chernobyl,+200%
madrid open,+190%
uber strike,+160%
toronto raptors,+140%
houston weather,+120%

