Category: All categories
TOP
weather,100
facebook,85
google,70
youtube,58
amazon,58
news,56
craigslist,40
walmart,39
yahoo,26
instagram,25
lion king,22
apple,19
reddit,19
target,18
gmail,18
home depot,17
netflix,17
trump,16
translate,16
flights,15
calculator,15
twitter,15
mlb,14
maps,14
ebay,13

RISING
british open leaderboard,"+1,350%"
cats trailer,"+1,150%"
top gun 2,"+1,100%"
top gun,"+1,050%"
cats movie,"+1,050%"
corvette c8,+900%
manny pacquiao fight,+850%
faceapp,+800%
pacquiao vs thurman,+800%
face app,+750%
british open,+650%
open championship,+650%
peppa pig height,+600%
aging app,+450%
el chapo,+400%
the open 2019,+350%
liga mx,+300%
tiger woods,+250%
neil armstrong,+250%
lion king cast,+200%
lion king showtimes,+190%
lion king,+170%
ilhan omar,+160%
bella thorne,+160%
the lion king,+140%

