Category: All categories
TOP
weather,100
facebook,90
google,67
news,62
youtube,62
amazon,57
fireworks,46
walmart,44
earthquake,42
craigslist,40
cameron boyce,40
world cup,36
movies,33
instagram,29
stranger things,28
4th of july,25
yahoo,24
reddit,20
home depot,20
target,19
nba,18
trump,18
netflix,16
gmail,16
twitter,15

RISING
cameron boyce,Breakout
earthquake california,Breakout
earthquake,Breakout
earthquake in california,"+4,000%"
earthquake today,"+3,750%"
jeffrey epstein,"+3,700%"
earthquake now,"+2,900%"
halle bailey,"+2,850%"
mexico vs usa,"+2,650%"
california earthquake today,"+2,650%"
earthquake los angeles,"+2,250%"
debby ryan,"+2,150%"
cameron boyce dead,"+2,100%"
stranger things season 4,"+1,700%"
jessie cast,"+1,550%"
tylenol murders,"+1,500%"
ridgecrest ca,"+1,450%"
how many days since june 12 1829,"+1,150%"
russell westbrook,"+1,150%"
womens soccer final,"+1,100%"
usa vs netherlands,"+1,100%"
stranger things cast,"+1,000%"
home run derby,+900%
paul george,+900%
stranger things,+800%

