Category: All categories
TOP
weather,100
you,96
google,75
facebook,61
youtube,44
news,43
amazon,35
time,34
craigslist,31
walmart,23
movies,22
yahoo,17
instagram,16
nba,16
calculator,16
translate,16
gmail,15
restaurants,15
trump,13
valentines day,12
reddit,11
netflix,11
target,11
fortnite,11
classroom,11

RISING
umbrella academy,"+1,850%"
karl lagerfeld,"+1,600%"
zombie deer,"+1,550%"
happy valentines day,"+1,300%"
the umbrella academy,"+1,250%"
frozen 2,"+1,050%"
ynw melly,"+1,000%"
jussie smollett,+900%
happy valentines day images,+850%
genesis open,+750%
nba all star game,+500%
ken jeong,+450%
daytona 500,+450%
gully boy,+450%
happy death day 2u,+400%
nba all star 2019,+350%
alita battle angel,+250%
freddie mercury,+200%
wheres my refund.gov,+190%
chuck e cheese pizza,+180%
joe harris,+170%
bryce harper,+130%
bohemian rhapsody,+100%
valentines day,+100%
nascar,+90%

