Category: All categories
TOP
weather,100
you,84
google,64
facebook,58
youtube,42
news,41
amazon,33
nfl,30
craigslist,28
movies,21
walmart,21
trump,16
yahoo,15
nba,14
patriots,14
instagram,14
calculator,14
netflix,13
gmail,13
apple,13
football,13
chiefs,13
translate,12
fox,12
reddit,12

RISING
lunar eclipse tonight,"+2,400%"
lunar eclipse,"+2,300%"
blood moon 2019,"+1,550%"
mason lowe,"+1,450%"
chiefs vs patriots,"+1,400%"
pacquiao vs broner,"+1,350%"
rams vs saints,"+1,100%"
super blood wolf moon,+900%
adrien broner,+750%
manny pacquiao,+600%
fyre festival,+600%
billy mcfarland,+550%
gillette commercial,+550%
oscar nominations,+400%
mlk,+300%
john wick 3,+300%
australian open,+300%
australian open 2019,+250%
kamala harris,+250%
tom brady,+190%
nfc championship,+180%
carmelo anthony,+180%
sebastian maniscalco,+180%
serena williams,+170%
dragon ball super broly,+160%

