Category: All categories
TOP
weather,100
you,84
google,67
facebook,50
news,40
youtube,39
amazon,31
craigslist,27
walmart,23
movies,18
nba,17
calculator,16
yahoo,15
translate,14
instagram,13
gmail,13
classroom,13
trump,12
apple,12
google classroom,11
reddit,10
netflix,10
wells fargo,10
twitter,10
flights,10

RISING
grammys 2019,"+2,250%"
aaf,"+2,250%"
grammys,"+2,250%"
joy villa,"+2,200%"
wheres my refund.gov,"+1,750%"
grammy winners 2019,"+1,650%"
brandi carlile,+750%
aaf teams,+700%
cold pursuit,+700%
kacey musgraves,+550%
the prodigy,+550%
dolly parton age,+500%
alliance of american football,+450%
lauren sanchez,+450%
diana ross,+450%
apex legends,+400%
jeff bezos,+350%
nancy pelosi,+300%
alexandria ocasio-cortez,+300%
what men want,+250%
nba trades,+250%
state of the union,+250%
state of the union address 2019,+250%
halsey,+200%
seattle weather,+200%

