Category: All categories
TOP
you,100
facebook,67
weather,66
amazon,55
google,53
home,48
news,45
youtube,41
craigslist,34
walmart,32
food,30
movies,22
map,19
yahoo,19
instagram,19
apple,15
people,15
area 51,15
amazon prime,14
target,14
wimbledon,14
reddit,13
home depot,13
stranger things,13
netflix,12

RISING
area 51 raid,Breakout
area 51,"+2,850%"
hurricane barry,"+2,650%"
charles levin,"+2,300%"
rip torn,"+1,800%"
bianca devins,"+1,550%"
nintendo switch lite,+850%
amazon prime day 2019,+850%
prime day 2019,+700%
new orleans weather,+700%
prime day,+650%
chris paul,+550%
stuber,+500%
federer,+400%
crawl,+300%
hurricane,+250%
roger federer,+250%
simona halep,+200%
bastille day,+170%
the lion king,+140%
national hurricane center,+140%
amazon prime,+140%
lion king,+110%
new orleans,+80%
nintendo switch,+80%

