Category: All categories
TOP
facebook,100
weather,86
google,76
news,67
amazon,63
youtube,62
walmart,52
craigslist,45
movies,34
yahoo,30
instagram,28
map,27
el paso,26
apple,22
target,21
reddit,20
gmail,20
trump,18
mlb,18
translate,18
home depot,18
twitter,18
calculator,17
netflix,17
maps,16

RISING
el paso shooting,Breakout
dayton shooting,Breakout
patrick crusius,"+4,600%"
ohio shooting,"+4,150%"
connor betts,"+2,700%"
toni morrison,"+1,450%"
saoirse kennedy hill,"+1,300%"
mass shooting,"+1,150%"
shooting in texas today,"+1,150%"
national girlfriend day,+800%
el paso,+700%
tulsi gabbard,+700%
marianne williamson,+650%
hobbies interests,+550%
dayton ohio,+550%
crossfit games 2019,+450%
personal finance,+450%
descendants 3,+350%
julianne hough,+350%
hobbs and shaw,+300%
andrew yang,+250%
joe biden,+250%
democratic debate,+200%
hannah brown,+110%
citi open,+100%

