Category: All categories
TOP
dorian,100
hurricane,97
weather,82
google,82
bmw,81
facebook,68
news,57
hurricane dorian,57
youtube,52
amazon,47
apple,42
benz,39
florida,37
walmart,34
craigslist,33
loans,30
movies,25
binance,24
ps4,24
yahoo,22
btc,22
job hunting,21
instagram,18
nfl,18
us open,17

RISING
job hunting,Breakout
binance,Breakout
hurricane dorian,Breakout
btc,Breakout
dorian update,Breakout
jessi combs,Breakout
hurricane dorian update,Breakout
dorian,"+3,200%"
dorian path,"+3,150%"
dorian tracker,"+2,900%"
dorian track,"+2,900%"
hurricane tracker,"+2,850%"
kevin hart car accident,"+2,750%"
hurricane dorian track,"+2,700%"
kevin hart,"+2,650%"
hurricane dorian tracker,"+2,350%"
weather channel hurricane,"+2,050%"
noaa hurricane dorian,"+1,850%"
hurricane,"+1,650%"
hurricane dorian 2019,"+1,650%"
hurricane florida,"+1,450%"
tracking dorian,"+1,000%"
noaa hurricane,+900%
loans,+800%
national hurricane center,+550%

