Category: All categories
TOP
google,100
weather,87
amazon,64
facebook,63
youtube,53
news,45
walmart,39
nfl,33
craigslist,27
juice wrld,25
yahoo,21
apple,21
translate,21
calculator,21
target,19
gmail,18
instagram,17
map,17
nba,16
trump,15
google classroom,14
ups,14
sports,13
docs,13
twitter,13

RISING
camille claudel,Breakout
juice wrld,Breakout
juice wrld dead,"+2,950%"
juice world,"+2,800%"
spotify wrapped,"+1,750%"
cowboys vs bears,"+1,450%"
miss universe 2019,"+1,300%"
lsu vs georgia,"+1,200%"
chiefs vs patriots,"+1,050%"
49ers vs saints,+950%
ohio state vs wisconsin,+850%
1444,+800%
pearl harbor,+650%
spotify wrapped 2019,+550%
redskins vs packers,+450%
marriage story,+250%
will smith,+200%
bath and body works candle day,+200%
mike norvell,+200%
thursday night football,+170%
quizlet live,+160%
quizizz,+150%
spotify,+140%
peloton,+140%
quizlet,+130%

