Category: All categories
TOP
google,100
bmw,77
facebook,61
weather,56
youtube,49
news,46
amazon,41
nfl,35
apple,35
craigslist,29
walmart,27
benz,25
games,23
go,22
classroom,21
map,21
yahoo,20
drive,20
movies,19
people,19
calculator,19
loans,18
translate,18
gmail,18
google classroom,17

RISING
friends ross,"+4,850%"
friends rachel,"+1,850%"
friends joey,"+1,700%"
friends phoebe,"+1,500%"
friends chandler,"+1,500%"
friends monica,"+1,350%"
area 51 raid,"+1,250%"
area 51,"+1,050%"
sid haig,"+1,000%"
ross geller,+950%
greta thunberg,+950%
tekashi 69,+800%
emmy winners 2019,+650%
6ix9ine,+600%
emmys 2019,+350%
ad astra,+300%
ios 13,+250%
houston weather,+200%
europa league,+190%
fall season,+160%
gardner minshew,+140%
jalen ramsey,+90%
downton abbey movie,+70%
nfl standings,+50%
cubs,+40%

