Category: All categories
TOP
you,100
weather,70
facebook,51
amazon,44
google,41
youtube,38
walmart,37
news,36
nfl,33
movies,26
craigslist,23
target,16
netflix,15
yahoo,15
instagram,15
nba,15
reddit,13
people,12
sports,11
flights,11
gmail,11
clemson,10
lsu,10
holiday season,10
translate,10

RISING
ohio state vs clemson,"+3,000%"
texas church shooting,"+2,950%"
don imus,"+1,800%"
lsu vs oklahoma 2019,"+1,450%"
carley mccord,"+1,350%"
dolphins vs patriots,"+1,150%"
america vs monterrey,"+1,050%"
stores open on christmas day,"+1,050%"
eagles vs giants,"+1,000%"
clemson,"+1,000%"
happy new year 2020,+950%
you season 2,+900%
spies in disguise,+700%
new years eve events near me,+700%
lsu,+650%
clemson football,+600%
college football games today,+550%
whats open christmas day,+450%
jason garrett,+450%
ohio state,+400%
lsu football,+350%
little women,+300%
boxing day,+300%
college football scores,+300%
nfl playoff schedule,+300%

