Category: All categories
TOP
weather,100
super bowl,76
google,69
facebook,57
youtube,47
news,40
super bowl 2019,33
amazon,33
craigslist,30
food,25
walmart,23
movies,18
superbowl,17
yahoo,17
calculator,17
nba,16
instagram,15
translate,14
gmail,14
super bowl time,13
nfl,13
apple,13
fortnite,12
patriots,12
reddit,11

RISING
kristoff st john,"+2,900%"
super bowl score,"+2,800%"
adam levine,"+2,500%"
superbowl score,"+2,400%"
ralph northam,"+2,350%"
21 savage,"+2,300%"
apex legends,"+1,700%"
groundhog day 2019,"+1,400%"
who won the super bowl 2019,"+1,350%"
super bowl time,"+1,350%"
maroon 5,"+1,300%"
super bowl halftime show,"+1,100%"
what time is the super bowl in 2019,"+1,100%"
super bowl commercials 2019,+950%
what time does the super bowl start,+900%
super bowl 2019 halftime show,+900%
marshmello,+800%
rams vs patriots,+750%
cory booker,+750%
julian edelman,+600%
super bowl,+500%
gronkowski,+500%
miss bala,+450%
super bowl 2019,+400%
gladys knight,+400%

