Category: All categories
TOP
google,100
weather,95
facebook,62
news,51
youtube,51
amazon,46
nfl,37
craigslist,31
walmart,30
halloween,25
apple,24
movies,23
fortnite,21
calculator,21
yahoo,21
instagram,20
translate,20
mlb,19
gmail,19
classroom,18
reddit,17
trump,17
astros,16
google classroom,16
joseph antoine ferdinand plateau,16

RISING
joseph antoine ferdinand plateau,Breakout
yankees vs astros,"+2,200%"
sulli,"+1,350%"
lions vs packers,"+1,250%"
cowboys vs jets,"+1,100%"
brooke nevils nbc,"+1,100%"
nationals vs cardinals,"+1,050%"
giants vs patriots,+900%
ronan farrow,+850%
fortnite season 11,+800%
brooke neville,+750%
errol spence,+600%
jexi,+450%
el camino,+350%
fortnite,+300%
redskins vs dolphins,+300%
gemini man,+300%
pg&e power shutdown,+190%
columbus day 2019,+150%
pixel 4,+150%
earthquake,+150%
astros,+130%
india vs south africa,+120%
lsu football,+120%
astros score,+110%

