Category: All categories
TOP
facebook,100
weather,78
google,78
news,64
youtube,64
amazon,62
walmart,48
craigslist,46
movies,35
yahoo,30
instagram,28
people,22
gmail,21
reddit,20
target,20
netflix,19
home depot,18
calculator,18
mlb,17
twitter,17
trump,17
translate,17
flights,17
maps,16
ebay,15

RISING
gilroy garlic festival,"+2,400%"
rutger hauer,"+2,100%"
equifax data breach settlement,"+1,850%"
equifax settlement,"+1,850%"
gilroy garlic festival shooting,"+1,100%"
equifax,+950%
lupy games starjack io,+850%
lupygames bottle flip 3d,+800%
lupy games mini golf world,+750%
fortnite world cup,+700%
elijah cummings,+450%
mueller testimony,+400%
once upon a time in hollywood,+350%
orange is the new black,+300%
lupygames omg word pop,+300%
lupy games doodle creatures,+300%
nicole murphy,+250%
the boys,+250%
lupygames ado stunt cars 2,+250%
wellsfargo log in,+200%
dicks sporting goods,+130%
adam sandler,+100%
red sox,+60%
the bachelorette,+60%
tour de france,+50%

