Category: All categories
TOP
bmw,100
google,96
facebook,63
weather,60
youtube,48
apple,47
news,47
nfl,44
amazon,44
benz,37
loans,31
craigslist,30
dorian,30
walmart,30
hurricane,27
binance,23
yahoo,22
btc,22
job hunting,21
movies,21
classroom,20
calculator,20
gmail,18
translate,18
instagram,18

RISING
antonio brown,"+3,300%"
kylie rae harris,"+2,550%"
antonio brown news,"+1,300%"
bears vs packers,"+1,150%"
nfl scores,"+1,150%"
chandrayaan 2,+750%
mexico vs usa,+600%
ufc 242,+500%
it chapter 2,+350%
iphone 11,+350%
nicki minaj,+200%
thursday night football,+200%
patriots,+200%
nfl,+160%
raiders,+150%
new england patriots,+140%
nfl schedule,+130%
toto,+120%
rafael nadal,+110%
ufc,+100%
nfl games today,+100%
tiktok,+100%
oakland raiders,+90%
browns,+90%
green bay packers,+90%

