Category: All categories
TOP
google,100
weather,100
facebook,64
youtube,53
amazon,52
news,49
nfl,34
walmart,33
craigslist,29
veterans day,28
movies,25
calculator,24
yahoo,22
apple,20
drive,20
translate,20
instagram,19
gmail,18
nba,17
target,17
classroom,17
reddit,16
trump,15
sports,15
google classroom,14

RISING
the edmonton grads,Breakout
boondocks characters,"+2,050%"
logan paul vs ksi,"+1,850%"
vikings vs cowboys,"+1,400%"
seahawks vs 49ers,"+1,250%"
logan paul,"+1,250%"
lsu vs alabama,"+1,100%"
veterans day,"+1,000%"
betty white,+800%
disney plus app,+650%
school closings,+650%
joe burrow,+550%
falcons vs saints,+500%
playing with fire,+500%
disney plus,+500%
rick and morty season 4,+450%
lsu,+450%
veterans day 2019,+300%
the mandalorian,+250%
last christmas,+250%
walmart black friday 2019,+200%
college football rankings,+170%
midway movie,+150%
midway,+150%
dicks sporting good,+130%

