Category: All categories
TOP
you,100
weather,92
google,76
facebook,61
youtube,48
news,43
amazon,40
craigslist,34
food,27
walmart,27
calculator,18
yahoo,18
nba,16
translate,16
instagram,16
gmail,15
restaurants,15
captain marvel,12
flights,12
google classroom,12
target,11
twitter,11
netflix,11
ebay,10
maps,10

RISING
r kelly interview,"+3,450%"
alex trebek,"+3,100%"
felicity huffman,"+2,400%"
lori loughlin,"+2,000%"
jan michael vincent,"+1,550%"
r kelly,+600%
antonio brown,+550%
indian wells,+500%
captain marvel showtimes,+400%
ethiopian airlines,+400%
charlotte russe,+350%
captain marvel,+350%
big ten tournament,+300%
brie larson,+250%
daylight savings,+200%
time change 2019,+190%
david irving,+170%
avengers endgame,+160%
ilhan omar,+150%
jennifer lopez,+150%
ash wednesday,+130%
champions league,+130%
daylight savings 2019,+110%
daylight savings time 2019,+100%
cleveland browns,+100%

