Category: All categories
TOP
weather,100
google,94
facebook,71
news,55
youtube,54
amazon,53
craigslist,31
walmart,31
movies,30
pizza,29
yahoo,23
calculator,23
translate,23
map,23
nba,22
coronavirus,20
instagram,20
ryan newman,19
gmail,19
daytona 500,18
apple,18
reddit,18
trump,17
flights,16
twitter,16

RISING
ryan newman,Breakout
susan b. anthony,Breakout
ryan newman daytona 500,"+4,700%"
caroline flack,"+3,100%"
ryan newman update,"+2,850%"
daytona 500,"+1,900%"
happy valentines day,"+1,400%"
daytona 500 start time,"+1,350%"
nascar daytona 500,"+1,250%"
all star game,+800%
fantasy island,+500%
the photograph,+450%
wheres my refund.gov,+450%
nba all star,+400%
nascar,+400%
downhill,+400%
chaka khan,+350%
sonic the hedgehog,+300%
galentines day,+200%
new hampshire primary results,+200%
sonic,+150%
new hampshire primary,+120%
valentines day,+110%
joe jonas,+110%
irs refund tracker,+90%

