Category: All categories
TOP
kobe,100
kobe bryant,82
google,58
weather,49
facebook,40
news,37
youtube,33
amazon,28
coronavirus,22
craigslist,18
walmart,16
movies,16
nba,15
calculator,14
yahoo,14
fox,13
instagram,12
translate,12
gmail,11
trump,10
reddit,10
netflix,10
twitter,9
flights,9
google classroom,9

RISING
kobe bryant,Breakout
kobe,Breakout
kobe bryant helicopter,Breakout
kobe bryant dead,Breakout
vanessa bryant,Breakout
kobe bryant crash,Breakout
helicopter crash,Breakout
kobe bryant death,Breakout
kobe bryant wife,Breakout
kobe bryant kids,Breakout
kobe bryant daughter,Breakout
kobe bryant died,"+5,000%"
gianna bryant,"+4,700%"
kobe bryant helicopter crash,"+4,200%"
rick fox,"+4,150%"
kobe bryant family,"+3,450%"
kobe bryant daughters,"+2,900%"
kobe bryant rape,"+2,250%"
coronavirus in usa,"+2,200%"
superbowl sunday 2020 date,"+2,200%"
lunar new year,"+2,050%"
grammys 2020,"+2,000%"
john altobelli,"+1,900%"
sikorsky s-76,"+1,900%"
corona virus,"+1,750%"

