Category: All categories
TOP
weather,100
facebook,75
amazon,75
google,74
news,68
coronavirus,60
youtube,57
walmart,47
naya rivera,38
craigslist,37
yahoo,30
unemployment,29
trump,29
california,27
apple,24
instagram,24
home depot,23
target,22
gmail,20
netflix,20
twitter,19
translate,19
calculator,19
lowes,17
wayfair,17

RISING
naya rivera,Breakout
kelly preston,Breakout
grant imahara,"+3,300%"
entanglement,"+2,600%"
lake piru,"+2,500%"
mary kay letourneau,"+2,400%"
goya,"+2,350%"
ryan dorsey,"+2,050%"
goya foods,"+1,950%"
wayfair cabinets,"+1,300%"
naya rivera update,"+1,150%"
wayfair scandal,"+1,150%"
old guard,"+1,100%"
glee,"+1,050%"
lisa marie presley,"+1,050%"
the old guard,+950%
is tiktok getting banned,+900%
ford bronco 2021,+750%
wayfair child trafficking,+750%
ford bronco,+550%
ufc 251,+500%
masvidal vs usman,+450%
will smith,+400%
zac efron,+350%
ufc,+300%

