Category: All categories
TOP
news,100
weather,98
google,90
facebook,81
black,80
youtube,65
amazon,65
walmart,58
george floyd,57
coronavirus,45
trump,43
unemployment,37
craigslist,36
riots,34
minneapolis,34
twitter,31
yahoo,29
target,29
home depot,28
instagram,26
gmail,25
translate,24
reddit,22
lowes,21
protests,21

RISING
riots,Breakout
antifa,Breakout
looting,Breakout
protests,Breakout
george floyd video,Breakout
george floyd,Breakout
blackout tuesday,Breakout
derek chauvin,"+4,900%"
minneapolis riots,"+4,300%"
black lives matter,"+3,400%"
what is antifa,"+2,150%"
george floyd autopsy,"+2,000%"
acab,"+1,950%"
antiffa,"+1,950%"
riot,"+1,950%"
minneapolis protest,"+1,650%"
spacex launch,"+1,550%"
jeffrey epstein,"+1,500%"
george soros,"+1,450%"
george floyd full video,"+1,350%"
breonna taylor,"+1,300%"
spacex,"+1,250%"
spacex launch time,"+1,150%"
space x,"+1,100%"
minneapolis,"+1,050%"

