Category: All categories
TOP
coronavirus,100
news,36
google,30
covid,24
facebook,22
weather,22
amazon,18
youtube,17
covid 19,17
walmart,15
corona virus,14
trump,9
coronavirus update,9
unemployment,8
dow,8
coronavirus cases,8
yahoo,8
netflix,8
craigslist,7
games,7
gmail,7
google classroom,7
zoom,7
target,6
translate,6

RISING
kingdom in tangled,Breakout
tangled kingdom name,Breakout
kenny rogers,Breakout
kingdom name in tangled,Breakout
spring season,Breakout
name of kingdom in tangled,Breakout
earthquake utah,"+3,700%"
my2020census .gov,"+2,400%"
madam cj walker,"+2,050%"
rand paul,"+1,550%"
stimulus check,"+1,400%"
defense production act,"+1,250%"
animal crossing new horizons,"+1,150%"
hydroxychloroquine,"+1,050%"
todd gurley,+800%
netflix party,+750%
little fires everywhere,+500%
animal crossing,+500%
my2020 census.gov,+450%
chloroquine,+450%
johns hopkins corona,+400%
bella thorne,+400%
shelter in place,+400%
oprah,+350%
my2020 census gov,+350%

