Category: All categories
TOP
weather,100
facebook,87
amazon,74
news,74
google,73
youtube,65
coronavirus,61
walmart,56
fireworks,39
craigslist,38
trump,35
unemployment,34
hamilton,32
covid 19,31
yahoo,29
instagram,25
apple,25
reddit,25
home depot,25
target,24
twitter,23
netflix,22
lowes,21
gmail,21
translate,20

RISING
charlie daniels,"+3,800%"
kanye west president,"+2,800%"
ghislaine maxwell,"+2,600%"
black national anthem,"+2,400%"
lunar eclipse,"+1,600%"
alexander hamilton,"+1,450%"
hamilton cast,"+1,350%"
ed henry,"+1,350%"
aaron burr,"+1,300%"
august alsina,"+1,200%"
nick cordero,"+1,100%"
happy 4th of july,"+1,050%"
fourth of july,+900%
kanye west,+750%
patrick mahomes,+700%
vanessa guillen,+550%
jonathan groff,+500%
unsolved mysteries,+500%
hamilton,+450%
fireworks near me,+350%
lauren boebert,+250%
fireworks,+200%
pop smoke,+170%
hydroxychloroquine,+170%
reynolds pamphlet,+160%

