Category: All categories
TOP
google,100
weather,52
youtube,46
facebook,45
amazon,40
news,38
nfl,27
walmart,25
classroom,21
nba,21
trump,20
calculator,20
google classroom,19
craigslist,19
apple,18
yahoo,18
translate,18
drive,17
gmail,16
instagram,13
twitter,13
unemployment,12
netflix,12
home depot,11
sports,11

RISING
doodle for google,Breakout
debate time,"+3,500%"
national son day,"+3,100%"
delonte west,"+1,300%"
enola holmes,"+1,000%"
gale sayers,"+1,000%"
why were cornflakes invented,+750%
breonna taylor,+750%
presidential debate,+700%
ufc 253,+600%
presidential debate 2020,+500%
tyler herro,+300%
mlb playoffs,+250%
amy coney barrett,+250%
lsu football,+200%
millie bobby brown,+200%
alabama football,+190%
lsu,+180%
nba finals,+170%
ravens,+120%
ufc,+80%
dallas stars,+70%
college football,+70%
lakers vs nuggets,+50%
miami heat,+50%

