Category: All categories
TOP
google,100
weather,55
youtube,53
facebook,45
amazon,44
news,40
classroom,30
nfl,29
walmart,28
google classroom,27
apple,23
games,23
calculator,22
translate,21
nba,20
craigslist,20
drive,19
gmail,19
people,19
yahoo,19
trump,18
unemployment,15
instagram,15
netflix,14
reddit,14

RISING
jovita idár,Breakout
how do i register to vote #election2020,Breakout
ruth bader ginsburg,Breakout
rbg,Breakout
amy coney barrett,"+1,950%"
us open leaderboard,"+1,800%"
ios 14,"+1,600%"
ratched,"+1,250%"
nuggets vs lakers,"+1,200%"
ps5 pre order,"+1,100%"
bengals vs browns,+950%
supreme court,+850%
tiktok ban,+400%
ps5,+300%
saquon barkley,+250%
earthquake,+250%
rosh hashanah,+250%
apple watch series 6,+160%
gamestop,+150%
shia labeouf,+110%
raiders,+70%
browns,+70%
among us,+70%
zendaya,+60%
ufc,+50%

