Category: All categories
TOP
coronavirus,100
news,29
google,25
weather,21
facebook,17
amazon,15
corona virus,15
youtube,13
walmart,11
trump,10
covid 19,9
coronavirus symptoms,9
dow,9
coronavirus update,8
flights,7
yahoo,7
craigslist,7
coronavirus tips,6
dow jones,6
cdc,5
gmail,5
translate,5
cnn,5
twitter,5
classroom,5

RISING
coronavirus tips,Breakout
rudy gobert,"+4,450%"
tom hanks coronavirus,"+3,900%"
tom hanks,"+3,600%"
martial law,"+2,000%"
my2020census gov,"+1,550%"
idris elba,"+1,500%"
rita wilson,"+1,350%"
marshall law,"+1,350%"
social distancing,+900%
donovan mitchell,+900%
trump press conference today,+800%
disney world closed,+800%
toilet paper,+700%
on my block,+650%
sylvia browne,+650%
pandemic,+550%
"march 10, 2020 democratic presidential primaries",+550%
coronavirus michigan,+550%
harvey weinstein,+400%
tom brady,+400%
covid 19,+400%
quarantine,+400%
covid 19 symptoms,+400%
covid19,+350%

