Category: All categories
TOP
walmart,100
weather,96
amazon,93
covid,81
google,77
thanksgiving,68
facebook,66
news,61
youtube,61
nfl,45
target,38
apple,38
best buy,37
trump,28
craigslist,28
home depot,28
yahoo,28
ps5,25
twitter,23
mike tyson,23
reddit,22
netflix,21
costco,21
translate,20
coronavirus,20

RISING
december global holidays,Breakout
maradona,Breakout
history of thanksgiving,Breakout
diego maradona,"+3,950%"
nate robinson,"+3,500%"
cyber monday deals,"+2,600%"
jake paul,"+2,150%"
rainbow kiss,"+2,050%"
mike tyson vs roy jones,"+2,000%"
jake paul vs nate robinson,"+1,700%"
tyson vs jones,"+1,450%"
ellen page,"+1,100%"
mike tyson,+900%
mike tyson fight,+900%
virgin river,+900%
crackstreams tyson,+850%
happy thanksgiving,+750%
roy jones jr,+550%
happiest season,+500%
how long to cook a turkey,+450%
hillbilly elegy,+450%
monolith,+350%
nate robinson knockout,+300%
happy thanksgiving images,+300%
crackstreams,+250%

