Category: All categories
TOP
google,100
weather,76
facebook,60
youtube,55
news,53
amazon,52
nba,36
walmart,35
craigslist,27
map,27
classroom,27
trump,25
gmail,23
google classroom,23
yahoo,23
apple,22
people,21
unemployment,20
instagram,18
home depot,18
coronavirus,18
translate,18
reddit,17
zoom,17
calculator,16

RISING
julius lothar meyer,Breakout
barbara hepworth,Breakout
jacob blake,Breakout
thom brennaman,"+2,850%"
rnc,"+1,650%"
steve bannon,"+1,500%"
kenosha shooting,"+1,350%"
kimberly guilfoyle,"+1,100%"
lakers vs trail blazers,"+1,050%"
california fires,+900%
hurricane tracker,+650%
kellyanne conway,+500%
bella thorne,+500%
claudia conway,+500%
kim jong un,+400%
luka doncic,+400%
hurricane,+400%
cal fire,+400%
lori loughlin,+400%
lakers game,+400%
goodyear,+350%
herschel walker,+350%
tory lanez,+350%
tropical storm,+350%
lakers,+350%

