Category: All categories
TOP
you,100
google,85
weather,62
facebook,43
youtube,43
amazon,40
news,39
walmart,23
trump,23
chadwick boseman,23
classroom,23
google classroom,22
hurricane,22
nba,20
craigslist,18
apple,17
gmail,17
yahoo,17
people,16
unemployment,16
translate,16
calculator,15
hurricane laura,14
coronavirus,13
instagram,13

RISING
chadwick boseman,Breakout
kyle rittenhouse,Breakout
rittenhouse,Breakout
black panther,"+4,800%"
chadwick boseman wife,"+3,450%"
chadwick boseman dead,"+3,200%"
chadwick boseman death,"+2,050%"
black panther 2,"+1,900%"
cobra kai,"+1,450%"
national dog day,"+1,050%"
black panther cast,+900%
leonard fournette,+750%
john thompson,+700%
anthony huber,+600%
hurricane laura,+450%
cobra kai season 3,+400%
ivanka trump,+350%
melania trump,+250%
hurricane laura path,+200%
new mutants,+190%
cdc,+180%
bella thorne,+180%
kenosha,+160%
antifa,+150%
katy perry,+140%

