Category: All categories
TOP
weather,100
facebook,78
google,74
amazon,67
news,66
youtube,52
walmart,50
coronavirus,45
trump,38
craigslist,36
unemployment,28
yahoo,27
people,26
apple,24
home depot,24
instagram,22
target,22
reddit,21
twitter,20
translate,19
lowes,19
juneteenth,18
gmail,18
fathers day,18
netflix,17

RISING
aunt jemima,"+3,150%"
chris delia,"+2,750%"
danny masterson,"+2,350%"
happy fathers day,"+2,150%"
noose,"+1,400%"
ios 14,+950%
beethoven,+800%
belmont stakes,+750%
john bolton,+700%
daca,+700%
trump rally,+650%
talladega,+550%
123 new cases,+550%
matt gaetz,+500%
premier league,+400%
idiot,+300%
the last of us 2,+250%
bubba wallace,+250%
last of us 2,+250%
barron trump,+200%
juneteenth,+190%
megan fox,+170%
what is juneteenth,+160%
atlanta police,+100%
justin bieber,+100%

