Category: All categories
TOP
you,100
google,92
trump,73
weather,57
news,54
amazon,49
facebook,49
youtube,49
debate,29
nfl,29
walmart,29
calculator,21
people,21
classroom,21
craigslist,20
translate,20
yahoo,19
twitter,19
google classroom,18
nba,18
gmail,16
coronavirus,16
instagram,15
stimulus,15
reddit,15

RISING
eddie van halen,Breakout
hope hicks,Breakout
van halen,"+4,500%"
trump covid,"+2,750%"
chris christie,"+2,150%"
helen reddy,"+1,700%"
trump coronavirus update,"+1,500%"
chris watts,"+1,350%"
proud boys,"+1,250%"
trump covid update,"+1,250%"
kellyanne conway,"+1,100%"
shanann watts,"+1,000%"
rice purity test,+900%
claudia conway,+850%
trump has covid,+800%
heat vs lakers,+800%
chrissy teigen,+700%
mickey rourke,+650%
chris wallace,+650%
president trump,+400%
kayleigh mcenany,+350%
antifa,+300%
trump twitter,+300%
donald trump,+250%
trump news,+250%

