Category: All categories
TOP
coronavirus,100
you,61
google,47
news,37
facebook,30
weather,29
amazon,25
youtube,25
covid 19,23
walmart,20
unemployment,18
zoom,13
classroom,13
google classroom,12
craigslist,12
yahoo,11
trump,10
coronavirus cases,10
gmail,10
netflix,10
calculator,9
translate,9
dow,9
instagram,9
animal crossing,8

RISING
joe diffie,Breakout
what is the 2020 census #census,"+4,700%"
john prine,"+2,200%"
until tomorrow,"+2,100%"
mark blum,"+1,950%"
my2020census.gov login,"+1,750%"
until tomorrow meaning,"+1,300%"
prince charles,"+1,100%"
carole baskin,+950%
stimulus payment,+800%
tiger king,+550%
furlough vs laid off,+450%
joe exotic,+450%
ozark,+350%
tiger,+350%
crocs,+300%
travis maldonado,+250%
symptoms of corona virus,+250%
stimulus checks,+190%
hantavirus,+190%
chris cuomo,+160%
n95 mask for sale,+150%
florida unemployment,+130%
my2020census .gov,+130%
krispy kreme,+130%

