Category: All categories
TOP
you,100
coronavirus,99
google,61
stimulus,50
weather,39
amazon,38
facebook,37
covid,34
youtube,33
news,33
irs,28
walmart,28
unemployment,26
thank you coronavirus helpers,22
covid 19,19
classroom,18
google classroom,17
craigslist,17
face,16
yahoo,14
gmail,14
calculator,13
zoom,13
home depot,13
trump,13

RISING
coronavirus tips,"+2,650%"
kim jong un,"+2,200%"
brian dennehy,"+1,950%"
the last dance,"+1,500%"
outer banks,"+1,200%"
iphone se,"+1,150%"
jerry krause,"+1,150%"
irs get my payment,+800%
stimulus check status,+750%
where is my stimulus money,+600%
irs.gov stimulus check,+600%
get my payment,+600%
michigan protest,+600%
trump immigration,+400%
michael jordan,+350%
irs stimulus check portal,+350%
rob gronkowski,+250%
irs.gov,+250%
oil prices,+200%
irs stimulus check 2020 portal,+160%
irs,+150%
irs gov,+120%
nfl draft 2020,+70%
stimulus,+60%
weather tomorrow,+50%

