Category: All categories
TOP
weather,100
amazon,73
stimulus,68
facebook,66
walmart,65
december global holidays,61
news,60
youtube,58
nfl,58
google,54
stimulus check,35
apple,32
nashville,29
nba,28
target,28
trump,28
yahoo,26
craigslist,25
usps,22
people,21
netflix,21
instagram,20
twitter,20
unemployment,19
best buy,18

RISING
nashville bomb,Breakout
nashville explosion,Breakout
stores open on christmas,"+2,700%"
bridgerton,"+2,150%"
anthony quinn warner,"+1,950%"
santa tracker,"+1,800%"
norad santa tracker,"+1,750%"
soul cast,"+1,400%"
hilaria baldwin,"+1,300%"
nashville explosion video,"+1,050%"
ww84,+900%
restaurants open on christmas,+800%
grocery stores open on christmas,+800%
wonder woman 1984,+700%
nashville,+700%
john huber,+650%
the midnight sky,+550%
buccaneers vs lions,+550%
alvin kamara,+500%
soul movie,+500%
dwayne haskins,+400%
nba scores,+400%
merry christmas,+350%
gal gadot,+350%
nba standings,+350%

