Category: All categories
TOP
you,100
weather,56
facebook,47
google,47
amazon,45
news,43
youtube,37
coronavirus,33
walmart,32
craigslist,23
unemployment,19
trump,19
yahoo,19
apple,15
instagram,15
covid 19,14
target,14
reddit,14
home depot,13
gmail,13
twitter,13
netflix,13
translate,12
calculator,11
lowes,11

RISING
dilhan eryurt,Breakout
who invented blow up dolls,"+2,050%"
tamar braxton,"+2,000%"
nick cannon,"+1,650%"
john lewis,"+1,550%"
elijah cummings,"+1,250%"
fatal affair,+750%
memorial tournament,+550%
galyn görg,+500%
megan thee stallion,+400%
tory lanez,+400%
harriet tubman,+300%
chrissy teigen,+250%
comet,+140%
kelly blue book,+120%
neowise comet,+90%
kanye west,+80%
mary trump,+80%
mlb,+60%
kim kardashian,+60%
the alienist,+60%

