Category: All categories
TOP
you,100
weather,58
google,56
facebook,50
news,47
nfl,45
amazon,36
youtube,35
walmart,27
movies,25
craigslist,24
iran,20
instagram,17
yahoo,16
trump,16
netflix,16
flights,13
nba,13
calendar,12
translate,12
gmail,12
target,11
twitter,11
patriots,11
calculator,11

RISING
ww3,Breakout
world war 3,Breakout
iran,"+3,650%"
golden globes,"+3,050%"
ricky gervais,"+3,000%"
mollie fitzgerald,"+2,200%"
australia fires,"+2,100%"
titans vs patriots,"+1,800%"
iran news,"+1,750%"
david stern,"+1,550%"
bills vs texans,"+1,350%"
nick gordon,"+1,250%"
lexii alijai,"+1,200%"
seahawks vs eagles,"+1,150%"
qassem soleimani,"+1,000%"
google classroom,"+1,000%"
cameron diaz,+800%
puerto rico earthquake,+700%
australia fires map,+700%
mike mccarthy,+550%
the grudge,+450%
carson wentz,+450%
patricia arquette,+450%
tom hanks,+400%
kate mckinnon,+400%

