Category: All categories
TOP
you,100
weather,89
google,75
nfl,52
news,49
facebook,48
amazon,41
youtube,40
football,25
craigslist,24
walmart,23
lsu,20
iran,19
yahoo,18
calculator,18
translate,16
trump,16
instagram,15
drive,15
nba,14
reddit,14
gmail,13
flights,13
classroom,13
netflix,12

RISING
neil peart,"+3,800%"
lsu clemson game 2020,"+3,450%"
titans vs ravens,"+1,900%"
texans vs chiefs,"+1,750%"
packers vs seahawks,"+1,600%"
harry and meghan,"+1,200%"
lyme disease,"+1,000%"
vikings vs 49ers,+950%
clemson vs lsu,+800%
lsu,+750%
meghan markle,+600%
clemson tigers,+550%
joe burrow,+500%
chiefs,+500%
national championship,+400%
ravens,+400%
kansas city chiefs,+350%
ncaa football championship,+350%
packers,+350%
trevor lawrence,+350%
like a boss,+300%
college football championship,+300%
lsu football,+250%
49ers,+250%
green bay packers,+250%

