Category: All categories
TOP
covid,100
weather,84
news,73
google,73
election,73
amazon,69
walmart,66
youtube,65
facebook,65
trump,50
election results,47
ps5,41
nfl,31
target,27
apple,26
craigslist,26
twitter,26
yahoo,26
coronavirus,24
veterans day,24
calculator,22
masters,21
movies,21
translate,21
instagram,21

RISING
masters leaderboard,"+4,650%"
megan is missing,"+4,400%"
mo3,"+3,350%"
dustin johnson,"+1,850%"
youtube down,"+1,400%"
jeremih,"+1,300%"
ps5 walmart,"+1,000%"
tiger woods,+800%
gamestop ps5,+650%
the masters,+550%
masters,+550%
charlie pride,+500%
playstation 5,+400%
ps5,+400%
diwali,+400%
veterans day,+350%
georgia recount,+200%
a teacher,+190%
ps5 price,+160%
gamestop,+160%
elon musk,+140%
honey baked ham,+110%
covid,+100%
cleveland browns,+100%
covid cases,+90%

