Category: All categories
TOP
weather,100
google,90
facebook,59
news,49
youtube,47
amazon,47
craigslist,28
walmart,27
games,23
movies,23
coronavirus,22
trump,22
nba,20
calculator,20
yahoo,20
translate,19
iowa caucus,18
gmail,17
instagram,17
apple,16
oscars,16
reddit,15
netflix,14
flights,13
twitter,13

RISING
kirk douglas,"+4,150%"
gayle king,"+3,500%"
orson bean,"+1,700%"
oscars,"+1,500%"
oscars 2020,"+1,350%"
robert conrad,"+1,250%"
locke and key,"+1,100%"
laura dern,+950%
nancy pelosi,+950%
school closings,+800%
renee zellweger,+750%
ufc 247,+700%
irs refund tracker,+700%
xfl,+700%
xfl schedule,+550%
parasite,+500%
jon jones,+500%
maría teresa vera,+500%
parasite movie,+450%
andrew wiggins,+450%
suns vs lakers,+450%
joaquin phoenix,+400%
mitt romney,+400%
birds of prey,+350%
pete buttigieg,+250%

