Category: All categories
TOP
google,100
weather,97
facebook,73
amazon,70
youtube,69
news,66
walmart,47
trump,36
craigslist,31
nba,30
yahoo,29
coronavirus,27
apple,26
unemployment,26
gmail,25
people,25
kamala harris,22
target,21
home depot,21
instagram,21
twitter,21
translate,19
stimulus,19
google classroom,18
usps,18

RISING
cannon hinnant,"+3,500%"
robert trump,"+2,700%"
annabelle escape,"+2,350%"
annabelle,"+2,050%"
cha cha slide,"+1,250%"
project power,"+1,000%"
ufc 252,+800%
democratic convention,+650%
nba playoffs,+350%
ncedcloud,+300%
qanon,+250%
what does wap mean,+190%
kamala harris parents,+180%
local guide program,+140%
kahoot,+130%
schoology,+130%
google classroom,+130%
clever,+110%
damian lillard,+110%
ufc,+100%
tesla stock,+100%
kamala harris,+100%
belarus,+90%
flipgrid,+90%
google meet,+90%

