Category: All categories
TOP
you,100
weather,86
google,68
facebook,48
youtube,42
news,42
amazon,39
nfl,32
craigslist,24
walmart,23
movies,21
yahoo,17
calculator,15
apple,15
instagram,15
football,14
reddit,14
translate,14
netflix,13
nba,13
flights,13
gmail,13
49ers,12
trump,12
chiefs,11

RISING
martin luther king jr. day,Breakout
mcgregor fight,"+2,300%"
delonte west,"+2,050%"
aaron hernandez,"+1,700%"
luke kuechly,"+1,500%"
coronavirus,"+1,450%"
packers vs 49ers,"+1,150%"
packers vs 49ers playoffs,"+1,100%"
conor mcgregor fight,"+1,100%"
ufc 246,"+1,050%"
rocky johnson,"+1,000%"
chiefs vs titans,+900%
conor mcgregor,+550%
ufc,+550%
australian open,+550%
gmail.com signin,+450%
betty white,+350%
aaron hernandez netflix,+300%
donald cerrone,+250%
bad boys 3,+250%
espn plus,+250%
martin luther king jr,+200%
superbowl,+150%
weather tomorrow,+120%
brad pitt,+80%

