Category: All categories
TOP
google,100
weather,58
youtube,48
facebook,44
amazon,41
news,39
nfl,35
classroom,30
google classroom,26
walmart,26
nba,20
gmail,19
yahoo,19
apple,19
calculator,19
craigslist,19
translate,19
trump,18
unemployment,16
netflix,16
reddit,15
instagram,14
zoom,13
coronavirus,12
sports,11

RISING
felicitas mendez,Breakout
terry fox,Breakout
hurricane sally,"+4,150%"
nfl scores,"+3,650%"
cuties,"+2,750%"
cuties on netflix,"+1,700%"
chris evans,"+1,650%"
diana rigg,"+1,650%"
9/11,"+1,300%"
texans vs chiefs,"+1,200%"
trump nobel peace prize,+900%
julie and the phantoms,+800%
nfl games,+750%
stevie lee,+700%
tropical storm sally,+600%
oregon fires,+500%
chiefs,+450%
travis scott burger,+400%
air quality,+400%
tom brady,+350%
premier league,+350%
dune,+350%
buccaneers,+350%
thursday night football,+350%
steelers,+300%

