Category: All categories
TOP
you,100
coronavirus,97
google,52
weather,43
facebook,38
news,35
covid,35
amazon,32
youtube,32
thank you coronavirus helpers,27
unemployment,24
walmart,24
easter,23
covid 19,20
craigslist,15
classroom,14
google classroom,13
yahoo,13
zoom,13
gmail,13
stimulus check,13
translate,12
instagram,11
netflix,11
target,10

RISING
happy easter,"+2,100%"
irs stimulus check portal,"+1,800%"
kyle larson,"+1,800%"
andrea bocelli,"+1,250%"
irs.gov direct deposit form,"+1,200%"
tarvaris jackson,"+1,050%"
wisconsin primary results,+900%
jesus christ superstar,+700%
trolls world tour,+650%
good friday,+650%
antrum,+550%
deviled eggs,+500%
bernie sanders,+400%
stimulus direct deposit date,+350%
john prine,+250%
hard boiled eggs,+200%
irs.gov,+200%
easter,+200%
dicks sporting goods,+190%
scalloped potatoes,+190%
stimulus check,+160%
killing eve,+150%
thank you coronavirus helpers,+140%
irs,+90%
h&r block,+90%

