Category: All categories
TOP
you,100
google,60
weather,54
facebook,52
news,45
amazon,45
youtube,38
walmart,30
coronavirus,23
stimulus,23
craigslist,22
unemployment,21
trump,21
yahoo,19
apple,17
nba,16
instagram,15
reddit,15
home depot,15
target,14
gmail,13
twitter,13
restaurants,13
covid-19,13
netflix,12

RISING
covid-19 prevention,Breakout
old grannies,"+3,900%"
white american doctor,"+3,100%"
wap,"+3,100%"
earthquake in nc,"+1,350%"
pga championship,"+1,050%"
fbg duck,+800%
kamala harris,+700%
jake paul,+700%
white american family,+650%
europa league,+500%
champions league,+500%
dicks sports,+500%
wop lyrics,+450%
beirut explosion video,+400%
ammonium nitrate,+400%
wap lyrics dirty,+400%
jerry falwell jr photo,+350%
tiger woods,+350%
fall guys,+300%
eversource outage map,+250%
pga leaderboard,+250%
big brother,+200%
eversource,+200%
gmaillogin,+200%

