Category: All categories
TOP
weather,100
google,67
facebook,67
amazon,64
news,60
youtube,52
walmart,42
craigslist,32
coronavirus,32
stimulus,26
yahoo,25
unemployment,25
trump,23
nba,22
hurricane,21
twitter,20
instagram,20
face,20
target,19
reddit,18
home depot,18
gmail,17
translate,16
netflix,16
tiktok,16

RISING
vicki draves,Breakout
pacita abad,Breakout
hurricane isaias,Breakout
hurricane isaias track,Breakout
isaias,Breakout
beirut,"+4,550%"
herman cain,"+2,450%"
beirut explosion today,"+2,250%"
tiktok ban,"+1,450%"
joe kelly,"+1,350%"
wilford brimley,"+1,350%"
herman cain covid,"+1,300%"
explosion in beirut,"+1,250%"
kodak stock,+950%
national girlfriends day,+850%
the umbrella academy,+550%
black is king,+550%
nba scores,+500%
nba standings,+300%
bill clinton,+300%
ellen degeneres,+250%
karen bass,+250%
ups tracking number,+200%
tiktok,+180%
apple stock,+170%

