Category: All categories
TOP
you,100
weather,60
facebook,47
google,46
news,45
amazon,43
youtube,36
walmart,30
coronavirus,25
craigslist,22
stimulus,22
unemployment,19
yahoo,18
trump,15
apple,15
instagram,14
ford,14
target,14
home depot,14
twitter,13
netflix,13
gmail,12
calculator,11
stimulus check,11
translate,11

RISING
regis philbin,Breakout
hurricane hanna,"+1,650%"
roy jones jr,"+1,500%"
taylor swift folklore,"+1,400%"
folklore,"+1,300%"
olivia de havilland,"+1,250%"
john saxon,+900%
kissing booth 2,+900%
mlb scores,+850%
taylor swift,+800%
kraken,+750%
regis philbin dead,+650%
ted yoho,+600%
peter green,+500%
mlb standings,+450%
hydroxychloroquine,+400%
red sox,+350%
vanessa morgan,+350%
mlb,+250%
cubs,+200%
yankees,+180%
mets,+130%
mlb tv,+130%
stimulus,+110%
stimulus check,+90%

