Category: All categories
TOP
weather,100
facebook,90
google,86
news,73
amazon,71
youtube,64
car,57
walmart,56
coronavirus,47
craigslist,40
unemployment,32
trump,31
yahoo,31
people,29
home depot,28
target,24
instagram,24
reddit,23
lowes,23
translate,23
twitter,22
gmail,21
netflix,21
seattle,20
restaurants,20

RISING
rayshard brooks,"+3,750%"
sushant singh rajput,"+3,300%"
chaz,"+3,150%"
local guide program,"+1,900%"
antebellum meaning,"+1,800%"
ps5 price,"+1,400%"
t mobile outage,"+1,350%"
tmobile outage,"+1,250%"
ray ciccarelli,"+1,200%"
ps5,+850%
dave chappelle,+700%
kelly clarkson,+650%
artemis fowl,+550%
paw patrol,+500%
playstation 5,+500%
lady antebellum,+500%
la liga,+450%
xbox series x,+450%
juneteenth,+400%
chris dorner,+350%
knives out,+300%
seattle protest,+200%
nicki minaj,+200%
barcelona,+190%
tmobile,+180%

