Category: All categories
TOP
christmas,100
amazon,87
google,79
weather,75
december global holidays,72
facebook,66
walmart,60
news,60
youtube,60
nfl,41
target,29
craigslist,28
yahoo,26
calculator,24
translate,23
trump,23
twitter,22
instagram,21
usps,21
home depot,20
coronavirus,20
steelers,19
gmail,19
netflix,19
unemployment,18

RISING
spotify wrapped,"+1,850%"
natalie desselle reid,"+1,550%"
selena netflix,"+1,400%"
washington vs steelers,"+1,400%"
selena quintanilla,"+1,150%"
jay alvarrez,"+1,100%"
apple music replay,+950%
selena,+800%
december global holidays,+700%
larsa pippen,+400%
liangelo ball,+350%
thursday night football,+350%
bills vs 49ers,+350%
rudy giuliani,+250%
casanova rapper,+250%
spotify,+200%
cyberpunk 2077,+200%
mulan,+170%
steelers game,+170%
steelers,+160%
byu football,+150%
euphoria,+130%
pittsburgh steelers,+120%
ravens vs steelers,+110%
barcelona,+100%

