Category: All categories
TOP
you,100
weather,64
covid,62
google,58
amazon,58
facebook,45
news,40
youtube,40
walmart,38
december global holidays,37
nfl,26
craigslist,18
trump,18
yahoo,18
usps,18
target,18
apple,16
calculator,15
twitter,15
translate,14
best buy,13
reddit,13
instagram,13
coronavirus,12
netflix,12

RISING
sir w. arthur lewis,Breakout
brandon bernard,"+2,300%"
tommy lister,"+2,200%"
tiny lister,"+2,150%"
charlie pride,"+2,050%"
keyontae johnson,"+1,600%"
deebo,"+1,050%"
airbnb stock,+450%
local guide program,+400%
nba scores,+400%
electoral college vote,+400%
taylor swift,+250%
cyberpunk 2077,+250%
jets vs seahawks,+130%
airpods max,+110%
covid vaccine,+100%
cowboys,+90%
pfizer,+90%
ufc,+70%
browns,+60%
nba,+50%
airbnb,+50%
dallas cowboys,+50%
lakers,+40%
usps tracking,+40%

