Category: All categories
TOP
google,100
coronavirus,47
weather,46
facebook,44
amazon,42
youtube,36
news,36
popular google doodle games,33
walmart,32
unemployment,23
craigslist,19
people,17
google classroom,17
classroom,17
home depot,16
yahoo,16
calculator,15
gmail,15
translate,14
stimulus check,14
lowes,13
irs,13
target,13
netflix,13
instagram,12

RISING
murder hornet,Breakout
teacher appreciation week,"+4,800%"
rishi kapoor,"+1,800%"
cinco de mayo,"+1,500%"
don shula,"+1,450%"
irs tax stimulus checks,"+1,050%"
hollywood netflix,+850%
sam lloyd,+800%
remdesivir,+550%
elon musk,+450%
andy dalton,+400%
gilead stock,+200%
margarita recipe,+170%
popular google doodle games,+150%
parks and rec,+140%
tara reade,+120%
mothers day,+120%
juegos de doodles de google populares,+120%
when is mothers day,+110%
jcrew,+110%
mothers day gifts,+90%
tesla stock,+80%
indiana stay at home order,+60%
ufo,+50%
dairy queen,+40%

