Category: All categories
TOP
you,100
super bowl,84
google,81
weather,67
facebook,54
news,45
youtube,43
amazon,40
kobe,37
coronavirus,33
super bowl 2020,32
food,26
superbowl,26
craigslist,24
kobe bryant,24
super bowl time,23
walmart,22
calculator,20
people,19
yahoo,19
translate,17
trump,17
nba,16
chiefs,16
caucus,16

RISING
greensboro sit-in,Breakout
iowa caucus results,Breakout
shakira,"+4,350%"
iowa caucus,"+3,950%"
super bowl score,"+3,200%"
super bowl 2020 time,"+3,200%"
caucus,"+2,850%"
superbowl score,"+2,550%"
shakira age,"+2,100%"
halftime show 2020,"+2,050%"
shaun weiss,"+2,000%"
super bowl time,"+1,850%"
wheres my refund.com,"+1,700%"
j lo,"+1,500%"
how old is shakira,"+1,400%"
what time is the super bowl,"+1,250%"
super bowl halftime show 2020,"+1,250%"
jennifer lopez,"+1,200%"
49ers vs chiefs,"+1,150%"
groundhog day 2020,"+1,150%"
null,"+1,150%"
andy reid,"+1,050%"
superbowl 2020 halftime,+950%
patrick mahomes,+750%
mahomes,+750%

