Category: All categories
TOP
google,100
weather,58
coronavirus,50
amazon,48
facebook,47
youtube,41
news,39
walmart,33
popular google doodle games,30
craigslist,22
unemployment,22
stimulus,20
mothers day,20
classroom,19
yahoo,18
google classroom,17
calculator,16
translate,16
gmail,16
home depot,16
covid 19,15
target,14
instagram,14
netflix,14
map,14

RISING
little richard,"+4,050%"
plandemic,"+3,100%"
jerry stiller,"+2,950%"
happy mothers day,"+2,850%"
happy mothers day images,"+2,850%"
ahmaud arbery,"+2,200%"
andre harrell,"+2,150%"
earl thomas,"+1,500%"
adele weight loss 2020,"+1,300%"
roy horn,"+1,300%"
corey la barrie,"+1,300%"
betty wright,"+1,100%"
adele,"+1,100%"
ahmaud arbery video,"+1,100%"
vera wang,"+1,050%"
elon musk baby name,+950%
mothers day quotes,+950%
ufc 249,+900%
6ix9ine,+850%
dicks sport,+500%
kawasaki disease,+250%
betty white,+200%
elon musk,+160%
mothers day,+140%
irs stimulus check status,+130%

