Category: All categories
TOP
you,100
weather,73
google,60
facebook,50
amazon,47
news,45
youtube,43
trump,31
walmart,30
halloween,28
nfl,27
biden,23
craigslist,22
yahoo,20
debate,19
apple,19
people,19
calculator,16
translate,16
dodgers,15
instagram,14
reddit,14
coronavirus,13
twitter,13
stimulus,13

RISING
stamen grigorov,Breakout
who won the debate,"+1,400%"
debate tonight,"+1,400%"
maria bakalova,"+1,350%"
space movie 1992,"+1,150%"
borat,"+1,000%"
borat 2,+900%
noah cyrus,+800%
60 minutes,+650%
cowboys vs washington,+650%
after we collided,+600%
antonio brown,+600%
hummer ev,+600%
ufc 254,+550%
dodgers vs rays,+450%
fracking,+450%
rudy giuliani,+450%
barcelona vs real madrid,+400%
sacha baron cohen,+350%
debate,+350%
penn state football,+350%
kristen welker,+300%
quibi,+300%
what is fracking,+250%
real madrid,+250%

