Category: All categories
TOP
election,100
election results,67
election 2020,35
election results 2020,23
election results #election2020,12
presidential election,11
trump,9
you,9
news,9
biden,8
presidential election 2020,6
google,5
weather,5
live election,5
fox,5
president,4
facebook,4
youtube,4
live election results,4
electoral votes,4
amazon,4
fox news,4
cnn,3
who won the election,3
polls,3

RISING
nevada election results,Breakout
georgia election results 2020,Breakout
arizona election results,Breakout
arizona election results 2020,Breakout
alex trebek,Breakout
election results 2020,Breakout
senate election results,Breakout
2020 united states presidential elections,Breakout
dónde resultados de las elecciones #election2020,Breakout
pennsylvania election results,Breakout
nevada electoral votes,Breakout
michigan election results 2020,Breakout
2020 united states presidential election,"+4,250%"
cnn election results,"+4,250%"
king von,"+3,850%"
wisconsin election results 2020,"+3,600%"
presidential election 2020,"+3,450%"
election results,"+3,450%"
who won the election 2020 president,"+3,250%"
presidential election results,"+3,250%"
presidential results,"+3,150%"
parler,"+3,000%"
us election results,"+2,850%"
who won the election today,"+2,850%"
presidential election results 2020,"+2,850%"

