Category: All categories
TOP
you,100
google,62
weather,60
amazon,48
facebook,47
youtube,43
news,43
trump,29
walmart,28
nfl,28
apple,23
nba,20
craigslist,19
yahoo,19
debate,18
lakers,17
calculator,17
translate,16
twitter,15
instagram,15
reddit,14
gmail,13
home depot,13
classroom,12
unemployment,12

RISING
mary ann shadd,Breakout
dak prescott injury,"+3,900%"
dak prescott,"+2,950%"
hubie halloween,"+1,300%"
fracking,"+1,250%"
haunting of bly manor,"+1,150%"
hurricane delta track,+650%
amazon prime day,+550%
25th amendment,+450%
vp debate,+400%
hurricane delta,+350%
kamala harris,+350%
haunting of hill house,+300%
danny green,+250%
tampa bay rays,+200%
vice presidential debate,+200%
cameron boyce,+200%
djokovic,+190%
iphone 12,+140%
wolfgang van halen,+130%
cardi b,+130%
dodgers,+120%
rice purity test,+100%
astros,+90%
amy coney barrett,+90%

