Category: All categories
TOP
facebook,100
weather,100
google,85
amazon,66
news,65
youtube,61
food,49
nfl,49
bloomovie .com,38
walmart,37
instagram,34
apple,32
yahoo,31
craigslist,25
restaurants,24
mlb,24
reddit,22
calculator,22
translate,22
squid game,21
sports,19
powerball,19
twitter,19
gmail,18
netflix,18

RISING
maría de los ángeles alvariño gonzález,Breakout
facebook down,Breakout
instagram down,"+4,200%"
is facebook down,"+3,800%"
urban meyer,"+2,150%"
is instagram down,"+1,900%"
urban meyer video,"+1,500%"
raiders vs chargers,+950%
pandora papers,+950%
rodolfo corky gonzales,+850%
jaguars vs bengals,+450%
the many saints of newark,+350%
venom 2,+300%
miya marcano,+300%
kyrsten sinema,+300%
addams family 2,+300%
venom,+300%
britney spears,+200%
patriots,+180%
mariners,+150%
powerball,+130%
powerball numbers,+130%
squid game,+120%
bengals,+120%
chargers,+110%

