Category: All categories
TOP
you,100
stimulus,59
weather,59
google,42
facebook,36
amazon,35
stimulus check,34
youtube,34
news,33
covid vaccine,25
irs,25
walmart,24
yahoo,17
craigslist,17
calculator,14
people,14
reddit,12
get my payment,12
translate,11
home depot,11
nba,11
instagram,10
gmail,10
cvs,10
target,10

RISING
dr. wu lien-teh,Breakout
sarah everard,"+2,150%"
marvin hagler,"+1,850%"
stimulus tracker,"+1,450%"
madison lecroy,"+1,300%"
get my payment,"+1,200%"
grammys 2021,"+1,050%"
get my payment irs,"+1,050%"
kirk franklin,"+1,000%"
grammy winners 2021,+950%
stimulus check tracker,+900%
irs stimulus check 3,+850%
track my stimulus,+850%
irs stimulus tracker,+850%
irs stimulus,+650%
meyers leonard,+600%
irs stimulus check,+550%
roblox stock,+450%
irs.gov get my payment,+450%
jennifer lopez,+400%
drew brees,+350%
dua lipa,+350%
ohio state basketball,+250%
stimulus check 2021,+200%
irs.gov,+190%

