Category: All categories
TOP
news,100
trump,86
weather,80
google,78
facebook,69
nfl,67
amazon,65
georgia,61
youtube,59
twitter,45
walmart,42
capitol,37
yahoo,30
craigslist,27
cnn,27
irs,26
stimulus check,25
unemployment,25
georgia election,24
nba,21
election results,21
calculator,21
instagram,20
translate,20
reddit,20

RISING
25th amendment,Breakout
insurrection,"+4,600%"
capitol building,"+4,500%"
capitol,"+4,250%"
parler,"+3,100%"
woman shot at capitol,"+3,000%"
jeffree star,"+2,650%"
parler app,"+2,300%"
antifa,"+2,150%"
dr dre,"+2,050%"
25th amendment trump,"+1,900%"
insurrection definition,"+1,800%"
kanye and jeffree star,"+1,700%"
what is the 25th amendment,"+1,300%"
kanye west,"+1,150%"
the weeknd,"+1,050%"
kanye west and jeffree star,"+1,000%"
australia vs india,+950%
qanon,+850%
georgia election results,+850%
ga election results,+750%
georgia election results 2021,+750%
alabama vs ohio state,+650%
taylor heinicke,+650%
parlor app,+650%

