Category: All categories
TOP
you,100
weather,60
google,47
news,40
facebook,38
amazon,38
youtube,36
nfl,32
bloomovie .com,24
walmart,23
apple,19
yahoo,18
craigslist,16
reddit,14
calculator,14
translate,13
instagram,12
sports,12
gmail,11
twitter,11
9/11,11
target,11
home depot,10
us open,10
espn,9

RISING
norm macdonald,"+3,900%"
met gala,"+3,800%"
met gala 2021,"+3,550%"
nfl scores,"+1,850%"
met gala 2021 theme,"+1,550%"
hurricane nicholas,"+1,400%"
tropical storm nicholas,"+1,350%"
cowboys vs bucs,"+1,100%"
steve blues clues,"+1,100%"
vmas 2021,+850%
megan fox,+550%
9/11,+550%
champions league,+550%
emma raducanu,+500%
vaccine mandate,+450%
tampa bay buccaneers,+400%
malignant,+400%
ravens,+400%
machine gun kelly,+350%
grandparents day 2021,+300%
latavius murray,+300%
raiders,+250%
cowboys,+200%
liga mx,+200%
baltimore ravens,+200%

