Category: All categories
TOP
you,100
weather,72
google,47
amazon,45
facebook,37
youtube,34
news,33
nba,32
walmart,27
juneteenth,20
yahoo,17
craigslist,16
apple,14
reddit,14
home depot,13
instagram,13
target,12
translate,12
lowes,10
twitter,10
fathers day,10
flights,10
amazon prime,10
calculator,10
food near me,10

RISING
summer season,"+4,850%"
us open leaderboard,"+2,900%"
juneteenth federal holiday,"+2,300%"
carl nassib,"+1,950%"
happy fathers day,"+1,900%"
happy fathers day images,"+1,200%"
fatherhood,+900%
juneteenth,+900%
magnesium iron silicate hydroxide,+850%
us open,+750%
what is juneteenth,+650%
ben simmons,+550%
india vs new zealand,+450%
amazon prime day,+450%
summer solstice 2021,+400%
luca,+400%
kawhi leonard,+350%
luca movie,+250%
first day of summer 2021,+200%
chris paul,+180%
yellowstone season 4,+150%
kevin durant,+130%
fathers day,+120%
nets vs bucks,+120%
hawks,+120%

