Category: All categories
TOP
you,100
weather,68
google,49
facebook,40
amazon,38
youtube,37
news,36
walmart,25
yahoo,17
craigslist,17
nba,15
calculator,14
apple,14
translate,14
dogecoin,13
reddit,13
instagram,13
home depot,12
target,11
gmail,10
twitter,10
lowes,10
food near me,10
netflix,9
sports,9

RISING
tawny kitaen,"+3,850%"
happy mothers day,"+2,650%"
chinese rocket,"+2,100%"
happy mothers day images,"+1,950%"
gas shortage,"+1,700%"
feliz dia de las madres,"+1,400%"
canelo vs saunders,"+1,300%"
jake ehlinger,"+1,200%"
shiba inu coin,"+1,200%"
chinese rocket tracker,+850%
happy mothers day quotes,+750%
aspergers,+650%
canelo fight,+600%
selena quintanilla,+450%
elon musk snl,+300%
elon musk,+250%
serena williams,+250%
cinco de mayo,+200%
liz cheney,+200%
what is cinco de mayo,+200%
safemoon,+150%
dogecoin price,+150%
dogecoin,+140%
floyd mayweather,+130%
safemoon price,+120%

