Category: All categories
TOP
weather,100
google,72
amazon,57
facebook,56
youtube,56
news,51
nba,42
walmart,37
pizza,28
yahoo,27
craigslist,26
games,25
reddit,22
translate,21
calculator,20
instagram,20
home depot,20
target,18
twitter,17
gmail,16
unemployment,16
lowes,16
sports,14
bitcoin,14
flights,13

RISING
phil mickelson,"+2,900%"
paul mooney,"+2,450%"
fresh prince of bel air,"+2,300%"
the fresh prince of bel air,"+2,150%"
pga championship,"+1,000%"
pga championship 2021,+650%
demi lovato,+400%
julio jones,+400%
ford lightning,+350%
army of the dead,+300%
kiawah island,+250%
friends reunion,+190%
lil nas x,+190%
nba playoffs,+160%
grizzlies vs warriors,+140%
portable air conditioner,+120%
olivia rodrigo,+90%
nhl scores,+90%
penguins,+90%
nba games,+90%
warriors,+80%
wizards,+80%
american idol 2021,+70%
memorial day,+60%
bruins,+60%

