Category: All categories
TOP
weather,100
covid,81
olympics,64
google,61
facebook,61
news,61
amazon,61
youtube,53
walmart,41
yahoo,27
craigslist,26
movies,25
people,24
medal count,21
ford,21
instagram,21
delta,19
target,19
translate,18
mlb,18
twitter,17
home depot,17
nba,17
calculator,17
food near me,17

RISING
turkana human,Breakout
dusty hill,"+3,450%"
mexico vs usa,"+2,150%"
chris chan,"+1,750%"
carol sutton,"+1,650%"
bob odenkirk,"+1,650%"
alaska earthquake,+950%
olympic golf leaderboard,+850%
jay pickett,+850%
suni lee,+750%
anthony rizzo,+750%
mexico vs canada,+650%
olympics 2020 medals,+650%
joey gallo,+500%
caeleb dressel,+500%
olympic golf,+500%
outer banks,+450%
kris bryant,+450%
the green knight,+300%
dababy,+300%
nba draft,+250%
mlb trades,+250%
jungle cruise,+250%
cade cunningham,+250%
nba draft 2021,+250%

