Category: All categories
TOP
you,100
weather,50
news,48
google,46
facebook,41
amazon,40
nfl,38
youtube,37
trump,28
walmart,23
yahoo,18
craigslist,18
powerball,15
unemployment,15
apple,14
nba,14
twitter,13
calculator,13
netflix,13
instagram,12
translate,12
mega millions,12
target,12
gmail,11
home depot,11

RISING
james naismith,Breakout
night stalker,"+1,550%"
phil spector,"+1,350%"
browns vs chiefs,"+1,350%"
martin luther king day,"+1,300%"
james harden,"+1,200%"
richard ramirez,"+1,100%"
cassie compton,+650%
skai jackson,+650%
patrick mahomes,+600%
minka kelly,+500%
betty white,+450%
wandavision,+450%
martin luther king jr,+450%
one night in miami,+400%
difficult person test,+350%
klete keller,+350%
chiefs,+350%
jim brown,+300%
armie hammer,+300%
mega millions drawing,+300%
drew brees,+250%
packers,+250%
impeachment,+200%
kansas city chiefs,+200%

