Category: All categories
TOP
you,100
weather,71
google,43
amazon,42
facebook,40
youtube,34
news,34
nba,34
food,29
walmart,27
logan paul,22
craigslist,17
yahoo,17
logan paul vs mayweather,16
movies,16
apple,14
reddit,13
instagram,13
translate,12
home depot,12
amc,12
target,11
gmail,11
calculator,11
lowes,10

RISING
frank kameny,Breakout
mexico vs usa,"+3,700%"
logan paul vs mayweather,"+3,500%"
mayweather vs logan paul time,"+3,200%"
floyd mayweather vs logan paul,"+3,100%"
who won floyd vs logan,"+2,850%"
fauci emails,"+2,700%"
logan paul,"+2,550%"
floyd mayweather,"+1,850%"
fauci,"+1,050%"
sweet tooth,+800%
jake paul vs mayweather,+750%
conjuring 3,+350%
bb stock,+350%
memorial tournament,+300%
betty broderick,+300%
crackstreams,+250%
blackberry stock,+200%
french open,+160%
roland garros,+160%
bo burnham,+160%
roger federer,+120%
amc stock,+90%
amc,+80%
suns,+60%

