Category: All categories
TOP
weather,100
amazon,47
google,47
facebook,46
news,45
youtube,44
walmart,34
nba,28
craigslist,21
yahoo,21
map,20
apple,17
home depot,17
4th of july,16
target,16
instagram,15
translate,14
netflix,14
food near me,13
costco,13
mlb,13
twitter,13
flights,12
lowes,12
calculator,12

RISING
ludwig guttmann,Breakout
ángela peralta,Breakout
hurricane elsa,Breakout
elsa storm,Breakout
tropical storm elsa,"+4,050%"
bill cosby,"+3,750%"
independence day,"+2,050%"
biz markie,"+1,750%"
hurricane elsa path,"+1,650%"
happy 4th of july,"+1,250%"
hurricane elsa tracker,"+1,250%"
rachel nichols,"+1,200%"
donald rumsfeld,"+1,150%"
tomorrow war,"+1,000%"
fear street,+900%
trevor bauer,+850%
the tomorrow war,+700%
fireworks near me,+700%
the forever purge,+500%
tom holland,+450%
zendaya,+450%
national hurricane center,+400%
4th of july,+350%
fourth of july,+350%
nba finals,+300%

