Category: All categories
TOP
weather,100
google,67
amazon,58
facebook,55
news,54
youtube,53
walmart,40
covid vaccine,35
craigslist,27
yahoo,25
irs,23
nba,21
calculator,20
reddit,20
translate,20
home depot,19
instagram,17
stimulus check,17
target,16
gmail,16
cvs,16
unemployment,16
lowes,15
twitter,15
food near me,13

RISING
suez canal,Breakout
lil nas x,"+2,700%"
jessica walter,"+2,400%"
george segal,"+2,000%"
lil nas x shoe,"+1,750%"
luke 10 18,"+1,300%"
suez canal blocked,+900%
aimee challenor,+550%
palm sunday,+500%
the irregulars,+450%
derek chauvin,+350%
miami open 2021,+350%
full moon march 2021,+300%
godzilla vs kong,+200%
evergreen,+160%
passover 2021,+130%
baylor basketball,+90%
paige bueckers,+80%
ufc,+70%
sweet 16,+60%
celtics,+40%

