Category: All categories
TOP
you,100
weather,63
google,46
amazon,40
facebook,39
youtube,36
news,36
dmx,27
walmart,26
covid vaccine,20
yahoo,18
craigslist,18
masters,16
reddit,15
home depot,14
translate,13
calculator,13
nba,12
map,12
instagram,12
lowes,11
target,11
gmail,10
unemployment,10
twitter,10

RISING
metropolitan museum of art,Breakout
prince philip,"+4,150%"
the metropolitan museum of art,"+3,650%"
daunte wright,"+3,600%"
masters leaderboard,"+3,250%"
phillip adams,"+2,700%"
masters leaderboard 2021,"+2,350%"
brenda song,"+1,800%"
prince phillip,"+1,300%"
hideki matsuyama,+950%
dmx death,+700%
national siblings day 2021,+600%
masters 2021,+550%
bad bunny tour 2022,+550%
the masters,+550%
queen elizabeth,+550%
masters,+450%
khloe kardashian photo,+450%
ramadan 2021,+350%
prince charles,+300%
dmx net worth,+130%
dmx,+100%
johnson and johnson vaccine,+90%
mlb standings,+80%
dmx update,+80%

