Category: All categories
TOP
you,100
weather,75
home,41
google,40
amazon,39
facebook,39
news,36
youtube,34
food,31
nba,27
walmart,25
yahoo,17
craigslist,17
movies,17
apple,13
home depot,13
instagram,12
translate,12
target,12
food near me,11
calculator,10
twitter,10
sports,10
lowes,9
gmail,9

RISING
tommy kono,Breakout
pedro linares,Breakout
building collapse,Breakout
miami condo collapse,Breakout
miami building collapse,"+4,900%"
florida building collapse,"+4,400%"
john mcafee,"+3,700%"
surfside building collapse,"+1,750%"
britney spears,"+1,650%"
pedro linares lópez,"+1,200%"
derek chauvin,"+1,150%"
bet awards 2021,+900%
bucks vs hawks,+700%
alex caruso,+600%
gervonta davis,+550%
tour de france 2021,+450%
fast and furious 9,+350%
suns vs clippers,+300%
f9,+300%
cardi b,+200%
suns,+180%
simone biles,+180%
delta variant,+110%
astros vs tigers,+100%
phoenix suns,+90%

