Category: All categories
TOP
weather,100
christmas,97
covid,85
amazon,73
google,62
facebook,56
youtube,54
news,52
nfl,51
walmart,47
yahoo,27
spider man,26
apple,26
target,25
people,22
reddit,22
walgreens,20
cvs,20
craigslist,18
nba,18
instagram,18
translate,18
calculator,17
gmail,15
twitter,15

RISING
émilie du châtelet,Breakout
winter season,"+3,800%"
donald parham,"+2,450%"
drakeo the ruler,"+2,350%"
jake paul,"+1,300%"
hitman holla video,"+1,150%"
joe manchin,+750%
jake paul vs tyron woodley 2,+700%
jackson state football,+600%
jackson mahomes,+550%
andrew garfield,+550%
the witcher,+400%
urban meyer,+400%
spider man no way home,+350%
omicron symptoms,+350%
tobey maguire,+300%
spider man,+250%
tom holland,+250%
spiderman,+250%
spider man far from home,+250%
zendaya,+200%
wisconsin volleyball,+190%
high wind warning,+190%
omicron,+170%
kim jong un north korean,+160%

