Category: All categories
TOP
weather,100
google,75
amazon,68
facebook,68
youtube,63
news,61
easter,55
walmart,53
covid vaccine,41
craigslist,32
yahoo,31
people,26
home depot,25
translate,23
dmx,22
apple,22
target,22
ncaa,22
nba,21
calculator,21
irs,21
instagram,20
lowes,19
gmail,18
cvs,18

RISING
dmx,Breakout
covid-19 prevention,Breakout
baylor vs gonzaga,"+2,450%"
dmx update,"+2,300%"
happy easter,"+1,700%"
matt gaetz,"+1,400%"
paul pierce,"+1,350%"
noah green,"+1,250%"
roy williams,+950%
bhad bhabie,+850%
ncaa championship,+750%
april fools pranks,+700%
50 most popular women,+700%
happy easter images,+700%
outriders,+650%
picrew,+650%
mlb scores,+550%
final four,+500%
april fools day,+450%
gonzaga,+400%
michael rapaport,+400%
what lies below,+350%
rege jean page,+300%
champions league,+250%
mlb,+250%

