Category: All categories
TOP
weather,100
google,39
news,35
facebook,33
amazon,32
youtube,31
walmart,23
food,22
pizza,17
go,17
yahoo,15
craigslist,15
reddit,13
calculator,12
trump,12
nba,12
stimulus,12
translate,11
instagram,11
netflix,11
twitter,10
gmail,10
unemployment,10
target,10
home depot,9

RISING
maría grever,Breakout
gina carano,"+3,350%"
vincent jackson,"+2,850%"
fort worth accident,"+2,050%"
cecil hotel,"+1,950%"
oncor,"+1,900%"
acquit,"+1,650%"
elisa lam,"+1,400%"
lunar new year,"+1,350%"
daytona 500,"+1,300%"
happy valentines day,"+1,150%"
stacey plaskett,+850%
larry flynt,+800%
judas and the black messiah,+500%
ravi zacharias,+450%
australian open,+350%
dallas weather,+350%
centerpoint,+350%
war dogs,+300%
nascar,+300%
australian open 2021,+300%
houston weather,+300%
champions league,+300%
cara dune,+250%
jamie raskin,+250%

