Category: All categories
TOP
weather,100
google,55
amazon,46
facebook,45
news,45
youtube,42
food,37
walmart,31
nba,24
craigslist,20
yahoo,19
reddit,17
people,17
apple,16
instagram,15
target,14
mlb,14
home depot,14
translate,13
gmail,13
calculator,13
twitter,12
food near me,12
ufc,12
netflix,12

RISING
england vs italy,"+3,150%"
argentina vs brazil,"+1,900%"
conor mcgregor vs dustin poirier,"+1,250%"
mcgregor fight,"+1,200%"
conor mcgregor,"+1,100%"
ufc 264,"+1,000%"
mcgregor vs poirier 3,+850%
amari bailey,+850%
richard branson,+800%
johanna leia,+750%
usa basketball,+700%
england vs denmark,+650%
suns vs bucks,+650%
virgin river,+550%
ufc,+400%
black widow,+400%
gold cup,+300%
cuba,+200%
michael avenatti,+190%
scarlett johansson,+160%
flash flood watch,+140%
nba finals,+100%
suns,+90%
child tax credit,+70%
megan fox,+60%

