Category: All categories
TOP
you,100
weather,70
halloween,60
google,52
facebook,42
youtube,37
news,37
amazon,37
nfl,30
walmart,28
braves,22
world series,18
yahoo,18
apple,17
nba,15
astros,15
reddit,15
translate,15
craigslist,14
instagram,14
target,14
calculator,13
twitter,12
sports,11
home depot,10

RISING
halloween holiday,"+3,350%"
octavio ocaña,"+2,150%"
henry ruggs,"+1,400%"
day of the dead,"+1,300%"
kal penn,"+1,150%"
colin kaepernick,+750%
astros vs braves,+750%
meta,+650%
dak prescott,+450%
metaverse,+250%
world series,+250%
dia de los muertos,+250%
last minute halloween costumes,+200%
last night in soho,+200%
trunk or treat near me,+180%
shiba inu coin price,+160%
roblox,+160%
daylight savings 2021,+130%
when does the time change,+130%
shiba inu coin,+130%
michigan state football,+120%
derrick henry,+110%
cowboys,+100%
world series 2021,+100%
jj watt,+100%

