Category: All categories
TOP
you,100
weather,69
google,50
amazon,39
facebook,39
youtube,37
news,37
walmart,24
pizza,21
yahoo,18
craigslist,18
apple,15
calculator,15
home depot,14
reddit,14
translate,14
nba,13
instagram,13
mortal kombat,12
gmail,12
covid vaccine,11
target,11
netflix,10
twitter,10
lowes,10

RISING
anne mclaren,Breakout
terrence clarke,"+2,500%"
makhia bryant,"+1,850%"
shock g,"+1,500%"
pink moon,"+1,300%"
mortal kombat characters,"+1,300%"
makiyah bryant,"+1,300%"
chris weidman,"+1,250%"
andrew brown,"+1,250%"
oscars 2021,"+1,050%"
ufc 261,"+1,050%"
pink moon 2021,+950%
women-led restaurants,+700%
zac efron,+650%
andrew brown jr,+650%
nomadland,+600%
mortal kombat,+450%
rose namajunas,+400%
digital underground,+400%
demon slayer movie,+300%
lebron james,+300%
india covid,+250%
oscar nominations 2021,+250%
ufc,+130%
la liga,+100%

