Category: All categories
TOP
weather,100
covid,88
news,62
google,54
facebook,53
amazon,53
youtube,48
walmart,38
gnulla.biz,25
yahoo,24
craigslist,21
instagram,17
target,17
twitter,16
afghanistan,16
nfl,16
translate,15
home depot,14
calculator,14
food near me,14
netflix,14
mlb,13
cvs,13
sports,13
gmail,13

RISING
taliban,"+2,800%"
afghanistan,"+2,650%"
haiti earthquake,"+2,100%"
afghanistan news,"+2,050%"
tropical storm fred,"+1,500%"
nanci griffith,+900%
haiti,+900%
dte outage map,+750%
field of dreams,+550%
tropical storm grace,+550%
field of dreams game,+400%
nfl scores,+350%
premier league,+300%
severe thunderstorm warning,+300%
tim tebow,+300%
free guy,+300%
child tax credit,+200%
brendan fraser,+200%
excessive heat warning,+160%
google classroom,+120%
national hurricane center,+120%
raiders,+100%
nfl preseason,+80%
kahoot,+70%
britney spears,+70%

