Category: All categories
TOP
weather,100
olympics,68
amazon,64
covid,63
facebook,63
google,63
news,62
youtube,56
walmart,43
yahoo,28
craigslist,27
reddit,23
instagram,21
nba,19
target,19
translate,19
home depot,18
food near me,17
twitter,17
delta,17
olympics 2021,16
sports,16
gmail,16
calculator,16
netflix,15

RISING
medal count,Breakout
olympic medal count,Breakout
olympic games tokyo 2020,"+3,700%"
roc olympics,"+2,000%"
simone biles,"+1,800%"
simone biles olympics,"+1,700%"
tommy dorfman,"+1,650%"
cleveland guardians,"+1,250%"
donda,"+1,250%"
olympic schedule,"+1,150%"
mexico vs honduras,"+1,100%"
tokyo olympics,"+1,050%"
katie ledecky,"+1,050%"
olympics schedule,"+1,050%"
olympics,+950%
joey jordison,+800%
michael phelps,+650%
artistic gymnastics olympic games tokyo 2020,+650%
olympic schedule 2021,+600%
soccer olympic games tokyo 2020,+600%
olympics 2021,+600%
bobby bowden,+350%
liga mx,+300%
snake eyes,+250%
full moon july 2021,+250%

