Category: All categories
TOP
weather,100
covid,85
google,79
news,61
facebook,60
amazon,58
youtube,57
biden,50
trump,44
nfl,39
walmart,36
inauguration,30
yahoo,28
lottery,27
mega millions,26
people,26
craigslist,24
unemployment,23
calculator,22
reddit,20
apple,20
nba,20
twitter,20
translate,19
instagram,19

RISING
larry king,"+4,500%"
hank aaron,"+4,300%"
amanda gorman,"+4,100%"
bernie sanders mittens,"+3,500%"
bernie sanders,"+3,200%"
jen psaki,"+1,500%"
mcgregor vs poirier,"+1,250%"
jojo siwa,"+1,250%"
bills vs chiefs,"+1,250%"
conor mcgregor vs dustin poirier,"+1,200%"
ufc 257,"+1,000%"
mcgregor fight,+900%
kodak black,+800%
buccaneers vs packers,+750%
jill biden,+750%
claudia conway,+650%
conor mcgregor,+650%
lady gaga,+550%
godzilla vs kong,+500%
travis barker,+450%
gamestop stock,+450%
mega millions winner,+400%
beau biden,+350%
where does the vice president live,+350%
kamala harris children,+350%

