Category: All categories
TOP
stimulus,100
weather,97
amazon,76
facebook,72
news,69
google,68
stimulus check,64
walmart,61
youtube,60
nfl,51
irs,35
craigslist,30
yahoo,29
apple,29
unemployment,27
trump,27
nba,25
target,25
instagram,24
twitter,23
netflix,22
reddit,22
home depot,21
ford,20
translate,19

RISING
elizabeth peratrovich,Breakout
tanya roberts,"+4,450%"
mf doom,"+4,300%"
dawn wells,"+2,300%"
clemson vs ohio state,"+1,850%"
luke letlow,"+1,450%"
irs get my payment,"+1,350%"
get my payment,"+1,300%"
happy new year 2021,+850%
ryan garcia,+800%
irs stimulus,+700%
happy new year,+700%
irs stimulus check,+700%
irs.gov,+650%
olivia wilde,+650%
cobra kai,+650%
justin fields,+600%
stimulus check status,+550%
tina louise,+500%
irs,+500%
cobra kai cast,+500%
clemson football,+450%
ohio state football,+450%
h&r block,+450%
rose bowl 2021,+400%

