Category: All categories
TOP
super bowl,100
weather,96
google,68
amazon,54
facebook,50
news,49
youtube,48
super bowl 2021,44
walmart,32
superbowl,25
covid vaccine,24
stimulus,24
yahoo,24
craigslist,22
people,21
calculator,20
nfl,19
reddit,18
translate,18
nba,18
instagram,17
twitter,16
tom brady,16
stimulus check,15
unemployment,15

RISING
christopher plummer,"+2,900%"
shailene woodley,"+2,800%"
super bowl score,"+2,250%"
superbowl score,"+2,100%"
who won the super bowl 2021,"+1,950%"
superbowl time,"+1,500%"
what time is the super bowl,"+1,500%"
halftime show 2021,"+1,450%"
super bowl time,"+1,300%"
gronkowski,"+1,250%"
firefly lane,"+1,250%"
what time does the super bowl start,"+1,250%"
morgan wallen,"+1,200%"
chiefs vs buccaneers,"+1,150%"
super bowl halftime show 2021,"+1,050%"
andy reid,"+1,000%"
aaron rodgers engaged,"+1,000%"
lil uzi vert,+850%
what channel is the super bowl on,+800%
the weeknd,+750%
superbowl,+700%
tom brady,+700%
super bowl,+650%
mahomes,+550%
the weekend,+550%

