Category: All categories
TOP
weather,100
google,75
facebook,60
amazon,58
news,57
youtube,55
nfl,48
walmart,37
halloween,36
go,32
apple,29
yahoo,27
movies,27
mlb,26
people,25
bloomovie .com,25
craigslist,24
translate,23
calculator,20
instagram,19
sports,18
squid game,18
netflix,18
twitter,17
dodgers,17

RISING
helena modrzejewska,Breakout
gruden,"+3,750%"
jon gruden,"+3,300%"
zodiac killer,"+2,750%"
jon gruden email,"+1,450%"
tyson fury,"+1,400%"
jaylon smith,"+1,400%"
fury vs wilder 3,"+1,150%"
alabama vs texas a&m,+900%
dave chappelle,+850%
gary francis poste,+650%
columbus day,+550%
texas school shooting,+500%
eliminatorias concacaf,+450%
indian wells,+450%
russell wilson,+400%
spencer rattler,+300%
white sox,+300%
mlb playoffs,+300%
baseball playoffs,+200%
astros,+190%
shiba inu coin,+190%
rays,+160%
dodgers,+120%
red sox,+120%

