Category: All categories
TOP
weather,100
google,61
amazon,51
facebook,48
news,48
youtube,46
walmart,30
gme,25
gamestop,24
yahoo,23
reddit,23
covid vaccine,22
craigslist,21
amc,20
calculator,18
translate,18
apple,18
unemployment,17
nba,17
twitter,16
instagram,16
amc stock,16
netflix,15
gmail,14
gamestop stock,14

RISING
cicely tyson,"+4,450%"
dogecoin,"+4,200%"
cloris leachman,"+2,750%"
what dinosaur has 500 teeth,"+2,600%"
dogecoin stock,"+2,600%"
chad wheeler,"+2,450%"
dogecoin price,"+2,200%"
amc stock,"+2,100%"
dustin diamond,"+1,800%"
groundhog day,"+1,600%"
jason collier,"+1,600%"
groundhog day 2021,"+1,550%"
screech,"+1,250%"
gamestop stock price,"+1,100%"
amc,"+1,050%"
nokia stock,"+1,000%"
gamestop stock,+900%
the dig,+800%
alev aydin,+800%
nok stock,+800%
wallstreetbets,+700%
jared goff,+650%
reddit wallstreetbets,+650%
gme,+600%
gme stock,+600%

