Category: All categories
TOP
weather,100
amazon,86
google,72
youtube,55
news,55
facebook,53
walmart,43
nfl,37
yahoo,26
target,23
apple,22
calculator,21
craigslist,19
nba,19
translate,18
instagram,18
twitter,16
tornado,15
gmail,15
home depot,15
walgreens,15
cvs,15
sports,14
usps,14
netflix,13

RISING
demaryius thomas,Breakout
tornado kentucky,"+4,350%"
vicente fernandez,"+4,250%"
mayfield ky,"+2,550%"
tornado,"+2,200%"
miss universe 2021,"+1,000%"
carmen salinas,+950%
michael nesmith,+900%
the unforgivable,+800%
ufc 269,+800%
larry hoover,+750%
army navy game,+700%
jussie smollett verdict,+600%
and just like that,+500%
army navy game 2021,+400%
harnaaz sandhu,+350%
jussie smollett,+350%
mexico vs chile,+350%
packers,+160%
ufc,+140%
josh duggar,+140%
west side story,+100%
green bay packers,+100%
rams,+90%
champions league,+80%

