Category: All categories
TOP
weather,100
google,68
amazon,60
facebook,54
news,51
youtube,50
walmart,40
irs,34
stimulus check,27
craigslist,27
yahoo,26
calculator,20
get my payment,20
restaurants,20
translate,19
march madness,18
nba,18
home depot,18
unemployment,17
instagram,17
gmail,17
target,16
sports,15
twitter,14
cvs,14

RISING
spring season,"+3,700%"
atlanta shooting,"+3,250%"
colorado shooter,"+2,350%"
boulder active shooter,"+2,000%"
oral roberts,"+1,550%"
boulder colorado,+750%
ncaa scores,+700%
march madness live,+500%
justice league,+450%
march madness,+350%
ucla basketball,+350%
justice league snyder cut,+350%
ncaa basketball scores,+350%
snyder cut,+300%
ncaa tournament,+250%
first day of spring 2021,+250%
march madness 2021,+200%
ncaa basketball,+170%
lebron james,+140%
espn bracket challenge,+130%
cbs sports,+110%
syracuse basketball,+110%
nba youngboy,+90%
krispy kreme,+90%
march madness bracket,+90%

