Category: All categories
TOP
weather,100
google,78
news,64
amazon,61
youtube,58
facebook,57
walmart,41
yahoo,29
craigslist,28
covid vaccine,22
calculator,22
dogecoin,22
home depot,21
translate,21
ford,20
nba,20
gmail,18
instagram,18
twitter,17
lowes,17
fox,16
target,16
unemployment,15
jake paul,14
sports,14

RISING
johannes gutenberg,Breakout
laura bassi,Breakout
helen mccrory,"+3,250%"
verdict chauvin,"+2,950%"
chauvin verdict,"+2,900%"
colton underwood,"+2,800%"
adam toledo,"+2,500%"
jake paul vs ben askren,"+2,000%"
george floyd verdict,"+1,950%"
super league,"+1,600%"
jake paul,"+1,500%"
ben askren,"+1,400%"
adam perkins,"+1,350%"
bernie madoff,"+1,300%"
april 24,"+1,250%"
dogecoin price,"+1,100%"
dogecoin,"+1,050%"
doge,+800%
dogecoin stock,+750%
coin stock,+700%
bad bunny tickets,+550%
derek chauvin,+500%
coinbase stock,+450%
mark mcgrath,+450%
prince philip funeral,+400%

