Category: All categories
TOP
you,100
amazon,52
walmart,49
weather,49
google,43
facebook,36
youtube,36
nfl,34
news,31
apple,25
target,23
best buy,17
yahoo,17
people,15
home depot,15
nba,15
craigslist,14
translate,13
nike,13
costco,13
black friday deals,13
instagram,12
sports,11
lowes,11
twitter,11

RISING
seasonal holidays,Breakout
omicron,Breakout
lotfi zadeh,Breakout
history of thanksgiving,Breakout
omicron variant,Breakout
virgil abloh,"+4,850%"
cyber monday deals,"+2,250%"
new covid variant,"+2,000%"
stores open on thanksgiving,"+1,550%"
lincoln riley,"+1,050%"
stephen sondheim,"+1,050%"
raiders vs cowboys,"+1,000%"
cyber monday deals 2021,+900%
happy thanksgiving,+750%
greek alphabet,+400%
how long to cook a turkey,+400%
ohio state vs michigan,+350%
hawkeye,+300%
encanto,+250%
hanukkah 2021,+200%
kohls black friday,+140%
ahmaud arbery,+140%
house of gucci,+130%
off white,+130%
black friday deals,+120%

