Category: All categories
TOP
you,100
weather,49
google,46
amazon,43
news,39
facebook,35
youtube,34
walmart,29
food,29
nfl,27
yahoo,17
apple,16
translate,14
craigslist,14
nba,13
calculator,13
target,13
travis scott,12
instagram,12
twitter,11
sports,10
home depot,10
election results,10
gmail,10
netflix,10

RISING
charles k. kao,Breakout
dr. kamal ranadive,Breakout
astroworld,"+4,450%"
travis scott concert,"+4,100%"
travis scott,"+3,250%"
new jersey governor race,"+2,150%"
new jersey election results,"+1,850%"
astroworld 2021,"+1,750%"
astroworld festival,"+1,450%"
election results,"+1,200%"
canelo vs plant,"+1,100%"
nj governor race,"+1,050%"
aaron rodgers covid,"+1,000%"
odell beckham jr,+950%
the harder they fall,+900%
jordan love,+800%
ufc 268,+750%
virginia election results,+600%
colin powell,+600%
summer walker,+550%
yellowstone season 4,+550%
winsome sears,+500%
canelo alvarez,+450%
yellowstone,+400%
aaron rodgers,+350%

