Category: All categories
TOP
weather,100
google,67
news,66
facebook,56
amazon,53
youtube,52
walmart,35
hurricane,35
ida,33
yahoo,29
craigslist,24
hurricane ida,22
bloomovie .com,21
reddit,20
nfl,19
calculator,18
translate,18
instagram,17
twitter,17
target,17
home depot,16
fox news,15
jake paul,15
gmail,15
cvs,14

RISING
bloomovie .com,Breakout
hurricane ida,Breakout
ida,Breakout
ed asner,"+2,250%"
ida storm,"+2,000%"
hurricane ida update,"+2,000%"
paul vs woodley,"+1,950%"
jake paul vs tyron woodley,"+1,850%"
jake paul,"+1,650%"
clickbait,"+1,500%"
hurricane katrina,"+1,450%"
spencer elden,+750%
national dog day 2021,+750%
nirvana baby,+700%
paralympics,+450%
steven johnson nfl,+350%
candyman,+350%
us open tennis 2021,+250%
manchester united,+170%
new orleans,+160%
college football schedule,+150%
flash flood watch,+140%
gardner minshew,+140%
hurricane,+120%
weather channel,+100%

