Category: All categories
TOP
you,100
weather,80
google,44
facebook,38
news,36
youtube,35
amazon,33
texas,31
walmart,24
yahoo,17
craigslist,16
calculator,13
stimulus,13
nba,13
translate,13
reddit,12
instagram,12
unemployment,11
netflix,11
home depot,10
gmail,10
twitter,10
target,10
irs,10
stimulus check,9

RISING
zitkala-sa,Breakout
rush limbaugh,"+2,450%"
i care a lot,"+2,250%"
daft punk,"+2,150%"
tiger woods,"+2,000%"
bobby shmurda,"+1,650%"
agatha harkness,"+1,550%"
behind her eyes,"+1,450%"
what dinosaur has 500 teeth,"+1,100%"
ted cruz cancun,+750%
ted cruz,+700%
demi lovato,+300%
naomi osaka,+250%
kim kardashian,+170%
cciv stock,+100%
where my refund,+100%
ash wednesday,+100%
cciv,+90%
neera tanden,+90%
texas power outage,+80%
easter 2021,+60%
champions league,+60%
fedex tracking,+50%
tesla stock,+50%
irs.gov,+50%

