Category: All categories
TOP
you,100
covid,96
weather,74
google,40
amazon,40
news,34
betty white,34
facebook,32
youtube,31
nfl,29
walmart,27
covid testing,23
movies,21
go,19
reddit,16
cvs,15
yahoo,14
walgreens,14
target,13
nba,12
instagram,12
craigslist,11
omicron,11
netflix,11
translate,11

RISING
betty white,Breakout
antonio brown,"+3,750%"
did betty white die,"+3,300%"
boulder fire,"+2,200%"
betty white cause of death,"+2,050%"
colorado fire,"+1,900%"
how did betty white die,"+1,750%"
betty white died,"+1,350%"
harry reid,"+1,350%"
betty white birthday,"+1,200%"
joe gatto,"+1,150%"
happy new year 2022,"+1,050%"
georgia vs michigan,"+1,000%"
happy new year 2022 images,+850%
john madden,+850%
happy new year,+750%
rose bowl 2022,+750%
flurona,+750%
miley cyrus,+700%
cobra kai,+700%
cobra kai cast,+600%
betty white net worth,+550%
alabama football,+500%
ohio state football,+450%
georgia football,+450%

