week_start,vader,textblob,textblob_full,vader_full,,WEIGHTED_spotify_bert_old,WEIGHTED_spotify_flair_old,DJIA,ICC,song_flair_old,song_bert_old
1/3/17,1.095073458,1.118784351,1.036156958,1.06846245,,3.597214101,0.091059729,19881.76,98.5,0.132211426,3.330889383
1/10/17,1.068608524,1.082278755,1.026796198,1.065111839,,3.486711152,-0.009069534,19855.53,98.5,0.018187199,3.197612319
1/17/17,1.052017735,1.101198297,1.0280266,1.056437135,,3.433035639,0.035991853,19826.77,98.5,0.057724767,3.180948054
1/24/17,1.057749244,1.085144621,1.032332966,1.056547118,,3.521329992,0.068947719,19912.71,98.5,0.095629327,3.214145358
1/31/17,1.074470472,1.085319036,1.028910405,1.057785619,,3.501793867,0.084611966,19864.09,98.5,0.108502529,3.190644186
2/7/17,1.091607933,1.099804828,1.036379634,1.065118508,,3.556382163,0.070567704,20090.29,96.3,0.090160969,3.236636251
2/14/17,1.126496202,1.107917143,1.034552367,1.067043924,,3.529949483,0.088505379,20504.41,96.3,0.088777893,3.227970508
2/21/17,1.101377392,1.090481605,1.034344875,1.065100359,,3.508982711,0.065930793,20743,96.3,0.077700514,3.219632647
2/28/17,1.912658703,1.175251524,1.024795571,1.059017097,,3.549791878,0.135520195,20812.24,96.3,0.145366615,3.212367881
3/7/17,1.787738273,1.085523678,1.023465239,1.055650633,,3.5687637,0.023000166,20924.76,96.9,0.033159288,3.212717414
3/14/17,1.822417703,1.095920023,1.022849655,1.057704752,,3.624684052,0.057794585,20837.37,96.9,0.065791107,3.250635374
3/21/17,1.836817356,1.150594582,1.028782573,1.066643105,,3.754992649,0.115032105,20668.01,96.9,0.123055721,3.340098706
3/28/17,1.853691119,1.133050436,1.022473515,1.065814068,,3.677479975,0.026772927,20701.5,96.9,0.043568406,3.261804257
4/4/17,1.813963184,1.098307041,1.023386359,1.061637764,,3.623708137,-0.015866368,20689.24,97,0.00197283,3.213437172
4/11/17,1.795353851,1.071665905,1.020326254,1.069819149,,3.595830548,-0.060327234,20651.3,97,-0.028514923,3.23256272
4/18/17,1.812898991,1.083754833,1.021072981,1.069798203,,3.578614989,-0.091476555,20523.28,97,-0.046443992,3.221094474
4/25/17,1.787264085,1.074851298,1.016787893,1.068930157,,3.621936725,-0.05658234,20996.12,97,-0.011996883,3.225672214
5/2/17,1.764904958,1.074880137,1.020017277,1.060077326,,3.612616664,0.004931319,20949.89,97.1,0.023362105,3.194479628
5/9/17,1.834135949,1.064482142,1.018769616,1.059313344,,3.673684866,0.023876425,20975.78,97.1,0.034258539,3.226977441
5/16/17,1.807563176,1.079691104,1.022305627,1.06295228,,3.651434347,0.069527109,20979.75,97.1,0.098825291,3.22530329
5/23/17,1.795264249,1.100382667,1.020143215,1.056033322,,3.623529655,0.05566861,20937.91,97.1,0.066943243,3.214891803
5/30/17,1.853134158,1.122500555,1.022336744,1.058883517,,3.624899916,0.076364236,21029.47,97.1,0.079200674,3.224499921
6/6/17,1.872472846,1.382498157,1.019323321,1.064100119,,3.55238273,0.099173295,21136.23,95,0.112513983,3.227329752
6/13/17,1.866285995,1.370919306,1.021762794,1.064983025,,3.6092844,0.064439328,21328.47,95,0.055988756,3.215328374
6/20/17,1.880611912,1.37430715,1.023765287,1.072444507,,3.60477485,0.138338427,21467.14,95,0.144415589,3.246142854
6/27/17,1.874295367,1.365283606,1.024227786,1.072439949,,3.626882784,0.134502595,21310.66,95,0.145635497,3.238371007
7/4/17,1.847568268,1.366110107,1.023734096,1.06624107,,3.632801846,0.131853804,21409.07,93.4,0.148126,3.250282429
7/11/17,1.8868437,1.359310566,1.025248409,1.071244728,,3.604544791,0.110833898,21574.73,93.4,0.134543426,3.257840495
7/18/17,1.900401126,1.371372883,1.02354959,1.064149113,,3.624660744,0.128666143,21613.43,93.4,0.125691992,3.184681772
7/25/17,1.922692036,1.394696933,1.023142781,1.071546816,,3.605602439,0.123599693,21963.92,93.4,0.109947084,3.206850055
8/1/17,1.947575225,1.384145995,1.020135431,1.067807356,,3.615120349,0.210616732,22085.34,96.8,0.204944559,3.19677499
8/8/17,1.900679169,1.050249606,1.012785342,1.058985256,,3.530575196,0.207686209,21998.99,96.8,0.162020152,3.139224364
8/15/17,1.938610048,1.123290294,1.019982718,1.068899894,,3.598841883,0.179914268,21899.89,96.8,0.151430113,3.179847218
8/22/17,1.8401442,1.128011509,1.020328649,1.071468016,,3.567788503,0.189120219,21865.37,96.8,0.155197099,3.155456811
8/29/17,1.839647694,1.14583398,1.022620402,1.070819479,,3.597207683,0.119135123,21753.31,96.8,0.093403259,3.178967272
9/5/17,1.835913374,1.124909027,1.021067312,1.07964363,,3.57460316,0.046745023,22118.86,95.1,0.033955598,3.165010553
9/12/17,1.82472403,1.086644701,1.020608041,1.071813147,,3.501605401,-0.098296587,22370.8,95.1,-0.084427893,3.037390922
9/19/17,1.626584321,1.093403497,1.01890064,1.070537554,,3.58126016,-0.025925273,22284.32,95.1,-0.015403682,3.107823427
9/26/17,1.586159709,1.064588167,1.020721693,1.066111912,,3.558436042,-0.025141923,22641.67,95.1,-0.019821762,3.112787793
10/3/17,1.605154532,1.074961111,1.021878912,1.06946155,,3.578700434,-0.023880459,22830.68,100.7,-0.017476734,3.115734484
10/10/17,1.598750681,1.072819303,1.023641617,1.073558575,,3.647669546,-0.007603809,22997.44,100.7,0.003453662,3.174756301
10/17/17,1.610475143,1.058931415,1.02227701,1.074020507,,3.60284944,-0.036194191,23441.76,100.7,-0.034929102,3.12419518
10/24/17,1.660476449,1.077358914,1.02387697,1.084216133,,3.63339635,-0.003650437,23377.24,100.7,0.006455921,3.161588912
10/31/17,1.623809762,1.064767064,1.023113265,1.078566228,,3.609758123,-0.043861465,23557.23,100.7,-0.035268059,3.162629487
11/7/17,1.586647384,1.078301033,1.025844207,1.073978809,,3.619208837,-0.097924211,23409.47,98.5,-0.08567933,3.158830312
11/14/17,1.603040051,1.071440349,1.022077024,1.065501826,,3.62872173,-0.074223287,23590.83,98.5,-0.063239884,3.153534659
11/21/17,1.649663061,1.064692457,1.019010712,1.062909865,,3.554722721,-0.054617775,23836.71,98.5,-0.047679816,3.105959471
11/28/17,1.563015824,1.074596761,1.022244673,1.059938942,,3.523952717,-0.158099402,24180.64,98.5,-0.143230521,3.097364492
12/5/17,1.585840673,1.091061559,1.022664863,1.058321133,,3.493652108,-0.097115501,24504.8,95.9,-0.085752034,3.077181823
12/12/17,1.589260351,1.098865708,1.022791513,1.054333442,,3.408038189,-0.038331753,24754.75,95.9,-0.024346392,3.046635341
12/19/17,1.586366154,1.128478897,1.027203128,1.052999696,,3.440494028,-0.010885659,24746.21,95.9,-0.00242255,3.048189928
12/26/17,1.595008423,1.154941689,1.027398533,1.05287345,,3.470508764,-0.017401102,24824.01,95.9,-0.015132037,3.10217348
1/2/18,1.688312506,1.174909251,1.030170479,1.059133613,,3.376261881,-0.046378831,25385.8,95.7,-0.064659849,3.066802156
1/9/18,1.635406587,1.125114152,1.027835355,1.050416822,,3.426622646,0.003137104,25792.86,95.7,-0.018917766,3.055958614
1/16/18,1.104885709,1.101708923,1.030406502,1.051788571,,3.420269621,-0.011163102,26210.81,95.7,-0.040155546,3.076937568
1/23/18,1.105275456,1.074583238,1.025036741,1.047787888,,3.393508486,-0.037966531,26076.89,95.7,-0.058242085,3.06833863
1/30/18,1.117229514,1.107760713,1.023847673,1.047480781,,3.33031065,-0.08187785,24912.77,95.7,-0.096577787,3.042567353
2/6/18,1.175433418,1.093247761,1.018799577,1.048167937,,3.291159098,-0.156727169,24640.45,99.7,-0.188425227,2.99888734
2/13/18,1.148760318,1.095447745,1.021289632,1.054153913,,3.31235214,-0.030028311,24964.75,99.7,-0.041626117,3.037492157
2/20/18,1.126847207,1.07542428,1.020270915,1.052626955,,3.319545885,-0.048565942,25410.03,99.7,-0.058279012,3.007722083
2/27/18,1.095355563,1.0596979,1.021076357,1.054416222,,3.347678752,-0.038713759,24884.12,99.7,-0.055707811,3.02552308
3/6/18,1.122808638,1.072619784,1.017352486,1.046462238,,3.262081778,-0.076240931,25007.03,101.4,-0.073243127,2.966944878
3/13/18,1.086918308,1.034251939,1.015127969,1.044857201,,3.252969651,-0.168665518,24727.27,101.4,-0.163041179,2.951037071
3/20/18,1.102606466,1.044504078,1.012145545,1.03634126,,3.134970334,-0.188742836,23857.71,101.4,-0.191180767,2.899944432
3/27/18,1.076229249,1.046368159,1.012969674,1.043235522,,3.279757855,-0.205113807,24033.36,101.4,-0.182557448,2.971561518
4/3/18,1.073310166,1.037618185,1.016533694,1.044671053,,3.265892395,-0.159515478,24408,98.8,-0.151180592,2.952466849
4/10/18,1.122139614,1.054862426,1.019633961,1.048492627,,3.302580294,-0.147038699,24786.63,98.8,-0.139333224,2.992869615
4/17/18,1.130840417,1.096663885,1.016545073,1.049330106,,3.322679832,-0.172541631,24024.13,98.8,-0.174467163,3.02962533
4/24/18,1.132834452,1.093704381,1.02043053,1.051988042,,3.353824275,-0.139949902,24099.05,98.8,-0.159200634,3.050526414
5/1/18,1.239099489,1.137800813,1.02177117,1.05654717,,3.340011865,-0.156115217,24360.21,98,-0.16867187,3.05996714
5/8/18,1.219405631,1.119860502,1.01929813,1.052746113,,3.313051483,-0.214303999,24706.41,98,-0.206373543,3.03713841
5/15/18,1.145958317,1.115904114,1.016860554,1.050335071,,3.312026578,-0.176067695,24834.41,98,-0.16131846,3.055997289
5/22/18,1.152995518,1.05908293,1.017385608,1.057937506,,3.378571259,-0.220074059,24361.45,98,-0.209452026,3.019691642
5/29/18,1.145112739,1.060129077,1.018466446,1.057984727,,3.340343384,-0.23554402,24799.98,98,-0.211729457,3.029115909
6/5/18,1.125516311,1.082088682,1.017916413,1.060900175,,3.394669072,-0.245356528,25320.73,98.2,-0.228035949,3.077140707
6/12/18,1.124724897,1.065451801,1.016281354,1.063344928,,3.48319992,-0.129430986,24700.21,98.2,-0.148093246,3.091377587
6/19/18,1.143698886,1.068590123,1.016449322,1.067445593,,3.461436804,-0.064973495,24283.11,98.2,-0.08056259,3.094386599
6/26/18,1.065734016,1.037226996,1.019858917,1.06109222,,3.436382474,-0.10614271,24174.82,98.2,-0.095197719,3.043553754
7/3/18,1.049060195,1.057372863,1.016846801,1.05938856,,3.410346083,-0.203673422,24919.66,97.9,-0.177757862,3.034776239
7/10/18,1.041112382,1.047909632,1.018407475,1.064448888,,3.361371082,-0.290769722,25119.89,97.9,-0.275925157,3.077827124
7/17/18,1.047472404,1.0529539,1.017278815,1.061750978,,3.377022206,-0.250613061,25241.94,97.9,-0.239583651,3.114697829
7/24/18,1.031991586,1.044808333,1.022023242,1.072416527,,3.471866375,-0.137207562,25415.19,97.9,-0.136444188,3.147333629
7/31/18,1.034433095,1.056997477,1.021066384,1.074643384,,3.580734521,-0.08070804,25628.91,97.9,-0.081450855,3.188332848
8/7/18,1.044580545,1.043862316,1.022415065,1.083102179,,3.521578522,-0.089661811,25299.92,96.2,-0.094714997,3.17198972
8/14/18,1.064391553,1.090215843,1.022172951,1.086730005,,3.580030964,-0.100433917,25822.29,96.2,-0.119162219,3.161595222
8/21/18,1.071827768,1.090288691,1.020427531,1.078474109,,3.488243049,-0.125151931,26064.02,96.2,-0.150534071,3.131371805
8/28/18,1.155097464,1.161463463,1.037411667,1.092214997,,3.587422709,-0.121402639,25952.48,96.2,-0.122960625,3.209008411
9/4/18,1.097947178,1.118108889,1.026155244,1.074855756,,3.56319865,-0.091923057,25971.06,100.1,-0.09868854,3.153010075
9/11/18,1.096819667,1.113989972,1.028602301,1.073363014,,3.465531153,-0.159281241,26246.96,100.1,-0.18235649,3.13377503
9/18/18,1.106500658,1.115749721,1.02705539,1.079701166,,3.502010714,-0.125924124,26492.21,100.1,-0.149902931,3.122219458
9/25/18,1.11478737,1.126514001,1.028302811,1.073363707,,3.498314785,-0.177580078,26773.94,100.1,-0.190273591,3.114729049
10/2/18,1.08699119,1.140985474,1.025154803,1.070354032,,3.481201747,-0.142340123,26430.57,98.6,-0.155611849,3.090691325
10/9/18,1.109161981,1.151098485,1.022862451,1.055170079,,3.208144838,-0.166153453,25798.42,98.6,-0.201542862,3.027067635
10/16/18,1.493235189,1.20162175,1.02467577,1.055750579,,3.395277157,-0.14615958,25191.43,98.6,-0.185690392,3.062502242
10/23/18,1.133959004,1.1914022,1.02480422,1.066428227,,3.355442353,-0.069232386,24874.64,98.6,-0.121154794,3.025656698
10/30/18,1.051259495,1.142174549,1.019838762,1.065089163,,3.413299611,-0.157983171,25635.01,98.6,-0.188389329,3.013728991
11/6/18,1.06003368,1.178951552,1.019374327,1.06072757,,3.424518198,-0.127809129,25286.49,97.5,-0.15062757,3.01106826
11/13/18,1.099134663,1.156882165,1.026090869,1.068467548,,3.479322793,-0.172642325,24465.64,97.5,-0.191494577,3.009966072
11/20/18,1.140199543,1.17851128,1.025168582,1.075902756,,3.489960258,-0.133131244,24748.73,97.5,-0.15752873,3.048187716
11/27/18,1.208660564,1.174145517,1.032527832,1.076354386,,3.499358114,-0.103273125,25027.07,97.5,-0.132003471,3.086991074
12/4/18,1.217460894,1.217013381,1.031484412,1.072637575,,3.545798386,-0.075559356,24370.24,98.3,-0.091446281,3.174101638
12/11/18,1.124561354,1.212602881,1.022213833,1.061300794,,3.298360061,-0.177488456,23675.64,98.3,-0.186418901,3.098456061
12/18/18,1.135946898,1.204427785,1.024592769,1.074442545,,3.453181561,0.019082208,23787.45,98.3,0.030611337,3.221460436
12/25/18,1.26816075,1.304761893,1.03567076,1.091013957,,3.531498252,0.091006075,24065.59,98.3,0.126450233,3.38659563
1/1/19,1.282272106,1.276246819,1.0312892,1.090044605,,3.49628205,0.019079633,24404.48,91.2,0.055558871,3.370153626
1/8/19,1.206422336,1.188567035,1.030834603,1.077303748,,3.55193833,-0.067709739,24579.96,91.2,-0.069010125,3.161583148
1/15/19,1.20684922,1.19183115,1.030136693,1.075030907,,3.560124313,-0.108142851,25411.52,91.2,-0.105824831,3.176071083
1/22/19,1.232296274,1.169879413,1.028302442,1.074265221,,3.590319549,-0.121270615,25425.76,91.2,-0.126776476,3.175559664
1/29/19,1.114475961,1.166937975,1.028691536,1.079801541,,3.533614771,-0.116932789,25891.32,91.2,-0.118607416,3.170212967
2/5/19,1.136257308,1.157033852,1.026758818,1.075297983,,3.571242734,-0.127258391,26057.98,93.8,-0.13580322,3.137603653
2/12/19,1.213427602,1.146043555,1.02298913,1.064116637,,3.555952293,-0.137757364,25806.63,93.8,-0.138772408,3.148777954
2/19/19,1.167867275,1.136720306,1.024883878,1.074631769,,3.543427507,-0.175434516,25554.66,93.8,-0.167369624,3.126756161
2/26/19,1.172475282,1.133922976,1.028290656,1.07990584,,3.604578108,-0.095497238,25887.38,93.8,-0.089980144,3.171992622
3/5/19,1.133920678,1.117720911,1.026890107,1.067039312,,3.482371235,-0.145676493,25657.73,98.4,-0.166356081,3.123069071
3/12/19,1.109890568,1.151271792,1.030818691,1.074854518,,3.606049305,-0.022573368,26179.13,98.4,-0.031964843,3.174653058
3/19/19,1.072345687,1.163145955,1.031256601,1.073820699,,3.69153958,-0.023717305,26150.58,98.4,-0.036598943,3.212595445
3/26/19,1.092163834,1.145353948,1.025795177,1.069688292,,3.634041424,-0.030090178,26452.66,98.4,-0.043342271,3.187866179
4/2/19,1.096056824,1.153178624,1.029005184,1.069504777,,3.619699044,-0.073319703,26656.39,97.2,-0.075280933,3.191791179
4/9/19,1.172927848,1.123818722,1.025354407,1.071340533,,3.640783994,-0.154359004,26592.91,97.2,-0.131184544,3.184120409
4/16/19,1.170565838,1.104651015,1.023018177,1.073461805,,3.567685351,-0.077611247,25965.09,97.2,-0.083668705,3.16293382
4/23/19,1.157975921,1.104736727,1.027499091,1.073180477,,3.592291859,-0.078646789,25532.05,97.2,-0.081375436,3.149802835
4/30/19,1.176667665,1.140738143,1.033275194,1.078245692,,3.595861406,-0.059188319,25877.33,97.2,-0.065582775,3.148349305
5/7/19,1.168140232,1.147286688,1.036674714,1.073309639,,3.55755595,0.023085983,25347.77,100,-0.005071158,3.126239241
5/14/19,1.393772902,1.356266436,1.029759502,1.072479924,,3.584572004,-0.004812132,25332.18,100,-0.018715735,3.154734075
5/21/19,1.409672042,1.363983986,1.031612299,1.079733804,,3.548140821,0.02003855,26048.51,100,0.036225646,3.123083481
5/28/19,1.270231896,1.359495684,1.033352914,1.068322982,,3.457789406,0.003401734,26465.54,100,0.028012223,3.105139205
6/4/19,1.461685519,1.403350913,1.031389404,1.05991698,,3.450405628,0.047436822,26548.22,98.2,0.058073454,3.090615668
6/11/19,1.451197057,1.37816837,1.02617133,1.053955449,,3.400810296,0.065695307,26786.68,98.2,0.054716688,3.095474186
6/18/19,1.524063756,1.402461284,1.027901178,1.067138184,,3.414612182,0.161091737,26783.49,98.2,0.141558179,3.118453414
6/25/19,1.479586211,1.415227155,1.031076263,1.063115592,,3.473504957,0.137355834,27335.63,98.2,0.126624974,3.14734273
7/2/19,1.493694658,1.414946745,1.029654087,1.060169991,,3.466387692,0.117455736,27349.19,98.4,0.10943057,3.150129043
7/9/19,1.485212124,1.414000239,1.036879586,1.06380137,,3.484810643,0.079466998,27198.02,98.4,0.0611363,3.135924889
7/16/19,1.458716422,1.430174376,1.026582338,1.0561541,,3.444070532,0.021405266,26029.52,98.4,0.026094302,3.093280276
7/23/19,1.349398988,1.426732238,1.026758075,1.059123555,,3.418990684,0.011682058,26279.91,98.4,0.027012615,3.103769317
7/30/19,1.354345455,1.431411052,1.024894175,1.050907759,,3.368960595,-0.077223821,25962.44,98.4,-0.051049447,3.074800752
8/6/19,1.352178602,1.413126757,1.026606413,1.054014547,,3.286450947,-0.149893846,25777.9,89.8,-0.138252873,3.06038741
8/13/19,1.331449343,1.377899804,1.017507154,1.049921021,,3.218213969,-0.154433514,26118.02,89.8,-0.160658002,3.038004393
8/20/19,1.349052403,1.381636825,1.014880838,1.038717518,,3.19224656,-0.162754873,26909.43,89.8,-0.162927127,3.024346754
8/27/19,1.337275953,1.386618952,1.01165116,1.041246226,,3.235914386,-0.11308275,27110.8,89.8,-0.12496309,3.037565531
9/3/19,1.344694802,1.410676461,1.021493219,1.042747048,,3.458733641,-0.12096204,26807.77,93.2,-0.100971144,3.077190997
9/10/19,1.35329293,1.413450193,1.02925971,1.049591611,,3.341055306,-0.105236317,26573.04,93.2,-0.098649499,3.034543949
9/17/19,1.291251657,1.369091096,1.006078944,1.028401121,,3.295666068,-0.18486763,26164.04,93.2,-0.160457458,3.02266788
9/24/19,1.232266879,1.341240636,1.003355628,1.024349067,,3.242803792,-0.203123529,27024.8,93.2,-0.178207372,2.983521235
10/1/19,1.2466124,1.353987397,1.018402276,1.033762018,,3.302701939,-0.127668355,26788.1,95.5,-0.124667913,3.013474617
10/8/19,1.022713472,1.159362697,1.019914991,1.031408831,,3.152073342,-0.209417423,27071.42,95.5,-0.221060278,2.956760707
10/15/19,1.034613744,1.097833373,1.022911971,1.042834755,,3.313031623,-0.151977161,27492.63,95.5,-0.146405866,3.05180373
10/22/19,1.029304916,1.123468701,1.020634541,1.033756882,,3.275528904,-0.163381611,27691.49,95.5,-0.167483974,3.01811536
10/29/19,1.02286697,1.129585661,1.029248713,1.047442354,,3.295877329,-0.1361021,27934.02,95.5,-0.137484347,3.041199957
11/5/19,1.068424463,1.125076158,1.032414844,1.067767155,,3.363430872,-0.094925794,28121.68,96.8,-0.095451386,3.18004017
11/12/19,1.053391432,1.136606373,1.03364968,1.066336156,,3.305056633,-0.165038367,27502.81,96.8,-0.170825682,3.115259614
11/19/19,1.017027707,1.133695848,1.026269251,1.058457626,,3.286079477,-0.101279172,27881.72,96.8,-0.101865271,3.105913294
11/26/19,1.170506389,1.10095055,1.026739058,1.049223688,,3.317433665,-0.083748059,28267.16,96.8,-0.103869627,3.080135566
12/3/19,1.06163093,1.122588305,1.031710491,1.059465014,,3.376659282,-0.074876869,28515.45,96.8,-0.09739463,3.127672775
12/10/19,1.079925738,1.140309519,1.027416145,1.058856971,,3.295140761,0.031987579,28538.44,99.3,0.033927474,3.171663676
12/17/19,1.127587322,1.146211262,1.029782807,1.058093812,,3.412234321,0.069350064,28583.68,99.3,0.046242726,3.199409886
12/24/19,1.088159989,1.193724247,1.03748654,1.055065318,,3.421018177,0.001999171,28939.67,99.3,-0.00336899,3.198695712
12/31/19,1.239830043,1.228015694,1.034026338,1.072449034,,3.430805153,0.164522692,29196.04,99.3,0.162443209,3.301214336
1/7/20,1.08775329,1.095361156,1.027590969,1.059121332,,3.446365688,-0.061089273,28722.85,99.8,-0.074003355,3.083263608
1/14/20,1.071215101,1.105481902,1.027558366,1.059132534,,3.399500513,-0.104167513,28807.63,99.8,-0.104733192,3.085751917
1/21/20,1.062897855,1.077027554,1.030761626,1.061611595,,3.320663566,-0.114725537,29276.34,99.8,-0.116679299,3.099629373
1/28/20,1.071615132,1.903747853,1.027721476,1.063416024,,3.256103849,-0.180532558,29232.19,99.8,-0.1642187,3.0351445
2/4/20,1.075467933,1.084485992,1.029061149,1.060688956,,3.272344564,-0.142038666,27081.36,101,-0.119417603,3.067600289
2/11/20,1.062895381,1.091708028,1.028317422,1.057711019,,3.186208593,-0.183631183,25917.41,101,-0.152397541,3.046991084
2/18/20,1.135532516,1.106541963,1.030597198,1.063094059,,3.272720005,-0.196870358,25018.16,101,-0.167722626,3.064915256
2/25/20,1.104337861,1.078135854,1.024840242,1.056730553,,3.177180262,-0.193293404,21237.38,101,-0.151031778,3.027075085
3/3/20,1.163461211,1.076918201,1.021285496,1.050286184,,3.141164621,-0.217531306,20704.91,89.1,-0.177052774,2.973048487
3/10/20,1.111089234,1.085644238,1.024152772,1.052065142,,3.174686708,-0.208053597,21917.16,89.1,-0.195251508,2.887607671
3/17/20,1.114600822,1.078474911,1.026061304,1.067387747,,3.103614196,-0.276336976,22653.86,89.1,-0.272112395,2.940084314
3/24/20,1.138472619,1.071740371,1.027942381,1.066352487,,3.130927917,-0.394890304,23949.76,89.1,-0.373304953,2.955598134
3/31/20,1.082430477,1.078725843,1.027141087,1.053910718,,3.234394393,-0.399620135,23018.88,89.1,-0.358238401,2.977262567
4/7/20,1.117132852,1.063902768,1.024504746,1.05240319,,3.242413177,-0.302383834,24101.55,71.8,-0.247317148,2.987582969
4/14/20,1.08751818,1.039151896,1.024472439,1.050181498,,3.212741707,-0.393914533,23883.09,71.8,-0.363441842,2.996217387
4/21/20,1.10217072,1.056316492,1.024408853,1.049262751,,3.2586614,-0.393171635,23764.78,71.8,-0.342341951,2.999067438
4/28/20,1.068491582,1.066190392,1.032074113,1.059570054,,3.227938432,-0.418886486,24206.86,71.8,-0.409808223,3.004050764
5/5/20,1.057754825,1.143816496,1.036574764,1.067518403,,3.301973567,-0.394791839,24995.11,72.3,-0.377093022,3.026287047
5/12/20,1.064076252,1.053338401,1.031083783,1.062639362,,3.263597388,-0.389312824,25742.65,72.3,-0.37021022,2.982937242
5/19/20,1.056087506,1.01758157,1.02883741,1.053863636,,3.258369643,-0.363697685,27272.3,72.3,-0.340325032,2.968086267
5/26/20,1.095703263,1.081574858,1.023526662,1.04494133,,3.25707701,-0.392597971,26289.98,72.3,-0.356440357,2.931641304
6/2/20,1.898581738,1.761157494,1.027831131,1.053674889,,3.272235199,-0.335023397,26156.1,78.1,-0.315472444,2.944918308
6/9/20,1.8010834,1.779902431,1.032431902,1.059608882,,3.36787768,-0.300357346,25812.88,78.1,-0.284493121,3.007993328
6/16/20,1.81427288,1.872196381,1.03491026,1.064216116,,3.352777311,-0.29095728,25890.18,78.1,-0.270480544,3.036935917
6/23/20,1.821737703,1.865352761,1.034221835,1.055163097,,3.303000359,-0.295274478,26642.59,78.1,-0.27502354,2.985914455
6/30/20,1.814547196,1.866831906,1.036609235,1.064346596,,3.319586716,-0.264950925,26840.4,78.1,-0.246366282,2.991214657
7/7/20,1.840734035,1.88025003,1.038688144,1.064018211,,3.336082256,-0.218003377,26379.28,72.5,-0.208307107,3.020902567
7/14/20,1.972035925,1.8829543,1.039134511,1.07111338,,3.241092401,-0.316622419,26828.47,72.5,-0.30454685,2.944186343
7/21/20,1.830310925,1.873332834,1.038711919,1.061990177,,3.315787387,-0.385213557,27686.91,72.5,-0.3640717,2.98973782
7/28/20,1.852660835,1.915392534,1.04188818,1.061936516,,3.355309211,-0.340979279,27778.07,72.5,-0.331872211,3.015907216
8/4/20,1.850146649,1.901340886,1.035261178,1.051908371,,3.326862004,-0.359353838,28248.44,74.1,-0.322696636,2.98085667
8/11/20,1.848294615,1.903565102,1.043645599,1.064909338,,3.346411982,-0.356358467,28645.66,74.1,-0.320299777,2.986710123
8/18/20,1.85722769,1.973127081,1.045370482,1.069060588,,3.350855532,-0.388014217,27500.89,74.1,-0.357896336,3.012077486
8/25/20,1.882907828,1.992552506,1.044009038,1.068066721,,3.382254819,-0.43138067,27995.6,74.1,-0.378678502,3.00473431
9/1/20,1.902724615,2.001687365,1.045622435,1.070885148,,3.357443664,-0.461663272,27288.18,80.4,-0.407875898,2.977821636
9/8/20,1.896149268,1.989902214,1.045437179,1.076991492,,3.361423271,-0.42087048,27452.66,80.4,-0.365902908,2.989843642
9/15/20,1.901022536,2.005105504,1.043110282,1.07098869,,3.309046842,-0.365538381,27772.76,80.4,-0.31404242,2.958744951
9/22/20,1.860212749,1.99358674,1.04015014,1.063405396,,3.268874801,-0.439837721,28679.81,80.4,-0.402089787,2.935705198
9/29/20,1.880957921,2.030674497,1.04136862,1.073628331,,3.232717947,-0.386220116,28308.79,80.4,-0.327798579,2.969763685
10/6/20,1.874709336,2.01352654,1.044219798,1.077665957,,3.281099199,-0.381487477,27463.19,81.8,-0.31525984,2.999065236
10/13/20,1.860122325,2.005728366,1.044323731,1.07515641,,3.304220212,-0.350250417,27480.03,81.8,-0.316645827,3.014352599
10/20/20,1.877967778,2.028058572,1.045930029,1.077698168,,3.373652974,-0.258534933,29420.92,81.8,-0.217635829,3.051700956
10/27/20,1.896453698,1.960975428,1.041556528,1.07418096,,3.292149102,-0.264481628,29783.35,81.8,-0.241056247,3.03671055
11/3/20,1.906146404,1.941828994,1.046949968,1.078108171,,3.35566515,-0.330134069,30046.24,76.9,-0.285607237,3.072225769
11/10/20,1.935891837,1.950216299,1.048392712,1.088507799,,3.405907517,-0.323212839,29823.92,76.9,-0.276678283,3.103125079
11/17/20,1.933921558,1.964702862,1.04917548,1.078760191,,3.350795601,-0.378720592,30173.88,76.9,-0.357168114,3.054434184
11/24/20,1.939146282,1.960233806,1.042081439,1.079414876,,3.257637871,-0.357664144,30199.31,76.9,-0.318266254,3.050736459
12/1/20,1.909515995,2.737641824,1.050117683,1.102234086,,3.209384766,-0.246656858,30015.51,80.7,-0.190154459,3.030103822
12/8/20,2.062398761,2.344501703,1.050810259,1.100839999,,3.224887583,-0.014273773,30335.67,80.7,0.06774106,3.188324882
12/15/20,1.252102005,1.508254371,1.046022008,1.103244096,,3.241259781,-0.101194975,30391.6,80.7,0.00640017,3.314594829
12/22/20,1.251778934,1.17190419,1.031921221,1.090565517,,3.235124792,-0.091848504,31068.69,80.7,0.006732776,3.332536066
12/29/20,1.548894061,1.213443476,1.038759775,1.093719636,,3.131589794,-0.08967995,30930.52,80.7,0.042619923,3.418643878
1/5/21,1.496587493,1.556838931,1.036858374,1.076820459,,3.271330454,-0.296003509,30937.04,79,-0.242575759,3.124800988
1/12/21,1.435292765,1.636322183,1.039932513,1.066262406,,3.218168352,-0.368755161,30687.48,79,-0.322921189,3.036285713
1/19/21,1.413030182,1.523549119,1.032199437,1.065196377,,3.196086299,-0.490547479,31375.83,79,-0.424061898,2.981108233
1/26/21,1.396530329,1.52662254,1.034901653,1.069403831,,3.175687913,-0.436375992,31522.75,79,-0.366468563,2.989403732
2/2/21,1.414283725,1.550344876,1.032232774,1.062948511,,3.217551694,-0.419119885,31537.35,76.8,-0.350785082,2.980927629
2/9/21,1.383731252,1.505648756,1.025934907,1.056790737,,3.138534779,-0.474006347,31391.52,76.8,-0.404525011,2.935692189
2/16/21,1.371114098,1.504727208,1.030535483,1.052733205,,3.090440424,-0.426542543,31832.74,76.8,-0.366157167,2.946762449
2/23/21,1.379915867,1.520725079,1.032122301,1.05960273,,3.10573364,-0.371610706,32825.95,76.8,-0.320852443,2.985634681
3/2/21,1.365204412,1.492539884,1.030950527,1.054757458,,3.114777421,-0.295557359,32423.15,84.9,-0.267283813,2.96483739
3/9/21,1.360548272,1.500461036,1.032745644,1.056094364,,3.122007835,-0.314456857,33066.96,84.9,-0.283860477,2.965712962
3/16/21,1.393231814,1.496526239,1.034327871,1.055274744,,3.18503333,-0.246316292,33430.24,84.9,-0.233036932,2.986659778
3/23/21,1.38754087,1.492180315,1.03109574,1.055940137,,3.178439615,-0.226925149,33677.27,84.9,-0.220122741,2.994237737
3/30/21,1.389058186,1.48335901,1.032264465,1.068386139,,3.281885916,-0.194585906,33821.3,84.9,-0.209056432,3.021188879
4/6/21,1.390676579,1.478361474,1.023540405,1.05801732,,3.175543423,-0.324281724,33984.93,88.3,-0.356485892,2.985478724
4/13/21,1.376117427,1.468422007,1.026243177,1.060422741,,3.194377329,-0.236887915,34133.03,88.3,-0.239287692,2.979156789
4/20/21,1.384553245,1.434030376,1.029322678,1.05874801,,3.246800683,-0.256359122,34269.16,88.3,-0.281456457,2.978577862
4/27/21,1.410800121,1.482426173,1.027705642,1.061983739,,3.20152799,-0.306713897,34060.66,88.3,-0.30781635,2.981088656
5/4/21,1.37120617,1.452754392,1.027205765,1.058815339,,3.128443767,-0.306311873,34312.46,82.9,-0.308323401,2.938172116
5/11/21,1.409040228,1.455810059,1.02608336,1.062694769,,3.138837864,-0.331019884,34575.31,82.9,-0.326177009,2.939812909
5/18/21,1.379694897,1.435898357,1.030492904,1.06615729,,3.158976842,-0.288935295,34599.82,82.9,-0.285697861,2.959067586
5/25/21,1.057535283,1.056883415,1.026126126,1.059398519,,3.155199743,-0.352818823,34299.33,82.9,-0.388016816,2.962222998
6/1/21,1.096308097,1.080684321,1.029502694,1.060551443,,3.312013771,-0.385587486,33945.58,85.5,-0.398080166,3.004559606
6/8/21,1.099625715,1.078169017,1.028805706,1.067014068,,3.322196188,-0.339624298,34292.29,85.5,-0.332248477,3.009300343
6/15/21,1.105796874,1.076747586,1.028397803,1.061081302,,3.191939651,-0.397936741,34577.37,85.5,-0.39428144,2.941117095
6/22/21,1.116623797,1.073913867,1.023274073,1.055487676,,3.144667568,-0.402215851,34888.79,85.5,-0.394629966,2.905228589
6/29/21,1.122379976,1.082571608,1.027651067,1.071136151,,3.226385313,-0.387903554,34511.99,85.5,-0.370591026,2.974484675
7/6/21,1.142107687,1.090442768,1.026137368,1.067924953,,3.343114948,-0.298282745,35058.52,81.2,-0.275132939,2.991723165
7/13/21,1.137354995,1.112419647,1.027531872,1.068226436,,3.360002401,-0.339660816,35116.4,81.2,-0.311813447,3.027752667
7/20/21,1.1353733,1.110282151,1.02623138,1.064863022,,3.342710466,-0.312395416,35264.67,81.2,-0.285068099,2.996160562
7/27/21,1.154373012,1.115677403,1.027572874,1.066305458,,3.316080458,-0.350597633,35343.28,81.2,-0.321712645,2.998217989
8/3/21,1.123866156,1.116983446,1.029775173,1.067446821,,3.331284792,-0.297138007,35366.26,70.3,-0.281831419,2.96546434
8/10/21,1.131040587,1.14531929,1.029962668,1.066546541,,3.325486845,-0.260723546,35360.73,70.3,-0.230329835,2.968549575
8/17/21,1.147098942,1.138167622,1.025263345,1.058510128,,3.340240222,-0.216413076,35100,70.3,-0.202655907,3.012075184
8/24/21,1.158486136,1.135697297,1.025380521,1.056519807,,3.319040895,-0.249189571,34577.57,70.3,-0.235669948,2.998455041
8/31/21,1.169920689,1.13056588,1.025948191,1.062398337,,3.299166893,-0.178136889,33919.84,70.3,-0.163907604,2.996826685
9/7/21,1.243747167,1.16735463,1.028952326,1.076979408,,3.315489786,-0.230426721,34299.99,72.8,-0.208958458,3.111694607
9/14/21,1.196157467,1.195744946,1.031325398,1.067761399,,3.366474568,-0.257668954,34314.67,72.8,-0.219491583,3.054429826
9/21/21,1.248179533,1.189856314,1.031741155,1.067497848,,3.365754802,-0.233596116,34378.34,72.8,-0.210110133,3.04145045
9/28/21,1.221147688,1.155594508,1.026780794,1.066956566,,3.333698113,-0.233894021,35457.31,72.8,-0.203911667,3.031839771
10/5/21,1.245863594,1.16797554,1.021988624,1.055611897,,3.299667912,-0.318079833,35756.88,71.7,-0.30782386,2.969758185
10/12/21,1.277121018,1.205923018,1.023875797,1.061955232,,3.33596834,-0.212562497,36052.63,71.7,-0.189627981,2.994575343
,,,,,,,,,,-0.179825144,3.042107907
,,,,,,,,,,-0.207944245,2.970277503
,,,,,,,,,,-0.265103496,2.987256919
,,,,,,,,,,-0.226188937,3.011977443
,,,,,,,,,,-0.377206842,3.004250378
,,,,,,,,,,-0.112519524,3.195218233
,,,,,,,,,,-0.103853189,3.17990912
,,,,,,,,,,-0.051848572,3.262689322
,,,,,,,,,,-0.094761177,3.273415068
,,,,,,,,,,-0.080683307,3.335991217
,,,,,,,,,,-0.030398108,3.461090349